{
  "created_process_s": 0.5722217420000001,
  "created_wall_s": 0.5724931029981235,
  "label": "base1_neighbor_4",
  "objective": 0.8657517093080209,
  "paired_score": 0.0,
  "params": {
    "access_bonus": 1.5185190549227703,
    "china_asia_target_bonus": 1.425102953775342,
    "china_early_penalty": -2.622866909062283,
    "control_break_bonus": 5.084030125695429,
    "country_battleground_bonus": 7.217599981231666,
    "country_europe_core_bonus": 1.9662923366146066,
    "country_mid_war_entry_bonus": 1.926168921769803,
    "country_non_battleground_bonus": 0.8519866820009789,
    "country_region_scale": 5.03385289794808,
    "country_stability_scale": 0.6571235301448398,
    "country_thailand_early_bonus": 5.712366493993132,
    "coup_battleground_bonus": 2.570492425147482,
    "coup_defcon2_penalty": -8.227626881657896,
    "coup_defcon3_penalty": -2.6759723056310216,
    "coup_mode_bonus": 3.8772252444802167,
    "early_region_weights": [
      0.6116539487908582,
      1.309214495474768,
      1.100366963578617,
      0.5788882294172368,
      0.5357338970339298,
      0.8330521802690829,
      1.438177896293585
    ],
    "headline_friendly_bonus": 2.064239053286909,
    "headline_ops_scale": 0.6886593385212846,
    "influence_mode_bonus": 6.361806522185656,
    "late_region_weights": [
      1.039427967360747,
      0.9836993603503185,
      0.953161189263422,
      1.0542120429323083,
      0.9510596534492977,
      1.0517417537581324,
      0.6853643098838521
    ],
    "mid_region_weights": [
      0.9248699542185838,
      1.0171013944845755,
      1.0849223438104585,
      0.851164864939321,
      1.246830349378279,
      1.4137168875846118,
      0.9756786412333477
    ],
    "ops_card_penalty": 0.11953465425519896,
    "realign_base_penalty": -4.312763541928974,
    "realign_country_scale": 0.5248548738576105,
    "realign_defcon2_bonus": 2.1633675956400955,
    "realign_mode_bonus": -0.8769905415939403,
    "space_early_bonus": 1.0660896392295447,
    "space_mode_bonus": 0.6879009509304999,
    "space_offside_bonus": 1.9271938463866118,
    "space_when_behind_bonus": 2.2854683628804624
  },
  "proxy_score": 0.8790322580645161,
  "snapshot_id": "candidate_0005",
  "source": "neighbor_of_base_1",
  "speed_penalty": 0.13280548756495203
}
