{
  "created_process_s": 1.37258774,
  "created_wall_s": 1.3691921279969392,
  "label": "base2_neighbor_6",
  "objective": 0.8758693528354633,
  "paired_score": 0.0,
  "params": {
    "access_bonus": 1.426158894488621,
    "china_asia_target_bonus": 1.313112328384353,
    "china_early_penalty": -2.5156643180316456,
    "control_break_bonus": 5.5428118198444585,
    "country_battleground_bonus": 7.048684462939012,
    "country_europe_core_bonus": 1.8157356775066893,
    "country_mid_war_entry_bonus": 2.0707302915634966,
    "country_non_battleground_bonus": 1.1242173211712785,
    "country_region_scale": 4.905399673132309,
    "country_stability_scale": 0.5620246498701051,
    "country_thailand_early_bonus": 6.097098427176561,
    "coup_battleground_bonus": 2.4028817327797727,
    "coup_defcon2_penalty": -8.628188137651204,
    "coup_defcon3_penalty": -2.333301675409337,
    "coup_mode_bonus": 3.9660830359576655,
    "early_region_weights": [
      0.858595538008341,
      1.370226881886395,
      1.0190987667340048,
      0.7266260155028613,
      0.4449536051989087,
      0.5406238959844092,
      1.2909760015045155
    ],
    "headline_friendly_bonus": 2.1278973013543174,
    "headline_ops_scale": 0.7038664413807877,
    "influence_mode_bonus": 6.267733048927533,
    "late_region_weights": [
      1.0530586656825656,
      1.0991192695844965,
      0.8606625120732568,
      0.9084427424724457,
      1.0246935170501796,
      1.1575500491148645,
      0.8138653951177632
    ],
    "mid_region_weights": [
      1.0259893817504944,
      1.0564683003315996,
      1.0316995556265118,
      0.958046773006238,
      1.158445434358421,
      1.3177027674434512,
      0.7148362209836866
    ],
    "ops_card_penalty": 0.1554091721670704,
    "realign_base_penalty": -4.143952319398532,
    "realign_country_scale": 0.5092115663064919,
    "realign_defcon2_bonus": 2.021848019781072,
    "realign_mode_bonus": -1.0331323888061343,
    "space_early_bonus": 1.1260516485675724,
    "space_mode_bonus": 1.028758802261498,
    "space_offside_bonus": 1.9767983119093195,
    "space_when_behind_bonus": 2.060672564258201
  },
  "proxy_score": 0.8790322580645161,
  "snapshot_id": "candidate_0014",
  "source": "neighbor_of_base_2",
  "speed_penalty": 0.03162905229052804
}
