{
  "created_process_s": 1.820775184,
  "created_wall_s": 1.8172496830084128,
  "label": "base3_neighbor_4",
  "objective": 0.8790322580645161,
  "paired_score": 0.0,
  "params": {
    "access_bonus": 1.4423115832873885,
    "china_asia_target_bonus": 1.387585473403767,
    "china_early_penalty": -2.4047812011305094,
    "control_break_bonus": 5.293821943740439,
    "country_battleground_bonus": 6.918597004795142,
    "country_europe_core_bonus": 2.031929184354423,
    "country_mid_war_entry_bonus": 2.075763852126733,
    "country_non_battleground_bonus": 1.261762142351842,
    "country_region_scale": 5.029066267321926,
    "country_stability_scale": 0.539260150314605,
    "country_thailand_early_bonus": 5.872729186582341,
    "coup_battleground_bonus": 2.7224772324965816,
    "coup_defcon2_penalty": -8.052538810558362,
    "coup_defcon3_penalty": -2.5122821026650897,
    "coup_mode_bonus": 3.5494534182028836,
    "early_region_weights": [
      0.8512263441690338,
      1.256480821543306,
      1.0342776798383722,
      0.6714329652388897,
      0.3937005010464467,
      0.5795452676542541,
      1.2736410840140644
    ],
    "headline_friendly_bonus": 1.6840665618942496,
    "headline_ops_scale": 0.8420958007406937,
    "influence_mode_bonus": 5.867399205866244,
    "late_region_weights": [
      1.112015880489228,
      1.0173803630186664,
      1.0065541179877644,
      0.9265642859866697,
      1.1706766797786967,
      0.97761217656239,
      0.6889331141800219
    ],
    "mid_region_weights": [
      0.8871533587456629,
      0.9798366485203103,
      0.9473029855653227,
      0.8808473270907283,
      1.1211132347838073,
      1.2049638085883354,
      0.7328940421353015
    ],
    "ops_card_penalty": 0.187235041636994,
    "realign_base_penalty": -3.9340690301975965,
    "realign_country_scale": 0.5858557913364422,
    "realign_defcon2_bonus": 1.8817621619769884,
    "realign_mode_bonus": -1.021907812758176,
    "space_early_bonus": 0.962696926200873,
    "space_mode_bonus": 0.8973128342700668,
    "space_offside_bonus": 2.145698948462132,
    "space_when_behind_bonus": 1.858901470835847
  },
  "proxy_score": 0.8790322580645161,
  "snapshot_id": "candidate_0019",
  "source": "neighbor_of_base_3",
  "speed_penalty": 0.0
}
