{
  "created_process_s": 6.848853506,
  "created_wall_s": 14.708238902006997,
  "label": "spsa_21_plus",
  "objective": 0.8519693740951149,
  "paired_score": 0.0,
  "params": {
    "coup_mode_bonus": 3.4003653639509936,
    "early_region_weights": [
      0.9687457146703227,
      1.4380412425203386,
      1.0880012436647233,
      0.48902223845105364,
      0.38110522401190683,
      0.47249534475287225,
      1.3950819259948843
    ],
    "influence_mode_bonus": 5.641542510305332,
    "late_region_weights": [
      1.130725722621044,
      1.0285226013531519,
      0.8264584612365695,
      1.0677719337215101,
      1.1057868912743325,
      0.962357872823869,
      0.6461643014335272
    ],
    "mid_region_weights": [
      0.9257406431015794,
      1.0492461444782148,
      1.0308226609738478,
      0.7601528921300069,
      1.202996173060969,
      1.1468105667652122,
      0.7542273221603027
    ],
    "ops_card_penalty": 0.19621379268130953,
    "realign_mode_bonus": -0.9725521719733942,
    "space_mode_bonus": 1.187962666013557
  },
  "proxy_score": 0.8790322580645161,
  "snapshot_id": "candidate_0161",
  "source": "proxy_spsa",
  "speed_penalty": 0.27062883969401264
}
