{
  "created_process_s": 5.563786665,
  "created_wall_s": 13.42543397200643,
  "label": "spsa_16_minus",
  "objective": 0.8619455647196608,
  "paired_score": 0.0,
  "params": {
    "coup_mode_bonus": 3.398458437365153,
    "early_region_weights": [
      0.9781100724750426,
      1.4474056003250584,
      1.0886368858600033,
      0.4796578806463338,
      0.38046958181662666,
      0.4818597025575921,
      1.3857175681901646
    ],
    "influence_mode_bonus": 5.613449436891172,
    "late_region_weights": [
      1.131361364816324,
      1.0378869591578717,
      0.8258228190412894,
      1.07713629152623,
      1.1151512490790523,
      0.9629935150191491,
      0.6467999436288073
    ],
    "mid_region_weights": [
      0.9351050009062993,
      1.039881786673495,
      1.021458303169128,
      0.760788534325287,
      1.1936318152562493,
      1.1461749245699322,
      0.7635916799650226
    ],
    "ops_card_penalty": 0.1990231000227255,
    "realign_mode_bonus": -0.9538234563639545,
    "space_mode_bonus": 1.1892339504041172
  },
  "proxy_score": 0.8790322580645161,
  "snapshot_id": "candidate_0152",
  "source": "proxy_spsa",
  "speed_penalty": 0.17086693344855308
}
