{
  "created_process_s": 5.270814978,
  "created_wall_s": 13.130062969998107,
  "label": "spsa_15_minus",
  "objective": 0.8537324333034235,
  "paired_score": 0.0,
  "params": {
    "coup_mode_bonus": 3.3979665039803235,
    "early_region_weights": [
      0.9782740502699858,
      1.4475695781200018,
      1.0784729080650601,
      0.4794939028513906,
      0.39063355961156987,
      0.47169572476264887,
      1.3958815459851077
    ],
    "influence_mode_bonus": 5.643941370276002,
    "late_region_weights": [
      1.1315253426112675,
      1.038050936952815,
      0.8256588412463461,
      1.0669723137312868,
      1.1049872712841091,
      0.9528295372242058,
      0.6469639214237506
    ],
    "mid_region_weights": [
      0.9249410231113561,
      1.0500457644684382,
      1.0212943253741846,
      0.7506245565303438,
      1.2037957930511924,
      1.1460109467749888,
      0.7637556577599659
    ],
    "ops_card_penalty": 0.19597390668424253,
    "realign_mode_bonus": -0.9534955007740681,
    "space_mode_bonus": 1.1895619059940037
  },
  "proxy_score": 0.8790322580645161,
  "snapshot_id": "candidate_0150",
  "source": "proxy_spsa",
  "speed_penalty": 0.25299824761092626
}
