{
  "created_process_s": 0.410370079,
  "created_wall_s": 8.276362574004452,
  "label": "random_84",
  "objective": 0.7922934330621417,
  "paired_score": 0.0,
  "params": {
    "coup_mode_bonus": 4.011669475017104,
    "early_region_weights": [
      0.8028928559340374,
      1.3052572547194947,
      1.2114595440661458,
      0.5323143202069601,
      0.6609585817631652,
      0.7092478932432618,
      1.2896644229433467
    ],
    "influence_mode_bonus": 5.980450731410604,
    "late_region_weights": [
      1.0108169397823756,
      1.165632573265337,
      0.9747481246710136,
      1.1396801662444307,
      1.2706765436939231,
      1.0520100642477455,
      0.8081218824908597
    ],
    "mid_region_weights": [
      0.821027429644664,
      0.871559469264469,
      0.8584146705560154,
      0.9588965120805784,
      1.3643231740951174,
      1.2145601968216504,
      0.7719918517924643
    ],
    "ops_card_penalty": 0.10510330373961306,
    "realign_mode_bonus": -0.9083569184062705,
    "space_mode_bonus": 1.1740220676914253
  },
  "proxy_score": 0.8145161290322581,
  "snapshot_id": "candidate_0084",
  "source": "random_proxy_search",
  "speed_penalty": 0.22222695970116346
}
