{
  "created_process_s": 0.389050421,
  "created_wall_s": 8.255027243008954,
  "label": "random_31",
  "objective": 0.8043735299485233,
  "paired_score": 0.0,
  "params": {
    "coup_mode_bonus": 3.8522478622118044,
    "early_region_weights": [
      0.625581930052618,
      1.3048847796015277,
      1.3056034039939988,
      0.6327969614691731,
      0.4964840459567253,
      0.6352442096705967,
      1.2916399894210386
    ],
    "influence_mode_bonus": 5.777184213573208,
    "late_region_weights": [
      1.0918697764654186,
      1.1847426211422127,
      1.0055277345260607,
      1.026164629483918,
      1.0870697919522965,
      0.9270594394493858,
      0.6800745081769084
    ],
    "mid_region_weights": [
      0.8900194726740891,
      0.8326810065230759,
      0.9055466407997849,
      0.9513015596111917,
      1.2090555466858857,
      1.1534872737311386,
      1.0662167940195255
    ],
    "ops_card_penalty": 0.1848433145602088,
    "realign_mode_bonus": -1.1031002625349344,
    "space_mode_bonus": 0.8297827140203324
  },
  "proxy_score": 0.8145161290322581,
  "snapshot_id": "candidate_0031",
  "source": "random_proxy_search",
  "speed_penalty": 0.10142599083734849
}
