{
  "created_process_s": 0.844566877,
  "created_wall_s": 8.710155531996861,
  "label": "spsa_1_minus",
  "objective": 0.81343977799019,
  "paired_score": 0.0,
  "params": {
    "coup_mode_bonus": 3.3534584373651533,
    "early_region_weights": [
      0.9931100724750426,
      1.4224056003250585,
      1.1036368858600034,
      0.5046578806463338,
      0.36546958181662664,
      0.45685970255759206,
      1.4107175681901645
    ],
    "influence_mode_bonus": 5.568449436891172,
    "late_region_weights": [
      1.1063613648163242,
      1.0528869591578718,
      0.8508228190412894,
      1.05213629152623,
      1.1301512490790524,
      0.9379935150191491,
      0.6217999436288073
    ],
    "mid_region_weights": [
      0.9101050009062993,
      1.024881786673495,
      1.0064583031691279,
      0.775788534325287,
      1.2186318152562492,
      1.131174924569932,
      0.7785916799650227
    ],
    "ops_card_penalty": 0.2035231000227255,
    "realign_mode_bonus": -1.0038234563639545,
    "space_mode_bonus": 1.1392339504041171
  },
  "proxy_score": 0.8790322580645161,
  "snapshot_id": "candidate_0122",
  "source": "proxy_spsa",
  "speed_penalty": 0.6559248007432619
}
