{
  "created_process_s": 0.414440369,
  "created_wall_s": 8.280428986006882,
  "label": "random_94",
  "objective": 0.801531110355071,
  "paired_score": 0.0,
  "params": {
    "coup_mode_bonus": 4.164828956228394,
    "early_region_weights": [
      0.889237843356423,
      1.3849960689126009,
      1.2875172352881243,
      0.5677426682887362,
      0.4419111049304821,
      0.5961934805484129,
      1.1910191556747272
    ],
    "influence_mode_bonus": 5.836276903832069,
    "late_region_weights": [
      1.076510058075448,
      0.7794490691738556,
      0.945779487065547,
      1.1124138391311438,
      1.0743379907704895,
      0.9887072118620817,
      0.637232099063963
    ],
    "mid_region_weights": [
      0.828104500587779,
      1.1629749004365233,
      0.9482650165990314,
      1.081849780601888,
      1.2543435150602866,
      1.2189008530734,
      0.8319466798762909
    ],
    "ops_card_penalty": 0.17691624555574903,
    "realign_mode_bonus": -1.16189097329403,
    "space_mode_bonus": 0.5747020328874706
  },
  "proxy_score": 0.8145161290322581,
  "snapshot_id": "candidate_0094",
  "source": "random_proxy_search",
  "speed_penalty": 0.12985018677187177
}
