{
  "created_process_s": 0.41905756899999996,
  "created_wall_s": 8.285068514000159,
  "label": "random_105",
  "objective": 0.8467741935483871,
  "paired_score": 0.0,
  "params": {
    "coup_mode_bonus": 3.8400363005945914,
    "early_region_weights": [
      0.8903302392959247,
      1.4546665203823619,
      1.0861062191794049,
      0.7737126352726523,
      0.6127787015112253,
      0.55078205118621,
      1.4297791384200138
    ],
    "influence_mode_bonus": 6.391037763239444,
    "late_region_weights": [
      1.2576780386550064,
      0.9054684873580001,
      0.8072026537062469,
      0.9021213475085282,
      1.0591041415530627,
      0.9680461364814611,
      0.592483053926265
    ],
    "mid_region_weights": [
      0.8089443352827717,
      0.9291707663692955,
      1.0887295175624543,
      1.16470457349159,
      1.1591304244892473,
      1.1876766578450524,
      0.8160950880384821
    ],
    "ops_card_penalty": 0.121972427511873,
    "realign_mode_bonus": -0.6301912938599477,
    "space_mode_bonus": 1.3915193729216073
  },
  "proxy_score": 0.8467741935483871,
  "snapshot_id": "candidate_0105",
  "source": "random_proxy_search",
  "speed_penalty": 0.0
}
