{
  "created_process_s": 0.414957501,
  "created_wall_s": 8.280946219005273,
  "label": "random_96",
  "objective": 0.8319814224907333,
  "paired_score": 0.0,
  "params": {
    "coup_mode_bonus": 4.4025905653822495,
    "early_region_weights": [
      0.8048415052572483,
      1.373133484731,
      1.049226255162692,
      0.754606306334106,
      0.4850420575432721,
      0.6413942002222618,
      1.2265456534655748
    ],
    "influence_mode_bonus": 6.179915737608838,
    "late_region_weights": [
      1.0484905705854493,
      0.8998354971594276,
      0.9143476216168379,
      1.04479419599327,
      1.0123037175075922,
      0.9440905799689334,
      0.8818465847226035
    ],
    "mid_region_weights": [
      0.8096038618606919,
      0.8719567307710963,
      1.0829927389943264,
      0.8633440013482389,
      1.0313768748678114,
      1.1265973079352818,
      0.8520309087562076
    ],
    "ops_card_penalty": 0.17657558465761003,
    "realign_mode_bonus": -1.1217312514740119,
    "space_mode_bonus": 1.0330105337711328
  },
  "proxy_score": 0.8467741935483871,
  "snapshot_id": "candidate_0096",
  "source": "random_proxy_search",
  "speed_penalty": 0.14792771057653908
}
