{
  "created_process_s": 0.423661594,
  "created_wall_s": 8.289668135999818,
  "label": "random_116",
  "objective": 0.8145161290322581,
  "paired_score": 0.0,
  "params": {
    "coup_mode_bonus": 4.6741197530777985,
    "early_region_weights": [
      0.7885829656132834,
      1.3142339448088012,
      1.0887756956842116,
      0.6816995296740901,
      0.4921824642854433,
      0.605571763144989,
      1.4075636636915263
    ],
    "influence_mode_bonus": 5.522075211004782,
    "late_region_weights": [
      1.0530508977448698,
      0.9521647625252948,
      1.0192345735822488,
      0.9136585024105838,
      1.0984821408276972,
      0.9430018310931562,
      0.9089763936876876
    ],
    "mid_region_weights": [
      0.851298777455105,
      1.0176902956609641,
      1.040164341454729,
      1.0949470993641837,
      1.1916400881581004,
      1.3010914168753243,
      1.0660340871710245
    ],
    "ops_card_penalty": 0.12085659291757445,
    "realign_mode_bonus": -1.0242075671828146,
    "space_mode_bonus": 0.814522236731535
  },
  "proxy_score": 0.8145161290322581,
  "snapshot_id": "candidate_0116",
  "source": "random_proxy_search",
  "speed_penalty": 0.0
}
