{
  "created_process_s": 0.394068103,
  "created_wall_s": 8.260040524008218,
  "label": "random_44",
  "objective": 0.8356404864156302,
  "paired_score": 0.0,
  "params": {
    "coup_mode_bonus": 3.8110807362118173,
    "early_region_weights": [
      0.8931208431451313,
      1.4017648979169015,
      1.2395716730088335,
      0.6846383660765729,
      0.7343140130159231,
      0.6456029482928691,
      1.3198765163999453
    ],
    "influence_mode_bonus": 6.443652332807244,
    "late_region_weights": [
      1.064299124045183,
      0.7959415484739705,
      0.9383717538368004,
      1.0739091869014468,
      1.1024273009171954,
      0.9723364207510955,
      0.8257234815245736
    ],
    "mid_region_weights": [
      0.9131922112004773,
      1.1117362606157084,
      1.0437107654857227,
      0.9108688005897618,
      1.3619395289704819,
      1.238018113431046,
      1.0093237107578616
    ],
    "ops_card_penalty": 0.12735058764101997,
    "realign_mode_bonus": -1.1457986614977966,
    "space_mode_bonus": 1.058222594256763
  },
  "proxy_score": 0.8467741935483871,
  "snapshot_id": "candidate_0044",
  "source": "random_proxy_search",
  "speed_penalty": 0.11133707132757009
}
