{
  "label": "random_87_recovered",
  "params": {
    "access_bonus": 1.5201025894164428,
    "china_asia_target_bonus": 1.436983443443095,
    "china_early_penalty": -2.6531111053102987,
    "control_break_bonus": 5.071969527800734,
    "country_battleground_bonus": 7.194039004247652,
    "country_europe_core_bonus": 1.9581582544863088,
    "country_mid_war_entry_bonus": 1.9375474249169213,
    "country_non_battleground_bonus": 0.7726522307245034,
    "country_region_scale": 5.061246844067873,
    "country_stability_scale": 0.6528119943113228,
    "country_thailand_early_bonus": 5.731145877898099,
    "coup_battleground_bonus": 2.552127349752409,
    "coup_defcon2_penalty": -8.290114914580219,
    "coup_defcon3_penalty": -2.7674221523565814,
    "coup_mode_bonus": 3.833615069389863,
    "early_region_weights": [
      0.6347629951058855,
      1.3187811807686127,
      1.0970602901573057,
      0.5784172858744941,
      0.5407723490310911,
      0.8127919957656184,
      1.436099794196961
    ],
    "headline_friendly_bonus": 2.0154589004656596,
    "headline_ops_scale": 0.699694691740169,
    "influence_mode_bonus": 6.313792176851804,
    "late_region_weights": [
      1.0430288073938863,
      0.9546705147903867,
      0.9222134901800503,
      1.0536515839122969,
      0.954934018478082,
      1.052927081112982,
      0.6947159221439461
    ],
    "mid_region_weights": [
      0.9372483925525963,
      1.019839266347062,
      1.0837792972398925,
      0.8584396559669815,
      1.2435909464032069,
      1.3743968216249285,
      0.9622492121065158
    ],
    "ops_card_penalty": 0.12065112515973898,
    "realign_base_penalty": -4.358838575595189,
    "realign_country_scale": 0.5193162105351088,
    "realign_defcon2_bonus": 2.15173374144055,
    "realign_mode_bonus": -0.9104138592934929,
    "space_early_bonus": 1.0483379850744698,
    "space_mode_bonus": 0.6985494128380864,
    "space_offside_bonus": 1.9587213972308029,
    "space_when_behind_bonus": 2.2546419354096185
  },
  "snapshot_id": "candidate_0087_recovered",
  "source": "recovered_from_seed"
}
