{
  "created_process_s": 0.394597006,
  "created_wall_s": 8.260569136007689,
  "label": "random_46",
  "objective": 0.7804025646269316,
  "paired_score": 0.0,
  "params": {
    "coup_mode_bonus": 4.242669565358335,
    "early_region_weights": [
      0.9301317257570493,
      1.4149441457675627,
      1.1483404885534882,
      0.626868703305024,
      0.42202429211882553,
      0.6570041970252434,
      1.1867656270104558
    ],
    "influence_mode_bonus": 6.143347092166934,
    "late_region_weights": [
      1.1041021243663913,
      0.8430546300831556,
      0.9330666013985593,
      0.957434084041006,
      0.886140139122698,
      0.9819418407686341,
      0.7101021974631743
    ],
    "mid_region_weights": [
      0.92065580159249,
      1.0080279272855202,
      0.9161897975913708,
      0.9079515985310741,
      1.412899666069113,
      1.4052885784040843,
      1.026390180435287
    ],
    "ops_card_penalty": 0.1847712197531276,
    "realign_mode_bonus": -1.1942605920249658,
    "space_mode_bonus": 1.2022046786096818
  },
  "proxy_score": 0.8145161290322581,
  "snapshot_id": "candidate_0046",
  "source": "random_proxy_search",
  "speed_penalty": 0.3411356440532649
}
