{
  "created_process_s": 0.40534924899999997,
  "created_wall_s": 8.271347160000005,
  "label": "random_74",
  "objective": 0.7760026020979728,
  "paired_score": 0.0,
  "params": {
    "coup_mode_bonus": 3.974326950113686,
    "early_region_weights": [
      0.7871014771690036,
      1.4340859975695872,
      0.9629242301308124,
      0.7929072872741671,
      0.6560973172892078,
      0.6066532785730447,
      1.2492952695763606
    ],
    "influence_mode_bonus": 6.1091316632408645,
    "late_region_weights": [
      0.9869858789239586,
      0.9211615052874466,
      0.9360966823129179,
      1.06021786333376,
      1.1289768056663563,
      0.9991231825055881,
      0.7550719831821042
    ],
    "mid_region_weights": [
      1.140295583906829,
      1.0148146746587634,
      1.1068428955890564,
      1.0922153840027855,
      1.0877298020719415,
      1.1535799863053118,
      0.8749710172204279
    ],
    "ops_card_penalty": 0.11036833188228576,
    "realign_mode_bonus": -1.2982711907673719,
    "space_mode_bonus": 0.9933972670065558
  },
  "proxy_score": 0.782258064516129,
  "snapshot_id": "candidate_0074",
  "source": "random_proxy_search",
  "speed_penalty": 0.06255462418156221
}
