{
  "created_process_s": 0.425094096,
  "created_wall_s": 8.29109877400333,
  "label": "random_120",
  "objective": 0.8145161290322581,
  "paired_score": 0.0,
  "params": {
    "coup_mode_bonus": 4.43358373944582,
    "early_region_weights": [
      0.8396735337481572,
      1.1631623387768044,
      1.0990656679236797,
      0.6020281588607035,
      0.546161863918599,
      0.7230067130879119,
      1.215068946689447
    ],
    "influence_mode_bonus": 5.742003203713836,
    "late_region_weights": [
      1.2463777841860713,
      0.870404491846172,
      1.1173965429988653,
      1.1407950113439824,
      1.0968478156390993,
      0.8366278137404549,
      0.6870314193181133
    ],
    "mid_region_weights": [
      0.9662008539740061,
      1.1159413509422365,
      1.1475841923091692,
      0.9376338630146591,
      1.1877722444379408,
      1.158462456830754,
      0.8661779526902036
    ],
    "ops_card_penalty": 0.13487557358175975,
    "realign_mode_bonus": -0.6699170116025983,
    "space_mode_bonus": 1.1057522841753822
  },
  "proxy_score": 0.8145161290322581,
  "snapshot_id": "candidate_0120",
  "source": "random_proxy_search",
  "speed_penalty": 0.0
}
