{
  "created_process_s": 0.40073507599999997,
  "created_wall_s": 8.266699416999472,
  "label": "random_61",
  "objective": 0.8467741935483871,
  "paired_score": 0.0,
  "params": {
    "coup_mode_bonus": 3.6752280417129843,
    "early_region_weights": [
      0.8602048339420371,
      1.349731033178639,
      1.2528227691605482,
      0.5358224681764201,
      0.7132410700404297,
      0.640485419518849,
      1.4288049340439195
    ],
    "influence_mode_bonus": 5.8445653498423065,
    "late_region_weights": [
      1.2112356216755955,
      1.1461977045847624,
      0.9335180556076041,
      0.9488998605146535,
      1.1820010770462874,
      0.9823341171657493,
      0.7491705240965462
    ],
    "mid_region_weights": [
      0.9237575071246393,
      0.8477848357680545,
      0.85222940119648,
      0.8209897617158587,
      1.0598141818552922,
      1.125869246956867,
      1.1601382650916605
    ],
    "ops_card_penalty": 0.12056651565676096,
    "realign_mode_bonus": -0.7702245671941745,
    "space_mode_bonus": 1.0064135721759975
  },
  "proxy_score": 0.8467741935483871,
  "snapshot_id": "candidate_0061",
  "source": "random_proxy_search",
  "speed_penalty": 0.0
}
