{
  "created_process_s": 0.424343582,
  "created_wall_s": 8.290349410002818,
  "label": "random_118",
  "objective": 0.8145161290322581,
  "paired_score": 0.0,
  "params": {
    "coup_mode_bonus": 4.270253061845189,
    "early_region_weights": [
      0.8906122668063294,
      1.3894806225212115,
      1.2347107301264744,
      0.6755089401263592,
      0.682189379599252,
      0.5745753507492728,
      1.2664058535711618
    ],
    "influence_mode_bonus": 6.134978335460538,
    "late_region_weights": [
      0.969810456195348,
      1.037004543587776,
      0.9236557269765965,
      1.0203088461575873,
      1.1209477342812093,
      0.9278712566834619,
      0.7455705051008283
    ],
    "mid_region_weights": [
      0.937978568749761,
      0.8851435608928276,
      0.8660609231603813,
      1.0346391023856787,
      1.0804407499583604,
      1.265830071990445,
      0.8620808208622869
    ],
    "ops_card_penalty": 0.1649341481324016,
    "realign_mode_bonus": -1.0559787908039093,
    "space_mode_bonus": 0.5464328412210364
  },
  "proxy_score": 0.8145161290322581,
  "snapshot_id": "candidate_0118",
  "source": "random_proxy_search",
  "speed_penalty": 0.0
}
