{
  "created_process_s": 0.378069238,
  "created_wall_s": 8.24405636600568,
  "label": "random_3",
  "objective": 0.7477343817404221,
  "paired_score": 0.0,
  "params": {
    "coup_mode_bonus": 3.869423206589781,
    "early_region_weights": [
      0.8511809719171954,
      1.3450476012404633,
      1.0081060642113941,
      0.5186373193823626,
      0.40698575884655785,
      0.6814458912866999,
      1.2836804898628382
    ],
    "influence_mode_bonus": 5.538661440999598,
    "late_region_weights": [
      1.184302109769299,
      1.062166711936658,
      0.9125737912362548,
      1.0551076520345821,
      1.062232688865607,
      1.1324856016687983,
      0.9805849717715482
    ],
    "mid_region_weights": [
      0.8797487193608376,
      0.9470720598007193,
      0.8936342499520507,
      0.9587329948464892,
      1.2795333031606617,
      1.1560838779595584,
      0.9626694596378722
    ],
    "ops_card_penalty": 0.16543652318034896,
    "realign_mode_bonus": -0.5744529396246829,
    "space_mode_bonus": 1.0831437926089493
  },
  "proxy_score": 0.8145161290322581,
  "snapshot_id": "candidate_0003",
  "source": "random_proxy_search",
  "speed_penalty": 0.6678174729183604
}
