{
  "created_process_s": 0.40345281099999997,
  "created_wall_s": 8.26945305900881,
  "label": "random_68",
  "objective": 0.782258064516129,
  "paired_score": 0.0,
  "params": {
    "coup_mode_bonus": 4.164268365910569,
    "early_region_weights": [
      0.6610631313338518,
      1.2717865829203152,
      1.0250612282978255,
      0.5058186826170287,
      0.4857261246891098,
      0.7427532326219918,
      1.2167979546303458
    ],
    "influence_mode_bonus": 5.962421908725176,
    "late_region_weights": [
      0.9879016889933601,
      0.9218642539286206,
      1.0147511090829098,
      1.190161079980149,
      1.065691827061712,
      0.8972629125713775,
      0.647030383140602
    ],
    "mid_region_weights": [
      0.9775982873584006,
      1.0479907427655326,
      1.1312034365588337,
      1.1193903921735904,
      1.1375829613138944,
      1.1124374484074349,
      1.0785194983551136
    ],
    "ops_card_penalty": 0.2022553592627697,
    "realign_mode_bonus": -0.9822389435421287,
    "space_mode_bonus": 1.1107145068579174
  },
  "proxy_score": 0.782258064516129,
  "snapshot_id": "candidate_0068",
  "source": "random_proxy_search",
  "speed_penalty": 0.0
}
