{
  "created_process_s": 0.4065407,
  "created_wall_s": 8.272536942997249,
  "label": "random_77",
  "objective": 0.782258064516129,
  "paired_score": 0.0,
  "params": {
    "coup_mode_bonus": 3.5276507980891676,
    "early_region_weights": [
      0.7338222793016201,
      1.30997781115718,
      1.1015138076945095,
      0.5871799411248892,
      0.7120329853257112,
      0.6712702302787806,
      1.2032816961135064
    ],
    "influence_mode_bonus": 6.431008710150982,
    "late_region_weights": [
      0.9090799593875977,
      1.0016919809583393,
      1.1182427336760665,
      1.117824553417988,
      1.0794530354281524,
      1.2942171731773318,
      0.7324637183284398
    ],
    "mid_region_weights": [
      1.0597481945981613,
      0.9974482515297403,
      1.0388247058077256,
      0.9521820239238842,
      1.16767497597977,
      1.0410873059413648,
      0.8193689563683266
    ],
    "ops_card_penalty": 0.11181934656270487,
    "realign_mode_bonus": -1.2429325626164303,
    "space_mode_bonus": 0.7504112254828224
  },
  "proxy_score": 0.782258064516129,
  "snapshot_id": "candidate_0077",
  "source": "random_proxy_search",
  "speed_penalty": 0.0
}
