{
  "created_process_s": 2.5391441710000002,
  "created_wall_s": 10.40267744200537,
  "label": "spsa_6_minus",
  "objective": 0.8527372413622792,
  "paired_score": 0.0,
  "params": {
    "coup_mode_bonus": 3.437953334792985,
    "early_region_weights": [
      0.9812750382843198,
      1.4342406345157812,
      1.0754719200507261,
      0.4764929148370565,
      0.3773046160073494,
      0.48502466836686936,
      1.3825526023808872
    ],
    "influence_mode_bonus": 5.652944334319003,
    "late_region_weights": [
      1.118196399007047,
      1.041051924967149,
      0.8226578532320121,
      1.0639713257169527,
      1.1183162148883297,
      0.9498285492098718,
      0.63363497781953
    ],
    "mid_region_weights": [
      0.921940035097022,
      1.0530467524827722,
      1.0346232689784052,
      0.7639535001345643,
      1.190466849446972,
      1.1593398903792094,
      0.7667566457742999
    ],
    "ops_card_penalty": 0.19997258976550866,
    "realign_mode_bonus": -0.9801533879825091,
    "space_mode_bonus": 1.1955638820226717
  },
  "proxy_score": 0.8790322580645161,
  "snapshot_id": "candidate_0132",
  "source": "proxy_spsa",
  "speed_penalty": 0.26295016702236906
}
