{
  "created_process_s": 0.401347866,
  "created_wall_s": 8.267312629002845,
  "label": "random_62",
  "objective": 0.8145161290322581,
  "paired_score": 0.0,
  "params": {
    "coup_mode_bonus": 3.949996510643359,
    "early_region_weights": [
      0.8851081507190476,
      1.3078142064196512,
      0.974568738360962,
      0.6539441362727999,
      0.6128367398296761,
      0.5905361355660311,
      1.3022481205736016
    ],
    "influence_mode_bonus": 5.973800189834062,
    "late_region_weights": [
      1.114073019597579,
      0.989298473000155,
      1.0068687929594196,
      1.1524615544113166,
      1.089647742402215,
      1.0220512772357901,
      0.7527972169101199
    ],
    "mid_region_weights": [
      0.8013995549021512,
      0.8767580864834583,
      1.0233308561081527,
      0.7285155630043705,
      1.2311089669870756,
      1.374095108333357,
      0.9778426146846526
    ],
    "ops_card_penalty": 0.19179430540744213,
    "realign_mode_bonus": -0.9279306485119756,
    "space_mode_bonus": 1.1505061806048538
  },
  "proxy_score": 0.8145161290322581,
  "snapshot_id": "candidate_0062",
  "source": "random_proxy_search",
  "speed_penalty": 0.0
}
