{
  "created_process_s": 2.681898136,
  "created_wall_s": 10.545233009004733,
  "label": "spsa_7_plus",
  "objective": 0.8532788857337579,
  "paired_score": 0.0,
  "params": {
    "coup_mode_bonus": 3.3907805689846,
    "early_region_weights": [
      0.9806693619352271,
      1.434846310864874,
      1.091196175320188,
      0.49221717010651833,
      0.3930288712768112,
      0.46930041309740755,
      1.3831582787299799
    ],
    "influence_mode_bonus": 5.605771568510618,
    "late_region_weights": [
      1.1188020753561396,
      1.0253276696976872,
      0.8232635295811048,
      1.0796955809864146,
      1.1025919596188678,
      0.9655528044793337,
      0.6493592330889919
    ],
    "mid_region_weights": [
      0.9225457114461147,
      1.0524410761336795,
      1.0340175926293125,
      0.7633478237854716,
      1.1910725257960646,
      1.1587342140301167,
      0.7661509694252072
    ],
    "ops_card_penalty": 0.19525531318467013,
    "realign_mode_bonus": -0.9487048774435854,
    "space_mode_bonus": 1.1943525293244863
  },
  "proxy_score": 0.8790322580645161,
  "snapshot_id": "candidate_0133",
  "source": "proxy_spsa",
  "speed_penalty": 0.2575337233075823
}
