{
  "created_process_s": 0.407922949,
  "created_wall_s": 8.273917206010083,
  "label": "random_79",
  "objective": 0.8145161290322581,
  "paired_score": 0.0,
  "params": {
    "coup_mode_bonus": 4.363794551091684,
    "early_region_weights": [
      0.8325435839015742,
      1.313345179126905,
      1.0395983683545704,
      0.6827885168942371,
      0.5437027937404586,
      0.5301221534141983,
      1.2484423053961557
    ],
    "influence_mode_bonus": 5.9636233168129715,
    "late_region_weights": [
      1.086895400978001,
      1.2513192871446928,
      0.8433246357400626,
      0.9936622868241776,
      1.0461254159315168,
      1.012182718795305,
      0.6303408824180832
    ],
    "mid_region_weights": [
      0.9119262901445478,
      0.8437447564329159,
      0.9900895546272112,
      1.0700895802239851,
      1.169109288554729,
      1.3481882348529959,
      0.8504726603058259
    ],
    "ops_card_penalty": 0.18433578603621298,
    "realign_mode_bonus": -1.217875569875054,
    "space_mode_bonus": 1.2935622574875367
  },
  "proxy_score": 0.8145161290322581,
  "snapshot_id": "candidate_0079",
  "source": "random_proxy_search",
  "speed_penalty": 0.0
}
