{
  "created_process_s": 1.92376404,
  "created_wall_s": 9.788128518004669,
  "label": "spsa_4_minus",
  "objective": 0.8422017164065061,
  "paired_score": 0.0,
  "params": {
    "coup_mode_bonus": 3.443458437365153,
    "early_region_weights": [
      0.9631100724750425,
      1.4324056003250585,
      1.0736368858600034,
      0.4946578806463338,
      0.37546958181662665,
      0.4868597025575921,
      1.3807175681901644
    ],
    "influence_mode_bonus": 5.598449436891172,
    "late_region_weights": [
      1.1163613648163242,
      1.0428869591578718,
      0.8208228190412894,
      1.06213629152623,
      1.1001512490790524,
      0.9679935150191491,
      0.6517999436288073
    ],
    "mid_region_weights": [
      0.9201050009062993,
      1.054881786673495,
      1.0164583031691279,
      0.765788534325287,
      1.1886318152562492,
      1.161174924569932,
      0.7685916799650226
    ],
    "ops_card_penalty": 0.2005231000227255,
    "realign_mode_bonus": -0.9838234563639545,
    "space_mode_bonus": 1.1592339504041171
  },
  "proxy_score": 0.8790322580645161,
  "snapshot_id": "candidate_0128",
  "source": "proxy_spsa",
  "speed_penalty": 0.3683054165801001
}
