{
  "created_process_s": 1.039071276,
  "created_wall_s": 8.904468642009306,
  "label": "spsa_2_plus",
  "objective": 0.8174438114614657,
  "paired_score": 0.0,
  "params": {
    "coup_mode_bonus": 3.4558848442363463,
    "early_region_weights": [
      0.9872522080987735,
      1.4282634647013275,
      1.0977790214837344,
      0.47051574502260285,
      0.3996117174403576,
      0.4627175669338611,
      1.3765754325664334
    ],
    "influence_mode_bonus": 5.6708758437623645,
    "late_region_weights": [
      1.1122192291925932,
      1.0187448235341408,
      0.8166806834175585,
      1.057994155902499,
      1.1242933847027834,
      0.9438513793954182,
      0.6559420792525382
    ],
    "mid_region_weights": [
      0.9442471365300302,
      1.030739651049764,
      1.040600438792859,
      0.7416463987015561,
      1.2127739508799802,
      1.137032788946201,
      0.7727338155887535
    ],
    "ops_card_penalty": 0.2017657407098448,
    "realign_mode_bonus": -0.9355391851164926,
    "space_mode_bonus": 1.1509496791566554
  },
  "proxy_score": 0.8790322580645161,
  "snapshot_id": "candidate_0123",
  "source": "proxy_spsa",
  "speed_penalty": 0.6158844660305038
}
