{
  "created_process_s": 0.42095738499999996,
  "created_wall_s": 8.286966615007259,
  "label": "random_109",
  "objective": 0.8145161290322581,
  "paired_score": 0.0,
  "params": {
    "coup_mode_bonus": 5.110602783810168,
    "early_region_weights": [
      0.792591812070914,
      1.368153279730675,
      0.9859953118452902,
      0.402036234054462,
      0.5634263821576354,
      0.6629707462307453,
      1.2940774708129
    ],
    "influence_mode_bonus": 6.237980605928186,
    "late_region_weights": [
      1.2100810955803007,
      0.7978146582620322,
      1.0485851418865273,
      0.9273646667306328,
      1.0691116913962555,
      0.8982000599936519,
      0.7805151448760967
    ],
    "mid_region_weights": [
      0.9462460291726487,
      1.0987376774432065,
      0.8808619172589716,
      1.0110166148826358,
      1.1597442420056359,
      1.1326674759905606,
      0.7788285893915136
    ],
    "ops_card_penalty": 0.14185459444913034,
    "realign_mode_bonus": -1.0179900472880659,
    "space_mode_bonus": 0.803012608047246
  },
  "proxy_score": 0.8145161290322581,
  "snapshot_id": "candidate_0109",
  "source": "random_proxy_search",
  "speed_penalty": 0.0
}
