{
  "created_process_s": 0.40945182399999996,
  "created_wall_s": 8.27544537599897,
  "label": "random_82",
  "objective": 0.8380692772325322,
  "paired_score": 0.0,
  "params": {
    "coup_mode_bonus": 3.6601159408620996,
    "early_region_weights": [
      1.0736448245760148,
      1.3615438305756185,
      0.9908769389021708,
      0.6333854947803751,
      0.5260870471619202,
      0.6452131989521017,
      1.3442971781526376
    ],
    "influence_mode_bonus": 6.1892372888242075,
    "late_region_weights": [
      1.097503359773202,
      0.9349476612861441,
      1.094521298754355,
      1.0544278481727678,
      1.1817862170313507,
      0.8569768009808723,
      0.7619437982860685
    ],
    "mid_region_weights": [
      0.7672375957550052,
      0.9334339521742846,
      0.8489063889769414,
      0.9619614763669827,
      1.191017497839859,
      1.1598792684298325,
      0.8302646052881264
    ],
    "ops_card_penalty": 0.12100427794425189,
    "realign_mode_bonus": -0.5105196999342837,
    "space_mode_bonus": 1.0169287385146877
  },
  "proxy_score": 0.8467741935483871,
  "snapshot_id": "candidate_0082",
  "source": "random_proxy_search",
  "speed_penalty": 0.08704916315854927
}
