{
  "created_process_s": 0.410654802,
  "created_wall_s": 8.276647728998796,
  "label": "random_85",
  "objective": 0.8423892127322901,
  "paired_score": 0.0,
  "params": {
    "coup_mode_bonus": 3.4235974836511387,
    "early_region_weights": [
      0.7918177088008459,
      1.3772408919748347,
      1.148215455256076,
      0.42366206500492487,
      0.5041929114043465,
      0.4988376036066797,
      1.407578527018509
    ],
    "influence_mode_bonus": 5.994749280978193,
    "late_region_weights": [
      1.0016309953042621,
      1.0941338693502527,
      0.8779712524063737,
      1.1660877012007873,
      1.073165581122253,
      0.9290477006461374,
      0.7333867068915155
    ],
    "mid_region_weights": [
      0.9634208682601971,
      0.8984274459174224,
      0.7761416672807954,
      1.0118355396832783,
      1.1536645291760719,
      1.219340232421374,
      0.953718489186203
    ],
    "ops_card_penalty": 0.17616375187421335,
    "realign_mode_bonus": -1.221574993791576,
    "space_mode_bonus": 0.699090272558986
  },
  "proxy_score": 0.8467741935483871,
  "snapshot_id": "candidate_0085",
  "source": "random_proxy_search",
  "speed_penalty": 0.043849808160970394
}
