{
  "created_process_s": 0.40884257599999996,
  "created_wall_s": 8.274836754004355,
  "label": "random_81",
  "objective": 0.8109724663862534,
  "paired_score": 0.0,
  "params": {
    "coup_mode_bonus": 4.03293528338941,
    "early_region_weights": [
      0.8514654608847573,
      1.3443440183217308,
      1.1372273322651032,
      0.6012169464500147,
      0.5431227983399165,
      0.7262047634104856,
      1.3507649860510393
    ],
    "influence_mode_bonus": 5.610231831148712,
    "late_region_weights": [
      1.1504443735598278,
      1.0368646406637745,
      1.1577114819075238,
      1.0604624879546185,
      1.0910385131971085,
      0.9910772415487166,
      0.5489978572820698
    ],
    "mid_region_weights": [
      1.048458039471895,
      1.2887718908520598,
      0.9134237603130257,
      0.8990914675504603,
      1.2842987827455383,
      1.0677441964511352,
      0.8371979675839132
    ],
    "ops_card_penalty": 0.13499897937174282,
    "realign_mode_bonus": -0.9500573791324345,
    "space_mode_bonus": 1.0130883834445268
  },
  "proxy_score": 0.8145161290322581,
  "snapshot_id": "candidate_0081",
  "source": "random_proxy_search",
  "speed_penalty": 0.03543662646004697
}
