{
  "created_process_s": 2.2465459990000003,
  "created_wall_s": 10.110476330999518,
  "label": "spsa_5_minus",
  "objective": 0.8485569233639259,
  "paired_score": 0.0,
  "params": {
    "coup_mode_bonus": 3.386625621635156,
    "early_region_weights": [
      0.9820543443850417,
      1.4334613284150592,
      1.0925811577700026,
      0.47571360873633467,
      0.3944138537266258,
      0.46791543064759294,
      1.3817732962801652
    ],
    "influence_mode_bonus": 5.655282252621169,
    "late_region_weights": [
      1.117417092906325,
      1.0239426872478725,
      0.8218785471312903,
      1.0631920196162308,
      1.1190955209890516,
      0.94904924310915,
      0.6507442155388065
    ],
    "mid_region_weights": [
      0.9211607289963002,
      1.0359375147634957,
      1.0175140312591286,
      0.7647328062352862,
      1.18968754334625,
      1.1601191964799313,
      0.7496474080550235
    ],
    "ops_card_penalty": 0.19483981844972575,
    "realign_mode_bonus": -0.9817120001839528,
    "space_mode_bonus": 1.1971224942241154
  },
  "proxy_score": 0.8790322580645161,
  "snapshot_id": "candidate_0130",
  "source": "proxy_spsa",
  "speed_penalty": 0.30475334700590295
}
