{
  "created_process_s": 0.41664162099999996,
  "created_wall_s": 8.28262777000782,
  "label": "random_100",
  "objective": 0.7380039575240013,
  "paired_score": 0.0,
  "params": {
    "coup_mode_bonus": 3.951902704771443,
    "early_region_weights": [
      0.8663000504697702,
      1.1685329578345658,
      1.0837330501457414,
      0.5571033968621518,
      0.493101815041939,
      0.5971807927795914,
      1.517632386945629
    ],
    "influence_mode_bonus": 5.510597192595898,
    "late_region_weights": [
      1.0743737203430468,
      0.9290443804765363,
      0.9468114829703131,
      0.988920681852567,
      1.0913846916324954,
      0.9033392133986482,
      0.7289659841117083
    ],
    "mid_region_weights": [
      0.9007996934012775,
      0.9511412033698214,
      1.1545778670975826,
      1.00332187428803,
      1.097326173569653,
      1.2441770877740836,
      0.9080494667364784
    ],
    "ops_card_penalty": 0.14710372451310905,
    "realign_mode_bonus": -0.9552774294398747,
    "space_mode_bonus": 0.8766075695254565
  },
  "proxy_score": 0.782258064516129,
  "snapshot_id": "candidate_0100",
  "source": "random_proxy_search",
  "speed_penalty": 0.44254106992127706
}
