{
  "created_process_s": 0.40605638299999997,
  "created_wall_s": 8.272053638007492,
  "label": "random_76",
  "objective": 0.8467741935483871,
  "paired_score": 0.0,
  "params": {
    "coup_mode_bonus": 3.973378123579007,
    "early_region_weights": [
      0.7582164823180986,
      1.4408235494273949,
      1.2340716145919037,
      0.6499889954868201,
      0.4833991743635115,
      0.5744575778520399,
      1.3516047314777124
    ],
    "influence_mode_bonus": 5.926058131624588,
    "late_region_weights": [
      1.0111031874832617,
      1.0878055744647563,
      0.9788793148958913,
      1.1375685435817975,
      1.1626628092648768,
      0.7645888878544768,
      0.7246833717571747
    ],
    "mid_region_weights": [
      0.9403867368263963,
      1.0876542828724607,
      1.1809777492429623,
      1.0015945941685953,
      1.20639925646912,
      1.1926286451161248,
      0.9595381485595812
    ],
    "ops_card_penalty": 0.16223949245747996,
    "realign_mode_bonus": -1.5642157202542721,
    "space_mode_bonus": 0.8538444964905721
  },
  "proxy_score": 0.8467741935483871,
  "snapshot_id": "candidate_0076",
  "source": "random_proxy_search",
  "speed_penalty": 0.0
}
