{
  "created_process_s": 3.921011623,
  "created_wall_s": 11.782512806006707,
  "label": "spsa_11_plus",
  "objective": 0.8456188496954457,
  "paired_score": 0.0,
  "params": {
    "coup_mode_bonus": 3.3953677566904874,
    "early_region_weights": [
      0.9791402993665979,
      1.4363753734335032,
      1.0896671127515587,
      0.49068810753788905,
      0.3914998087081819,
      0.47082947566603683,
      1.3967477950817198
    ],
    "influence_mode_bonus": 5.610358756216506,
    "late_region_weights": [
      1.1323915917078795,
      1.038917186049427,
      0.8368530459328447,
      1.0781665184177853,
      1.1161814759706077,
      0.9519632881275938,
      0.635769716737252
    ],
    "mid_region_weights": [
      0.924074774014744,
      1.0509120135650503,
      1.0204280762775726,
      0.7497583074337317,
      1.1926015883646939,
      1.1572051514614874,
      0.7525614530734673
    ],
    "ops_card_penalty": 0.1957140319552589,
    "realign_mode_bonus": -0.9517630025808439,
    "space_mode_bonus": 1.1671734966210066
  },
  "proxy_score": 0.8790322580645161,
  "snapshot_id": "candidate_0141",
  "source": "proxy_spsa",
  "speed_penalty": 0.33413408369070496
}
