{
  "created_process_s": 5.424071302,
  "created_wall_s": 13.283040107999113,
  "label": "spsa_16_plus",
  "objective": 0.8489720076394022,
  "paired_score": 0.0,
  "params": {
    "coup_mode_bonus": 3.4284584373651534,
    "early_region_weights": [
      0.9681100724750425,
      1.4374056003250586,
      1.0786368858600035,
      0.4896578806463338,
      0.39046958181662667,
      0.4718597025575921,
      1.3957175681901643
    ],
    "influence_mode_bonus": 5.643449436891172,
    "late_region_weights": [
      1.1213613648163243,
      1.0278869591578719,
      0.8358228190412894,
      1.0671362915262301,
      1.1051512490790525,
      0.9529935150191491,
      0.6367999436288073
    ],
    "mid_region_weights": [
      0.9251050009062993,
      1.0498817866734949,
      1.0314583031691278,
      0.750788534325287,
      1.203631815256249,
      1.156174924569932,
      0.7535916799650226
    ],
    "ops_card_penalty": 0.1960231000227255,
    "realign_mode_bonus": -0.9738234563639545,
    "space_mode_bonus": 1.1692339504041172
  },
  "proxy_score": 0.8790322580645161,
  "snapshot_id": "candidate_0151",
  "source": "proxy_spsa",
  "speed_penalty": 0.3006025042511393
}
