{
  "created_process_s": 4.227523398,
  "created_wall_s": 12.08854992799752,
  "label": "spsa_12_plus",
  "objective": 0.8497187111361283,
  "paired_score": 0.0,
  "params": {
    "coup_mode_bonus": 3.3961379292894645,
    "early_region_weights": [
      0.9788835751669388,
      1.4366320976331621,
      1.077863383168107,
      0.47888437795443756,
      0.3796960791247304,
      0.48263320524948833,
      1.3964910708820608
    ],
    "influence_mode_bonus": 5.611128928815483,
    "late_region_weights": [
      1.1205878621244278,
      1.0271134564659754,
      0.8365963217331857,
      1.0779097942181264,
      1.1159247517709487,
      0.9522200123272528,
      0.6475734463207036
    ],
    "mid_region_weights": [
      0.9243314982144031,
      1.0391082839815986,
      1.0206848004772315,
      0.7500150316333908,
      1.2044053179481455,
      1.1569484272618284,
      0.7528181772731264
    ],
    "ops_card_penalty": 0.1957910492151566,
    "realign_mode_bonus": -0.975370461747747,
    "space_mode_bonus": 1.1676869450203247
  },
  "proxy_score": 0.8790322580645161,
  "snapshot_id": "candidate_0143",
  "source": "proxy_spsa",
  "speed_penalty": 0.2931354692838788
}
