{
  "20": {
    "heuristic": {
      "combined_wr": 0.43333333333333335,
      "us_wr": 0.06666666666666667,
      "ussr_wr": 0.8
    },
    "ppo_us_only_v5": {
      "combined_wr": 0.5333333333333333,
      "us_wr": 0.4,
      "ussr_wr": 0.6666666666666666
    },
    "ppo_ussr_only_v5": {
      "combined_wr": 0.5666666666666667,
      "us_wr": 0.4,
      "ussr_wr": 0.7333333333333333
    },
    "v20": {
      "combined_wr": 0.6,
      "us_wr": 0.4,
      "ussr_wr": 0.8
    },
    "v44": {
      "combined_wr": 0.5333333333333333,
      "us_wr": 0.4,
      "ussr_wr": 0.6666666666666666
    },
    "v54": {
      "combined_wr": 0.5,
      "us_wr": 0.3333333333333333,
      "ussr_wr": 0.6666666666666666
    },
    "v55": {
      "combined_wr": 0.6166666666666667,
      "us_wr": 0.4666666666666667,
      "ussr_wr": 0.7666666666666667
    },
    "v56": {
      "combined_wr": 0.6166666666666667,
      "us_wr": 0.4666666666666667,
      "ussr_wr": 0.7666666666666667
    }
  },
  "40": {
    "heuristic": {
      "combined_wr": 0.45,
      "us_wr": 0.2,
      "ussr_wr": 0.7
    },
    "ppo_us_only_v5": {
      "combined_wr": 0.7166666666666667,
      "us_wr": 0.6666666666666666,
      "ussr_wr": 0.7666666666666667
    },
    "ppo_ussr_only_v5": {
      "combined_wr": 0.55,
      "us_wr": 0.36666666666666664,
      "ussr_wr": 0.7333333333333333
    },
    "v20": {
      "combined_wr": 0.5166666666666667,
      "us_wr": 0.3333333333333333,
      "ussr_wr": 0.7
    },
    "v44": {
      "combined_wr": 0.5333333333333333,
      "us_wr": 0.3,
      "ussr_wr": 0.7666666666666667
    },
    "v54": {
      "combined_wr": 0.6,
      "us_wr": 0.36666666666666664,
      "ussr_wr": 0.8333333333333334
    },
    "v55": {
      "combined_wr": 0.5666666666666667,
      "us_wr": 0.36666666666666664,
      "ussr_wr": 0.7666666666666667
    },
    "v56": {
      "combined_wr": 0.48333333333333334,
      "us_wr": 0.26666666666666666,
      "ussr_wr": 0.7
    }
  },
  "60": {
    "heuristic": {
      "combined_wr": 0.43333333333333335,
      "us_wr": 0.13333333333333333,
      "ussr_wr": 0.7333333333333333
    },
    "ppo_us_only_v5": {
      "combined_wr": 0.6333333333333333,
      "us_wr": 0.5,
      "ussr_wr": 0.7666666666666667
    },
    "ppo_ussr_only_v5": {
      "combined_wr": 0.5166666666666667,
      "us_wr": 0.26666666666666666,
      "ussr_wr": 0.7666666666666667
    },
    "v20": {
      "combined_wr": 0.55,
      "us_wr": 0.43333333333333335,
      "ussr_wr": 0.6666666666666666
    },
    "v44": {
      "combined_wr": 0.6166666666666667,
      "us_wr": 0.5,
      "ussr_wr": 0.7333333333333333
    },
    "v54": {
      "combined_wr": 0.5833333333333334,
      "us_wr": 0.5,
      "ussr_wr": 0.6666666666666666
    },
    "v55": {
      "combined_wr": 0.5166666666666667,
      "us_wr": 0.3333333333333333,
      "ussr_wr": 0.7
    },
    "v56": {
      "combined_wr": 0.5833333333333334,
      "us_wr": 0.3333333333333333,
      "ussr_wr": 0.8333333333333334
    }
  },
  "80": {
    "heuristic": {
      "combined_wr": 0.36666666666666664,
      "us_wr": 0.06666666666666667,
      "ussr_wr": 0.6666666666666666
    },
    "ppo_us_only_v5": {
      "combined_wr": 0.6166666666666667,
      "us_wr": 0.4666666666666667,
      "ussr_wr": 0.7666666666666667
    },
    "ppo_ussr_only_v5": {
      "combined_wr": 0.5833333333333334,
      "us_wr": 0.3333333333333333,
      "ussr_wr": 0.8333333333333334
    },
    "v20": {
      "combined_wr": 0.6166666666666667,
      "us_wr": 0.4666666666666667,
      "ussr_wr": 0.7666666666666667
    },
    "v44": {
      "combined_wr": 0.5666666666666667,
      "us_wr": 0.4666666666666667,
      "ussr_wr": 0.6666666666666666
    },
    "v54": {
      "combined_wr": 0.5833333333333334,
      "us_wr": 0.36666666666666664,
      "ussr_wr": 0.8
    },
    "v55": {
      "combined_wr": 0.7333333333333333,
      "us_wr": 0.5333333333333333,
      "ussr_wr": 0.9333333333333333
    },
    "v56": {
      "combined_wr": 0.5666666666666667,
      "us_wr": 0.3333333333333333,
      "ussr_wr": 0.8
    }
  }
}
