{
  "created_process_s": 3.014349655,
  "created_wall_s": 3.0363620249991072,
  "label": "spsa_2_minus",
  "objective": 0.8729027799618196,
  "paired_score": 0.0,
  "params": {
    "coup_mode_bonus": 3.897573593128807,
    "early_region_weights": [
      0.8441421356237309,
      1.315857864376269,
      1.1341421356237311,
      0.5658578643762691,
      0.5441421356237309,
      0.6158578643762691,
      1.284142135623731
    ],
    "influence_mode_bonus": 5.982426406871193,
    "late_region_weights": [
      1.105857864376269,
      0.915857864376269,
      0.915857864376269,
      1.015857864376269,
      1.1341421356237311,
      1.005857864376269,
      0.7158578643762691
    ],
    "mid_region_weights": [
      0.9558578643762691,
      0.9941421356237309,
      1.034142135623731,
      0.9441421356237308,
      1.194142135623731,
      1.205857864376269,
      0.8941421356237309
    ],
    "ops_card_penalty": 0.1602426406871193,
    "realign_mode_bonus": -1.0117157287525382,
    "space_mode_bonus": 0.9882842712474619
  },
  "proxy_score": 0.8790322580645161,
  "snapshot_id": "candidate_0016",
  "source": "proxy_spsa",
  "speed_penalty": 0.06129478102696462
}
