{
  "created_process_s": 0.619469049,
  "created_wall_s": 0.6213423519948265,
  "label": "random_2",
  "objective": 0.7951697846673683,
  "paired_score": 0.0,
  "params": {
    "coup_mode_bonus": 3.95228842110184,
    "early_region_weights": [
      0.9980188509416125,
      1.2172039148437852,
      1.259487515141579,
      0.8347058921124844,
      0.6940725247400709,
      0.5402192671531764,
      1.2550447887513192
    ],
    "influence_mode_bonus": 5.902330041199636,
    "late_region_weights": [
      1.1138716875124226,
      0.9814311194852707,
      0.9506600331980024,
      1.1453715387523218,
      1.0541589814690746,
      0.9857252884594321,
      0.6464987277935563
    ],
    "mid_region_weights": [
      0.7037821545938788,
      1.2086997679459277,
      1.1621970316875367,
      0.8763497574244259,
      1.177577598287515,
      1.3610860141928205,
      0.8937552523445264
    ],
    "ops_card_penalty": 0.1409501205855255,
    "realign_mode_bonus": -0.9630681278843478,
    "space_mode_bonus": 1.161920836521251
  },
  "proxy_score": 0.8145161290322581,
  "snapshot_id": "candidate_0002",
  "source": "random_proxy_search",
  "speed_penalty": 0.19346344364889778
}
