{
  "created_process_s": 2.860800367,
  "created_wall_s": 2.8817506110062823,
  "label": "spsa_2_plus",
  "objective": 0.8035029432212031,
  "paired_score": 0.0,
  "params": {
    "coup_mode_bonus": 3.982426406871193,
    "early_region_weights": [
      0.8158578643762691,
      1.344142135623731,
      1.105857864376269,
      0.5941421356237309,
      0.5158578643762691,
      0.6441421356237309,
      1.255857864376269
    ],
    "influence_mode_bonus": 5.897573593128808,
    "late_region_weights": [
      1.1341421356237311,
      0.9441421356237308,
      0.9441421356237308,
      1.044142135623731,
      1.105857864376269,
      1.034142135623731,
      0.7441421356237309
    ],
    "mid_region_weights": [
      0.9841421356237309,
      0.9658578643762691,
      1.005857864376269,
      0.915857864376269,
      1.165857864376269,
      1.234142135623731,
      0.8658578643762691
    ],
    "ops_card_penalty": 0.1517573593128807,
    "realign_mode_bonus": -1.0682842712474618,
    "space_mode_bonus": 0.931715728752538
  },
  "proxy_score": 0.8145161290322581,
  "snapshot_id": "candidate_0015",
  "source": "proxy_spsa",
  "speed_penalty": 0.1101318581105506
}
