{
  "created_process_s": 2.363281161,
  "created_wall_s": 2.3807918100064853,
  "label": "random_12",
  "objective": 0.8099469904965596,
  "paired_score": 0.0,
  "params": {
    "coup_mode_bonus": 3.7152520531240953,
    "early_region_weights": [
      0.8574792761502662,
      1.3475575666604707,
      0.9804500308303389,
      0.5952039387522706,
      0.45387161297056366,
      0.6685711814956121,
      1.3833329406385484
    ],
    "influence_mode_bonus": 5.950095880163511,
    "late_region_weights": [
      1.361333881948207,
      0.8997573815531126,
      0.9471692605645627,
      0.9139200690293962,
      1.0350109200625495,
      1.1815077930521238,
      0.7624717231461344
    ],
    "mid_region_weights": [
      0.9471333359195236,
      1.1113166489082216,
      1.188670775763749,
      1.1351970859404197,
      1.253903562225655,
      1.1932016666081768,
      0.8524589487637173
    ],
    "ops_card_penalty": 0.14665308664640392,
    "realign_mode_bonus": -1.2190870067974133,
    "space_mode_bonus": 0.7887152428343948
  },
  "proxy_score": 0.8145161290322581,
  "snapshot_id": "candidate_0012",
  "source": "random_proxy_search",
  "speed_penalty": 0.045691385356984915
}
