{
  "created_process_s": 2.6973200520000002,
  "created_wall_s": 2.7171401500090724,
  "label": "spsa_1_minus",
  "objective": 0.871430605094143,
  "paired_score": 0.0,
  "params": {
    "coup_mode_bonus": 3.94,
    "early_region_weights": [
      0.83,
      1.33,
      1.12,
      0.58,
      0.53,
      0.63,
      1.27
    ],
    "influence_mode_bonus": 5.94,
    "late_region_weights": [
      1.12,
      0.9299999999999999,
      0.9299999999999999,
      1.03,
      1.12,
      1.02,
      0.73
    ],
    "mid_region_weights": [
      0.97,
      0.98,
      1.02,
      0.9299999999999999,
      1.18,
      1.22,
      0.88
    ],
    "ops_card_penalty": 0.156,
    "realign_mode_bonus": -1.04,
    "space_mode_bonus": 0.96
  },
  "proxy_score": 0.8790322580645161,
  "snapshot_id": "candidate_0014",
  "source": "proxy_spsa",
  "speed_penalty": 0.07601652970373096
}
