{
  "created_process_s": 3.507946598,
  "created_wall_s": 3.533174765005242,
  "label": "spsa_4_plus",
  "objective": 0.8464985401702373,
  "paired_score": 0.0,
  "params": {
    "coup_mode_bonus": 3.9622146092801844,
    "early_region_weights": [
      0.8656891410075234,
      1.2943108589924766,
      1.1356891410075236,
      0.5674048697600615,
      0.5456891410075234,
      0.6174048697600616,
      1.2625951302399385
    ],
    "influence_mode_bonus": 5.917785390719815,
    "late_region_weights": [
      1.1043108589924766,
      0.9374048697600615,
      0.9143108589924765,
      1.0174048697600615,
      1.1556891410075236,
      1.0043108589924765,
      0.7374048697600616
    ],
    "mid_region_weights": [
      0.9574048697600616,
      0.9956891410075235,
      1.0556891410075235,
      0.9456891410075233,
      1.1956891410075234,
      1.2074048697600614,
      0.9156891410075234
    ],
    "ops_card_penalty": 0.16070674230225704,
    "realign_mode_bonus": -1.0548097395201232,
    "space_mode_bonus": 0.9451902604798769
  },
  "proxy_score": 0.8467741935483871,
  "snapshot_id": "candidate_0019",
  "source": "proxy_spsa",
  "speed_penalty": 0.002756533781498094
}
