{
  "created_process_s": 1.857504142,
  "created_wall_s": 1.8708613630005857,
  "label": "random_9",
  "objective": 0.7690908522613715,
  "paired_score": 0.0,
  "params": {
    "coup_mode_bonus": 3.9406613665231514,
    "early_region_weights": [
      0.9452272979416506,
      1.4563126717006993,
      1.1318167779521497,
      0.6355740871808961,
      0.6387893568118294,
      0.46052912196342316,
      1.43843009294632
    ],
    "influence_mode_bonus": 5.414383655169891,
    "late_region_weights": [
      1.1074459520574567,
      0.9230860441474764,
      0.8993022661894606,
      0.9948617140974841,
      1.2013811077680296,
      1.0553232230486835,
      0.6919063195268681
    ],
    "mid_region_weights": [
      0.9260717241360429,
      1.064614340232354,
      1.0283136357162421,
      1.1029681929302975,
      1.2318399408922098,
      1.2194194730348138,
      0.8857443490661496
    ],
    "ops_card_penalty": 0.1643519467239648,
    "realign_mode_bonus": -0.7129281590982337,
    "space_mode_bonus": 0.9234567564260151
  },
  "proxy_score": 0.782258064516129,
  "snapshot_id": "candidate_0009",
  "source": "random_proxy_search",
  "speed_penalty": 0.1316721225475752
}
