{
  "created_process_s": 3.1867257860000002,
  "created_wall_s": 3.20992928299529,
  "label": "spsa_3_plus",
  "objective": 0.8693113236839373,
  "paired_score": 0.0,
  "params": {
    "coup_mode_bonus": 3.862932576977429,
    "early_region_weights": [
      0.8325951302399384,
      1.3274048697600616,
      1.1225951302399386,
      0.5543108589924766,
      0.5325951302399384,
      0.6043108589924766,
      1.2956891410075235
    ],
    "influence_mode_bonus": 6.017067423022571,
    "late_region_weights": [
      1.1174048697600616,
      0.9043108589924765,
      0.9274048697600615,
      1.0043108589924765,
      1.1225951302399386,
      1.0174048697600615,
      0.7043108589924766
    ],
    "mid_region_weights": [
      0.9443108589924766,
      0.9825951302399384,
      1.0225951302399385,
      0.9325951302399383,
      1.1825951302399385,
      1.1943108589924765,
      0.8825951302399384
    ],
    "ops_card_penalty": 0.15677853907198155,
    "realign_mode_bonus": -0.9886217179849532,
    "space_mode_bonus": 1.011378282015047
  },
  "proxy_score": 0.8790322580645161,
  "snapshot_id": "candidate_0017",
  "source": "proxy_spsa",
  "speed_penalty": 0.09720934380578838
}
