{
  "created_process_s": 3.345021259,
  "created_wall_s": 3.3693231320066843,
  "label": "spsa_3_minus",
  "objective": 0.8781576155551101,
  "paired_score": 0.0,
  "params": {
    "coup_mode_bonus": 3.9322146092801846,
    "early_region_weights": [
      0.8556891410075234,
      1.3043108589924766,
      1.1456891410075236,
      0.5774048697600616,
      0.5556891410075234,
      0.6274048697600616,
      1.2725951302399385
    ],
    "influence_mode_bonus": 5.947785390719815,
    "late_region_weights": [
      1.0943108589924766,
      0.9274048697600615,
      0.9043108589924765,
      1.0274048697600615,
      1.1456891410075236,
      0.9943108589924765,
      0.7274048697600616
    ],
    "mid_region_weights": [
      0.9674048697600616,
      1.0056891410075235,
      1.0456891410075235,
      0.9556891410075233,
      1.2056891410075234,
      1.2174048697600615,
      0.9056891410075234
    ],
    "ops_card_penalty": 0.16370674230225704,
    "realign_mode_bonus": -1.0348097395201232,
    "space_mode_bonus": 0.9651902604798769
  },
  "proxy_score": 0.8790322580645161,
  "snapshot_id": "candidate_0018",
  "source": "proxy_spsa",
  "speed_penalty": 0.008746425094060095
}
