{
  "created_process_s": 1.32248153,
  "created_wall_s": 1.3313510870066239,
  "label": "random_6",
  "objective": 0.8334842990568668,
  "paired_score": 0.0,
  "params": {
    "coup_mode_bonus": 4.152936516996303,
    "early_region_weights": [
      0.7649242271514296,
      1.2071380335321584,
      1.0501512570642888,
      0.46239825629391695,
      0.6544958601840102,
      0.8162529437177821,
      1.150406931710342
    ],
    "influence_mode_bonus": 6.131939892954215,
    "late_region_weights": [
      1.1002108268914854,
      0.9420986363129749,
      0.9656730466710101,
      0.8562288411683572,
      1.0999809112632626,
      0.8727636281079474,
      0.8187654910830321
    ],
    "mid_region_weights": [
      0.9082607725846309,
      1.084445242330685,
      0.9749777124308892,
      1.0433623646944326,
      1.23983788980898,
      1.2047198353640194,
      1.0025964812931498
    ],
    "ops_card_penalty": 0.13892402423182756,
    "realign_mode_bonus": -1.0233190831713994,
    "space_mode_bonus": 0.805924996774964
  },
  "proxy_score": 0.8467741935483871,
  "snapshot_id": "candidate_0006",
  "source": "random_proxy_search",
  "speed_penalty": 0.1328989449152027
}
