{
  "created_process_s": 3.6649976640000004,
  "created_wall_s": 3.691117447000579,
  "label": "spsa_4_minus",
  "objective": 0.877344337113249,
  "paired_score": 0.0,
  "params": {
    "coup_mode_bonus": 3.902214609280185,
    "early_region_weights": [
      0.8456891410075233,
      1.3143108589924766,
      1.1556891410075236,
      0.5874048697600616,
      0.5656891410075234,
      0.6374048697600616,
      1.2825951302399385
    ],
    "influence_mode_bonus": 5.9777853907198155,
    "late_region_weights": [
      1.0843108589924766,
      0.9174048697600615,
      0.8943108589924765,
      1.0374048697600615,
      1.1356891410075236,
      0.9843108589924765,
      0.7174048697600616
    ],
    "mid_region_weights": [
      0.9774048697600616,
      1.0156891410075235,
      1.0356891410075235,
      0.9656891410075233,
      1.2156891410075235,
      1.2274048697600615,
      0.8956891410075234
    ],
    "ops_card_penalty": 0.16670674230225704,
    "realign_mode_bonus": -1.0148097395201232,
    "space_mode_bonus": 0.9851902604798769
  },
  "proxy_score": 0.8790322580645161,
  "snapshot_id": "candidate_0020",
  "source": "proxy_spsa",
  "speed_penalty": 0.016879209512671745
}
