{
  "awr_gnn_side_v5": {
    "ussr": 0.26,
    "us": 0.15,
    "combined": 0.20500000000000002
  },
  "awr_gnn_card_attn_v5": {
    "ussr": 0.03,
    "us": 0.013333333333333334,
    "combined": 0.021666666666666667
  },
  "awr_film_gated_v5": {
    "ussr": 0.08666666666666667,
    "us": 0.06333333333333334,
    "combined": 0.07500000000000001
  }
}