{
  "tag": "h256_fast",
  "epoch": 56,
  "val_loss": 2.4169049830663774,
  "val_card_top1": 0.9634539995874677,
  "val_mode_acc": 0.81868067525682,
  "val_value_mse": 0.14445977303243818,
  "val_country_top1": 0.6354648499261766,
  "checkpoint_path": "checkpoints/h256_fast/baseline_best.pt",
  "elapsed_s": 1257.8,
  "hyperparams": {
    "hidden_dim": 256,
    "n_blocks": 2,
    "epochs": 60,
    "batch_size": 2048,
    "lr": 0.0012,
    "weight_decay": 0.0001,
    "dropout": 0.1,
    "label_smoothing": 0.05,
    "value_target": "final_vp"
  }
}