{
  "model": "v108_cf_gnn_h384_s42",
  "ussr_wr": 46.400000000000006,
  "us_wr": 5.6000000000000005,
  "combined": 26.000000000000004,
  "nash_temps": true
}