{
  "created_process_s": 1.3502752900000001,
  "created_wall_s": 7.441669644991634,
  "label": "spsa_4_minus",
  "objective": 0.8790322580645161,
  "paired_score": 0.0,
  "params": {
    "access_bonus": 1.7063587473681172,
    "china_asia_target_bonus": 1.536125084503918,
    "china_early_penalty": -2.9086997596000734,
    "control_break_bonus": 5.024913782994081,
    "country_battleground_bonus": 6.858174636943544,
    "country_europe_core_bonus": 1.8479099635602714,
    "country_mid_war_entry_bonus": 1.8150189891296398,
    "country_non_battleground_bonus": 0.9886912651621443,
    "country_region_scale": 5.191401525077984,
    "country_stability_scale": 0.5681528022204666,
    "country_thailand_early_bonus": 5.764888854657725,
    "coup_battleground_bonus": 2.254573802921089,
    "coup_defcon2_penalty": -7.666664562854625,
    "coup_defcon3_penalty": -2.3518700064654925,
    "coup_mode_bonus": 3.9043724288856954,
    "early_region_weights": [
      0.855399657132544,
      1.398543888821106,
      0.9900874571738305,
      0.7295377699787435,
      0.6384901573420125,
      0.6571737790049377,
      1.4259131194576546
    ],
    "headline_friendly_bonus": 1.8456780083762017,
    "headline_ops_scale": 0.7241511805627904,
    "influence_mode_bonus": 6.195396152449495,
    "late_region_weights": [
      1.2633977707159463,
      1.071566805193127,
      0.9661803937928191,
      0.9185509131101065,
      1.3025246309879617,
      1.0059684688310935,
      0.9475204285947879
    ],
    "mid_region_weights": [
      0.8983023738159847,
      0.9999002629014534,
      1.0995399060476057,
      0.9107768720258653,
      1.3425948754068127,
      1.1320172663744994,
      0.9034069892864666
    ],
    "ops_card_penalty": 0.1462594824338896,
    "realign_base_penalty": -4.057832469618028,
    "realign_country_scale": 0.6110816411765034,
    "realign_defcon2_bonus": 2.239433516466014,
    "realign_mode_bonus": -1.0358258480029832,
    "space_early_bonus": 0.9956847354288094,
    "space_mode_bonus": 0.8694814960849276,
    "space_offside_bonus": 2.0039012487330847,
    "space_when_behind_bonus": 1.8902091735095568
  },
  "proxy_score": 0.8790322580645161,
  "snapshot_id": "candidate_0128",
  "source": "proxy_spsa",
  "speed_penalty": 0.0
}
