{
  "created_process_s": 0.326076276,
  "created_wall_s": 6.417058409992023,
  "label": "random_50",
  "objective": 0.8404384300993435,
  "paired_score": 0.0,
  "params": {
    "access_bonus": 1.5893519549244275,
    "china_asia_target_bonus": 1.486924309449731,
    "china_early_penalty": -2.478370255138771,
    "control_break_bonus": 4.207047900282428,
    "country_battleground_bonus": 7.018829048828419,
    "country_europe_core_bonus": 2.1153477724998453,
    "country_mid_war_entry_bonus": 1.9267813165456191,
    "country_non_battleground_bonus": 1.1066361272895506,
    "country_region_scale": 4.80265255399675,
    "country_stability_scale": 0.6131948758963331,
    "country_thailand_early_bonus": 5.996349607607775,
    "coup_battleground_bonus": 2.15314696626741,
    "coup_defcon2_penalty": -8.877691107240715,
    "coup_defcon3_penalty": -2.70663444229424,
    "coup_mode_bonus": 4.406048696744825,
    "early_region_weights": [
      0.861646953123797,
      1.5117353218186216,
      1.0021967549892508,
      0.5820184532304071,
      0.6001937995773186,
      0.6771686834436056,
      1.1586971835686213
    ],
    "headline_friendly_bonus": 1.9499816077530587,
    "headline_ops_scale": 0.6798912287004524,
    "influence_mode_bonus": 5.720258429136804,
    "late_region_weights": [
      1.054197242083971,
      1.159348272229656,
      0.9623675767585308,
      1.0883312935929874,
      1.116244640818024,
      0.9225924657073612,
      0.7649400683596839
    ],
    "mid_region_weights": [
      0.9340593160527964,
      1.0404886327840912,
      0.8114079745833296,
      1.0235796638954628,
      1.2519532891260865,
      1.101848146404198,
      0.8697495398061332
    ],
    "ops_card_penalty": 0.10079815317614732,
    "realign_base_penalty": -3.8582866833626537,
    "realign_country_scale": 0.5421226736290752,
    "realign_defcon2_bonus": 1.881902308241253,
    "realign_mode_bonus": -0.8177076159426381,
    "space_early_bonus": 1.012104459476606,
    "space_mode_bonus": 1.0881912999409797,
    "space_offside_bonus": 1.9610234694914426,
    "space_when_behind_bonus": 1.9490585386885144
  },
  "proxy_score": 0.8467741935483871,
  "snapshot_id": "candidate_0050",
  "source": "random_proxy_search",
  "speed_penalty": 0.06335763449043674
}
