{
  "created_process_s": 0.347279162,
  "created_wall_s": 6.438266835990362,
  "label": "random_96",
  "objective": 0.7677819606145397,
  "paired_score": 0.0,
  "params": {
    "access_bonus": 1.543822294383103,
    "china_asia_target_bonus": 1.5540193262701034,
    "china_early_penalty": -2.38953130789525,
    "control_break_bonus": 4.863560229430426,
    "country_battleground_bonus": 6.837048870488547,
    "country_europe_core_bonus": 2.2408847865120984,
    "country_mid_war_entry_bonus": 1.8021744237151434,
    "country_non_battleground_bonus": 0.8618030230391119,
    "country_region_scale": 4.924250033054842,
    "country_stability_scale": 0.5814791909334853,
    "country_thailand_early_bonus": 6.120874252902407,
    "coup_battleground_bonus": 2.73216208347578,
    "coup_defcon2_penalty": -7.992876669271728,
    "coup_defcon3_penalty": -2.348655752536914,
    "coup_mode_bonus": 4.12998555279005,
    "early_region_weights": [
      0.7616667200682072,
      1.3217712865881694,
      1.0621907439421587,
      0.5381324113536979,
      0.49098290665624333,
      0.7369640410271604,
      1.1947712000013073
    ],
    "headline_friendly_bonus": 2.013814903890585,
    "headline_ops_scale": 0.8651160576910505,
    "influence_mode_bonus": 6.263389411520814,
    "late_region_weights": [
      1.092546451526997,
      0.9663766138470341,
      1.0012356461969454,
      1.2217106080742248,
      1.0699242466349974,
      0.909415105949117,
      0.6652886576261388
    ],
    "mid_region_weights": [
      0.9870131438171339,
      0.93160112229712,
      0.8429092024259696,
      1.0600475502105757,
      1.3102525461110015,
      1.1985137447809797,
      0.8583381143027977
    ],
    "ops_card_penalty": 0.10830221417671693,
    "realign_base_penalty": -3.874851395831111,
    "realign_country_scale": 0.5475558285818164,
    "realign_defcon2_bonus": 1.8563526387826879,
    "realign_mode_bonus": -0.9045262662347472,
    "space_early_bonus": 0.7979498879328316,
    "space_mode_bonus": 1.088222815136018,
    "space_offside_bonus": 2.0742162061952043,
    "space_when_behind_bonus": 1.9461707451888994
  },
  "proxy_score": 0.782258064516129,
  "snapshot_id": "candidate_0096",
  "source": "random_proxy_search",
  "speed_penalty": 0.1447610390158931
}
