{
  "created_process_s": 0.351637991,
  "created_wall_s": 6.442749067995464,
  "label": "random_106",
  "objective": 0.8145161290322581,
  "paired_score": 0.0,
  "params": {
    "access_bonus": 1.476926081524373,
    "china_asia_target_bonus": 1.5054375614113338,
    "china_early_penalty": -2.5193764129251677,
    "control_break_bonus": 5.056068455499292,
    "country_battleground_bonus": 6.699586856878734,
    "country_europe_core_bonus": 2.105609101178656,
    "country_mid_war_entry_bonus": 1.9767511305463303,
    "country_non_battleground_bonus": 1.0953160379737479,
    "country_region_scale": 4.650749403193142,
    "country_stability_scale": 0.589021686679638,
    "country_thailand_early_bonus": 6.421058507345763,
    "coup_battleground_bonus": 2.5507709401793734,
    "coup_defcon2_penalty": -8.048451285255412,
    "coup_defcon3_penalty": -2.636301019827067,
    "coup_mode_bonus": 4.458210409389478,
    "early_region_weights": [
      0.8178787834047175,
      1.510895560761318,
      1.0055416032394193,
      0.6203099453608099,
      0.5853404732118157,
      0.5646469589848524,
      1.3534130895739878
    ],
    "headline_friendly_bonus": 1.7783196956951106,
    "headline_ops_scale": 0.7150150097027724,
    "influence_mode_bonus": 6.261706278839345,
    "late_region_weights": [
      1.0846087162897433,
      0.6809736751159634,
      0.916699169732163,
      1.0976506234570649,
      1.0853301890764218,
      0.900711567090835,
      0.9415973245929071
    ],
    "mid_region_weights": [
      0.8337561014232167,
      1.0355097929086428,
      1.009800288188654,
      0.955635077678175,
      1.0612474898382964,
      1.1377242482767294,
      0.8548747093776703
    ],
    "ops_card_penalty": 0.16563036684801374,
    "realign_base_penalty": -4.071333967872289,
    "realign_country_scale": 0.6358824676975687,
    "realign_defcon2_bonus": 1.7167315294771233,
    "realign_mode_bonus": -1.0141264889407755,
    "space_early_bonus": 1.1061051973246143,
    "space_mode_bonus": 0.9886649748112948,
    "space_offside_bonus": 2.026933869605055,
    "space_when_behind_bonus": 2.079805516115498
  },
  "proxy_score": 0.8145161290322581,
  "snapshot_id": "candidate_0106",
  "source": "random_proxy_search",
  "speed_penalty": 0.0
}
