{
  "created_process_s": 0.338570789,
  "created_wall_s": 6.42955614598759,
  "label": "random_76",
  "objective": 0.8145161290322581,
  "paired_score": 0.0,
  "params": {
    "access_bonus": 1.4137569198354556,
    "china_asia_target_bonus": 1.5786717956708485,
    "china_early_penalty": -2.2673238164399647,
    "control_break_bonus": 5.116300824523601,
    "country_battleground_bonus": 6.800456608770218,
    "country_europe_core_bonus": 1.9545565443515798,
    "country_mid_war_entry_bonus": 2.1580995051121152,
    "country_non_battleground_bonus": 0.9513874630135409,
    "country_region_scale": 5.3710103769383,
    "country_stability_scale": 0.6243636370221297,
    "country_thailand_early_bonus": 6.203120058689465,
    "coup_battleground_bonus": 2.335791459949378,
    "coup_defcon2_penalty": -8.900112819869985,
    "coup_defcon3_penalty": -2.4229904387411834,
    "coup_mode_bonus": 4.27114076290306,
    "early_region_weights": [
      0.80485237720426,
      1.2381956008634467,
      1.2411288237689724,
      0.7641186115654228,
      0.5901007361069923,
      0.5128214797579937,
      1.2541893599172294
    ],
    "headline_friendly_bonus": 1.9911404010028553,
    "headline_ops_scale": 0.72105481557168,
    "influence_mode_bonus": 5.860095117198389,
    "late_region_weights": [
      1.0514406837075092,
      0.706732741523756,
      0.9277328564834669,
      1.1848915830047682,
      1.0940306071691093,
      1.062728580223289,
      0.8830352330626194
    ],
    "mid_region_weights": [
      1.0115500079964415,
      1.1247408363262124,
      1.009811898725678,
      1.030193111464293,
      1.1436116589490866,
      1.2357410792568277,
      0.9416590931019752
    ],
    "ops_card_penalty": 0.15218196774650838,
    "realign_base_penalty": -4.143341288110284,
    "realign_country_scale": 0.5580256366677068,
    "realign_defcon2_bonus": 1.8956249097914768,
    "realign_mode_bonus": -1.2010853947085387,
    "space_early_bonus": 0.8856361807884726,
    "space_mode_bonus": 0.9400451436822818,
    "space_offside_bonus": 1.8894012464098568,
    "space_when_behind_bonus": 1.9797680802700022
  },
  "proxy_score": 0.8145161290322581,
  "snapshot_id": "candidate_0076",
  "source": "random_proxy_search",
  "speed_penalty": 0.0
}
