{
  "created_process_s": 0.310679811,
  "created_wall_s": 6.401643818986486,
  "label": "random_20",
  "objective": 0.7447705016292882,
  "paired_score": 0.0,
  "params": {
    "access_bonus": 1.335039325545256,
    "china_asia_target_bonus": 1.4145189896487906,
    "china_early_penalty": -2.2523730352488465,
    "control_break_bonus": 4.5356697128097725,
    "country_battleground_bonus": 6.90246529054386,
    "country_europe_core_bonus": 2.1890614001392046,
    "country_mid_war_entry_bonus": 2.0197253687238352,
    "country_non_battleground_bonus": 1.0592242241532852,
    "country_region_scale": 4.688182366732302,
    "country_stability_scale": 0.6142891630776128,
    "country_thailand_early_bonus": 5.8983364204040045,
    "coup_battleground_bonus": 2.184680229258283,
    "coup_defcon2_penalty": -8.575595378456356,
    "coup_defcon3_penalty": -2.517560500791872,
    "coup_mode_bonus": 4.009490197609238,
    "early_region_weights": [
      1.0160094001301219,
      1.2869794385872835,
      1.2386479527066547,
      0.5525104188146859,
      0.5514400418100901,
      0.7381285706467768,
      1.0064300027191002
    ],
    "headline_friendly_bonus": 1.9521433160545025,
    "headline_ops_scale": 0.7334155210311828,
    "influence_mode_bonus": 5.563408507604759,
    "late_region_weights": [
      1.0999677232958815,
      0.8569600343779064,
      1.010838266219745,
      0.9670443627544686,
      0.9936009105308391,
      0.9483742910142131,
      0.8254508539543486
    ],
    "mid_region_weights": [
      0.9561662477885016,
      1.2163802140181645,
      0.9845296622524243,
      1.04809179333216,
      1.1498491022517916,
      1.0576457115717475,
      0.821754497156507
    ],
    "ops_card_penalty": 0.1218515151993644,
    "realign_base_penalty": -4.055285889696722,
    "realign_country_scale": 0.5774800754456831,
    "realign_defcon2_bonus": 1.7441290928121789,
    "realign_mode_bonus": -0.9343372352659015,
    "space_early_bonus": 0.9220014861172076,
    "space_mode_bonus": 0.7750890890700819,
    "space_offside_bonus": 2.0005699550693947,
    "space_when_behind_bonus": 1.6444358747638679
  },
  "proxy_score": 0.8145161290322581,
  "snapshot_id": "candidate_0020",
  "source": "random_proxy_search",
  "speed_penalty": 0.6974562740296997
}
