{
  "created_process_s": 2.54049526,
  "created_wall_s": 8.632253911986481,
  "label": "spsa_10_plus",
  "objective": 0.8681267225099312,
  "paired_score": 0.0,
  "params": {
    "access_bonus": 1.7308455803486222,
    "china_asia_target_bonus": 1.5324496398242549,
    "china_early_penalty": -2.9160506489594,
    "control_break_bonus": 5.073887448955092,
    "country_battleground_bonus": 6.848986025244385,
    "country_europe_core_bonus": 1.8642345188806082,
    "country_mid_war_entry_bonus": 1.818694433809303,
    "country_non_battleground_bonus": 0.9642044321816392,
    "country_region_scale": 5.150590136777142,
    "country_stability_scale": 0.5599905245602982,
    "country_thailand_early_bonus": 5.757537965298399,
    "coup_battleground_bonus": 2.2219246922804152,
    "coup_defcon2_penalty": -7.681366341573278,
    "coup_defcon3_penalty": -2.3426813947663345,
    "coup_mode_bonus": 3.8553987629246853,
    "early_region_weights": [
      0.8717242124528807,
      1.402219333500769,
      1.0064120124941673,
      0.7132132146584068,
      0.6421656020216758,
      0.6734983343252744,
      1.4222376747779915
    ],
    "headline_friendly_bonus": 1.8511911753956964,
    "headline_ops_scale": 0.7223134582229588,
    "influence_mode_bonus": 6.146422486488484,
    "late_region_weights": [
      1.259722326036283,
      1.087891360513464,
      0.9825049491131558,
      0.9022263577897698,
      1.2862000756676248,
      1.0222930241514303,
      0.9311958732744512
    ],
    "mid_region_weights": [
      0.8946269291363214,
      0.9835757075811167,
      1.1158644613679425,
      0.907101427346202,
      1.3262703200864758,
      1.1356927110541626,
      0.8870824339661298
    ],
    "ops_card_penalty": 0.14136211583778854,
    "realign_base_penalty": -4.09864385791887,
    "realign_country_scale": 0.612919363516335,
    "realign_defcon2_bonus": 2.233920349446519,
    "realign_mode_bonus": -1.0431767373623098,
    "space_early_bonus": 0.9793601801084727,
    "space_mode_bonus": 0.8368323854442541,
    "space_offside_bonus": 2.02838808171359,
    "space_when_behind_bonus": 1.8957223405290515
  },
  "proxy_score": 0.8790322580645161,
  "snapshot_id": "candidate_0139",
  "source": "proxy_spsa",
  "speed_penalty": 0.10905535554584955
}
