{
  "created_process_s": 6.08518481,
  "created_wall_s": 802.6571552449896,
  "label": "refine_1",
  "objective": 0.8714325991384085,
  "paired_score": 0.0,
  "params": {
    "access_bonus": 1.451685359439197,
    "china_asia_target_bonus": 1.3848388279685266,
    "china_early_penalty": -2.4942356377221047,
    "control_break_bonus": 5.2212346564080105,
    "country_battleground_bonus": 6.917942741148581,
    "country_europe_core_bonus": 1.9797943917437777,
    "country_mid_war_entry_bonus": 2.1024206002580743,
    "country_non_battleground_bonus": 1.2609374928951977,
    "country_region_scale": 4.891910718772053,
    "country_stability_scale": 0.5257425573340226,
    "country_thailand_early_bonus": 5.7971042471519505,
    "coup_battleground_bonus": 2.6422895973735265,
    "coup_defcon2_penalty": -8.20659098213169,
    "coup_defcon3_penalty": -2.578527870432011,
    "coup_mode_bonus": 3.3739161436056384,
    "early_region_weights": [
      0.8491979898721997,
      1.2979241162541864,
      0.9726285059555516,
      0.6627902217413308,
      0.34204325226138776,
      0.6033862524891745,
      1.2153613604740658
    ],
    "headline_friendly_bonus": 1.6972597540976382,
    "headline_ops_scale": 0.865018937999454,
    "influence_mode_bonus": 5.92029233249884,
    "late_region_weights": [
      1.132726930696481,
      1.052960707451172,
      0.9924579553376406,
      0.9853269309463526,
      1.134795495953235,
      1.0170185177031514,
      0.707112807808219
    ],
    "mid_region_weights": [
      0.9098980337055715,
      0.9730201964824536,
      0.9889411278598443,
      0.8777585351858291,
      1.15158431749186,
      1.2248544422504204,
      0.7501665853035157
    ],
    "ops_card_penalty": 0.20558540010817544,
    "realign_base_penalty": -3.8728719555974083,
    "realign_country_scale": 0.6017754298846583,
    "realign_defcon2_bonus": 1.8259939780656897,
    "realign_mode_bonus": -1.1499547689152712,
    "space_early_bonus": 1.002777909117292,
    "space_mode_bonus": 0.8857216801809825,
    "space_offside_bonus": 2.149287439841287,
    "space_when_behind_bonus": 1.8411948653721386
  },
  "proxy_score": 0.8790322580645161,
  "snapshot_id": "candidate_0169",
  "source": "screen_refine",
  "speed_penalty": 0.07599658926107589
}
