{
  "created_process_s": 1.2409102200000002,
  "created_wall_s": 7.332267231991864,
  "label": "spsa_4_plus",
  "objective": 0.8790322580645161,
  "paired_score": 0.0,
  "params": {
    "access_bonus": 1.736358747368117,
    "china_asia_target_bonus": 1.516125084503918,
    "china_early_penalty": -2.9486997596000735,
    "control_break_bonus": 5.084913782994081,
    "country_battleground_bonus": 6.808174636943543,
    "country_europe_core_bonus": 1.8679099635602714,
    "country_mid_war_entry_bonus": 1.8350189891296398,
    "country_non_battleground_bonus": 0.9586912651621443,
    "country_region_scale": 5.141401525077983,
    "country_stability_scale": 0.5581528022204666,
    "country_thailand_early_bonus": 5.724888854657726,
    "coup_battleground_bonus": 2.214573802921089,
    "coup_defcon2_penalty": -7.746664562854625,
    "coup_defcon3_penalty": -2.3018700064654927,
    "coup_mode_bonus": 3.8443724288856957,
    "early_region_weights": [
      0.875399657132544,
      1.418543888821106,
      1.0100874571738305,
      0.7095377699787435,
      0.6584901573420125,
      0.6771737790049377,
      1.4059131194576546
    ],
    "headline_friendly_bonus": 1.8756780083762015,
    "headline_ops_scale": 0.7141511805627904,
    "influence_mode_bonus": 6.135396152449495,
    "late_region_weights": [
      1.2433977707159463,
      1.091566805193127,
      0.9861803937928191,
      0.8985509131101065,
      1.2825246309879617,
      1.0259684688310935,
      0.9275204285947879
    ],
    "mid_region_weights": [
      0.8783023738159846,
      0.9799002629014534,
      1.1195399060476057,
      0.8907768720258653,
      1.3225948754068126,
      1.1520172663744994,
      0.8834069892864665
    ],
    "ops_card_penalty": 0.14025948243388958,
    "realign_base_penalty": -4.107832469618029,
    "realign_country_scale": 0.6210816411765034,
    "realign_defcon2_bonus": 2.2094335164660137,
    "realign_mode_bonus": -1.0758258480029832,
    "space_early_bonus": 0.9756847354288094,
    "space_mode_bonus": 0.8294814960849276,
    "space_offside_bonus": 2.033901248733085,
    "space_when_behind_bonus": 1.9202091735095566
  },
  "proxy_score": 0.8790322580645161,
  "snapshot_id": "candidate_0127",
  "source": "proxy_spsa",
  "speed_penalty": 0.0
}
