{
  "created_process_s": 0.30809096399999997,
  "created_wall_s": 6.399054668989265,
  "label": "random_16",
  "objective": 0.7398583934559501,
  "paired_score": 0.0,
  "params": {
    "access_bonus": 1.611925617811468,
    "china_asia_target_bonus": 1.6055286890684382,
    "china_early_penalty": -2.7950435326397765,
    "control_break_bonus": 5.117214598333345,
    "country_battleground_bonus": 7.269092615772413,
    "country_europe_core_bonus": 2.0454021834155767,
    "country_mid_war_entry_bonus": 1.78683150410647,
    "country_non_battleground_bonus": 1.242198471565121,
    "country_region_scale": 4.974150412719873,
    "country_stability_scale": 0.6090015038574793,
    "country_thailand_early_bonus": 6.2070839175036685,
    "coup_battleground_bonus": 2.64025678324699,
    "coup_defcon2_penalty": -7.08987351493755,
    "coup_defcon3_penalty": -2.6643065747877324,
    "coup_mode_bonus": 3.8821656193620533,
    "early_region_weights": [
      0.7740317790777054,
      1.247360498532403,
      1.0242849075502243,
      0.584928152733645,
      0.5263183831509932,
      0.6004792922797618,
      1.1839709321669658
    ],
    "headline_friendly_bonus": 2.092321283103138,
    "headline_ops_scale": 0.772386118195658,
    "influence_mode_bonus": 5.332699396728267,
    "late_region_weights": [
      1.1418880980914925,
      0.9912228964986123,
      0.9520633241473432,
      1.1440538585563673,
      1.2111432363380632,
      1.0314542352331075,
      0.6644317062016286
    ],
    "mid_region_weights": [
      1.0008210413989413,
      1.0222084663572195,
      0.7948104096327975,
      1.1587016161632975,
      1.2340961487532163,
      1.3553851777993602,
      0.8323721957465262
    ],
    "ops_card_penalty": 0.1879348825012392,
    "realign_base_penalty": -4.229257118139031,
    "realign_country_scale": 0.5613678625803374,
    "realign_defcon2_bonus": 2.1326961165971814,
    "realign_mode_bonus": -0.8239340079275579,
    "space_early_bonus": 1.1567590240444248,
    "space_mode_bonus": 1.1375441432024802,
    "space_offside_bonus": 1.8378768972128985,
    "space_when_behind_bonus": 2.033589585795955
  },
  "proxy_score": 0.782258064516129,
  "snapshot_id": "candidate_0016",
  "source": "random_proxy_search",
  "speed_penalty": 0.4239967106017899
}
