{
  "created_process_s": 0.301435517,
  "created_wall_s": 6.392396866998752,
  "label": "random_4",
  "objective": 0.8078447503003287,
  "paired_score": 0.0,
  "params": {
    "access_bonus": 1.413099060938275,
    "china_asia_target_bonus": 1.4344738392614782,
    "china_early_penalty": -2.5332135956954023,
    "control_break_bonus": 4.98190249463878,
    "country_battleground_bonus": 7.154391339900846,
    "country_europe_core_bonus": 2.051963447846395,
    "country_mid_war_entry_bonus": 1.9618775581185255,
    "country_non_battleground_bonus": 0.6226972157682817,
    "country_region_scale": 4.614469282633511,
    "country_stability_scale": 0.5331467374154446,
    "country_thailand_early_bonus": 5.955718974695069,
    "coup_battleground_bonus": 2.65514192771131,
    "coup_defcon2_penalty": -7.876890128585952,
    "coup_defcon3_penalty": -2.4533313510617947,
    "coup_mode_bonus": 3.8857988682231492,
    "early_region_weights": [
      0.9094919874747824,
      1.1762622097726594,
      0.9817151229434872,
      0.8482625142655034,
      0.5066534379438339,
      0.7624068660779835,
      1.228248523028569
    ],
    "headline_friendly_bonus": 2.035362420396871,
    "headline_ops_scale": 0.7415379568999466,
    "influence_mode_bonus": 6.158057916804909,
    "late_region_weights": [
      0.9369128168348198,
      0.9541695750531288,
      0.9355662384429086,
      0.8621996780891618,
      1.033901740426204,
      0.9876916720220281,
      0.956890822181597
    ],
    "mid_region_weights": [
      1.0123886720920996,
      1.011052972802882,
      0.993537826269469,
      1.0311687686471074,
      1.187247909355419,
      1.1617003624513258,
      0.973695146231864
    ],
    "ops_card_penalty": 0.17734848915026424,
    "realign_base_penalty": -4.175868548188629,
    "realign_country_scale": 0.5512711985403803,
    "realign_defcon2_bonus": 2.2077553857650596,
    "realign_mode_bonus": -1.2080180470582058,
    "space_early_bonus": 1.015276135274161,
    "space_mode_bonus": 1.1901396635250747,
    "space_offside_bonus": 2.1867977629667075,
    "space_when_behind_bonus": 2.1108864788735477
  },
  "proxy_score": 0.8467741935483871,
  "snapshot_id": "candidate_0004",
  "source": "random_proxy_search",
  "speed_penalty": 0.38929443248058426
}
