{
  "created_process_s": 0.302031491,
  "created_wall_s": 6.392993084999034,
  "label": "random_5",
  "objective": 0.6848805718785744,
  "paired_score": 0.0,
  "params": {
    "access_bonus": 1.3794102727651925,
    "china_asia_target_bonus": 1.4332631900700792,
    "china_early_penalty": -2.7295357262219153,
    "control_break_bonus": 4.898772204504495,
    "country_battleground_bonus": 6.985676895515913,
    "country_europe_core_bonus": 2.00413256016841,
    "country_mid_war_entry_bonus": 1.8485389222583972,
    "country_non_battleground_bonus": 1.1415183116080716,
    "country_region_scale": 4.982017564644131,
    "country_stability_scale": 0.6017589274743923,
    "country_thailand_early_bonus": 6.386618727666017,
    "coup_battleground_bonus": 2.470787542799669,
    "coup_defcon2_penalty": -7.953353771510316,
    "coup_defcon3_penalty": -2.240844937524188,
    "coup_mode_bonus": 3.949501633329207,
    "early_region_weights": [
      0.7103400085512392,
      1.1889659013763905,
      1.1724539515178107,
      0.7168450930967936,
      0.4916133508514915,
      0.37617730376067493,
      1.3503516666303412
    ],
    "headline_friendly_bonus": 2.029478305207499,
    "headline_ops_scale": 0.7686294729131492,
    "influence_mode_bonus": 5.844631780181954,
    "late_region_weights": [
      0.9732982283044915,
      0.7605213945865056,
      0.990692076531209,
      1.0727036960206222,
      1.031931688372961,
      0.9786190005177874,
      0.7496324434885172
    ],
    "mid_region_weights": [
      1.093071650451241,
      1.0084395382335891,
      1.0196188143812999,
      0.8804816365427516,
      1.3360009588851947,
      1.2503141523362054,
      0.9914026408327615
    ],
    "ops_card_penalty": 0.18485612895141262,
    "realign_base_penalty": -3.94691597533353,
    "realign_country_scale": 0.5973516962314974,
    "realign_defcon2_bonus": 1.6798783687815968,
    "realign_mode_bonus": -1.0193462383116667,
    "space_early_bonus": 0.9665883825944809,
    "space_mode_bonus": 1.1645259492692668,
    "space_offside_bonus": 2.0303215725069252,
    "space_when_behind_bonus": 2.139388965393624
  },
  "proxy_score": 0.75,
  "snapshot_id": "candidate_0005",
  "source": "random_proxy_search",
  "speed_penalty": 0.6511942812142562
}
