{
  "created_process_s": 0.302597744,
  "created_wall_s": 6.393559608986834,
  "label": "random_6",
  "objective": 0.7705897392642889,
  "paired_score": 0.0,
  "params": {
    "access_bonus": 1.4746359958273851,
    "china_asia_target_bonus": 1.5702387511341631,
    "china_early_penalty": -2.545377451337828,
    "control_break_bonus": 5.33523088283923,
    "country_battleground_bonus": 6.673088144932509,
    "country_europe_core_bonus": 2.0469493933738114,
    "country_mid_war_entry_bonus": 2.0089504495586046,
    "country_non_battleground_bonus": 0.9154604265741016,
    "country_region_scale": 5.034511765673738,
    "country_stability_scale": 0.553064273784769,
    "country_thailand_early_bonus": 6.19866397792082,
    "coup_battleground_bonus": 2.847653973596721,
    "coup_defcon2_penalty": -8.18190552110562,
    "coup_defcon3_penalty": -2.4479689331063903,
    "coup_mode_bonus": 3.454569360448096,
    "early_region_weights": [
      0.9004550806544814,
      1.256582090364911,
      1.0700203510748794,
      0.6674185093413723,
      0.6125429278419063,
      0.7813471522365086,
      1.084298228657626
    ],
    "headline_friendly_bonus": 1.9482684706276747,
    "headline_ops_scale": 0.6650379870545391,
    "influence_mode_bonus": 6.353317331051013,
    "late_region_weights": [
      0.8288036643887967,
      0.8594417065600268,
      0.9388758199510302,
      1.1971864748874856,
      1.1045763440698082,
      0.9274707252542871,
      0.6804905823125338
    ],
    "mid_region_weights": [
      1.0788721129116676,
      1.1699242927768516,
      1.1590396510382561,
      0.9841977876392931,
      1.2189102285756273,
      1.211530979953242,
      0.8417776824874128
    ],
    "ops_card_penalty": 0.20287821142394946,
    "realign_base_penalty": -4.117786977619181,
    "realign_country_scale": 0.594137189304664,
    "realign_defcon2_bonus": 1.9462362541887972,
    "realign_mode_bonus": -0.8103032691763125,
    "space_early_bonus": 0.9993149849921765,
    "space_mode_bonus": 1.0775990235467487,
    "space_offside_bonus": 1.8511963108646752,
    "space_when_behind_bonus": 2.0615005114799407
  },
  "proxy_score": 0.8467741935483871,
  "snapshot_id": "candidate_0006",
  "source": "random_proxy_search",
  "speed_penalty": 0.7618445428409821
}
