{
  "created_process_s": 0.346298706,
  "created_wall_s": 6.437286261992995,
  "label": "random_94",
  "objective": 0.8295246912564224,
  "paired_score": 0.0,
  "params": {
    "access_bonus": 1.4765711436589914,
    "china_asia_target_bonus": 1.4832222376029958,
    "china_early_penalty": -2.554147811906634,
    "control_break_bonus": 5.089104669459391,
    "country_battleground_bonus": 7.104332711093795,
    "country_europe_core_bonus": 1.9290803354199166,
    "country_mid_war_entry_bonus": 1.9917638695821278,
    "country_non_battleground_bonus": 1.2276655074845952,
    "country_region_scale": 4.9673545595580615,
    "country_stability_scale": 0.5792536987205595,
    "country_thailand_early_bonus": 6.062277524514601,
    "coup_battleground_bonus": 2.524000560662616,
    "coup_defcon2_penalty": -8.035526694074093,
    "coup_defcon3_penalty": -2.4099792260229744,
    "coup_mode_bonus": 4.244819637820522,
    "early_region_weights": [
      1.0313599913421192,
      1.5068040469740542,
      1.0782047850347412,
      0.7786624017973307,
      0.6835870383807311,
      0.5286020683707352,
      1.1721297515142766
    ],
    "headline_friendly_bonus": 1.6603689896511638,
    "headline_ops_scale": 0.7952125396585692,
    "influence_mode_bonus": 6.156156749608258,
    "late_region_weights": [
      1.0569080648044062,
      1.065378797470847,
      1.0178245731935442,
      0.9225661142676467,
      1.1373326989827537,
      1.044238090291207,
      0.7946240694965303
    ],
    "mid_region_weights": [
      0.9141866652934841,
      0.9505405869136995,
      0.9870216684596325,
      0.7494085149424253,
      1.402317494649174,
      1.2187963708075527,
      1.0145957790155322
    ],
    "ops_card_penalty": 0.12844637355232041,
    "realign_base_penalty": -3.852957636380814,
    "realign_country_scale": 0.5045461858987551,
    "realign_defcon2_bonus": 1.9551870676339715,
    "realign_mode_bonus": -1.1073265944919228,
    "space_early_bonus": 0.8808931668748129,
    "space_mode_bonus": 1.496212337124578,
    "space_offside_bonus": 2.2012481610719385,
    "space_when_behind_bonus": 1.866214541578846
  },
  "proxy_score": 0.8467741935483871,
  "snapshot_id": "candidate_0094",
  "source": "random_proxy_search",
  "speed_penalty": 0.17249502291964736
}
