{
  "created_process_s": 0.344979059,
  "created_wall_s": 6.435966115997871,
  "label": "random_91",
  "objective": 0.7751578152930189,
  "paired_score": 0.0,
  "params": {
    "access_bonus": 1.1911408662538359,
    "china_asia_target_bonus": 1.6080216978747797,
    "china_early_penalty": -2.7131401311890606,
    "control_break_bonus": 4.570026961379918,
    "country_battleground_bonus": 7.14321327994578,
    "country_europe_core_bonus": 1.9589987230966373,
    "country_mid_war_entry_bonus": 1.9094119332618067,
    "country_non_battleground_bonus": 1.0804770616429453,
    "country_region_scale": 5.237548772742717,
    "country_stability_scale": 0.5823531567509438,
    "country_thailand_early_bonus": 5.680596897073606,
    "coup_battleground_bonus": 2.567654217360197,
    "coup_defcon2_penalty": -7.786093767506842,
    "coup_defcon3_penalty": -2.7318678011333355,
    "coup_mode_bonus": 3.834894685421058,
    "early_region_weights": [
      0.9987613721980633,
      1.2583172707904433,
      1.035108146273621,
      0.6466978196911453,
      0.5341934987415873,
      0.45451496948736336,
      1.3185467337617849
    ],
    "headline_friendly_bonus": 2.0955956768925383,
    "headline_ops_scale": 0.7154958148346777,
    "influence_mode_bonus": 6.18765787941458,
    "late_region_weights": [
      1.2092776672833774,
      1.0512999774917393,
      0.8290892795708572,
      1.263092082487788,
      0.8348310179911776,
      1.0868718773453296,
      0.8369235540067442
    ],
    "mid_region_weights": [
      1.1558551005479605,
      1.0368843613861634,
      1.0155112067616097,
      1.0253540165455879,
      1.2980502551179782,
      1.258488508062485,
      0.8580696107575658
    ],
    "ops_card_penalty": 0.18854054521123775,
    "realign_base_penalty": -3.5581030192906953,
    "realign_country_scale": 0.5588422594016969,
    "realign_defcon2_bonus": 1.9109342415661024,
    "realign_mode_bonus": -1.0546388844305847,
    "space_early_bonus": 1.0893673212568118,
    "space_mode_bonus": 0.9546295321374741,
    "space_offside_bonus": 1.9539263694408167,
    "space_when_behind_bonus": 1.801581446300011
  },
  "proxy_score": 0.782258064516129,
  "snapshot_id": "candidate_0091",
  "source": "random_proxy_search",
  "speed_penalty": 0.07100249223110122
}
