{
  "created_process_s": 0.324703705,
  "created_wall_s": 6.415685345986276,
  "label": "random_47",
  "objective": 0.8727650540412691,
  "paired_score": 0.0,
  "params": {
    "access_bonus": 1.4126499969034196,
    "china_asia_target_bonus": 1.4835905141722463,
    "china_early_penalty": -2.1878489955955964,
    "control_break_bonus": 5.010501377492824,
    "country_battleground_bonus": 6.974260123803441,
    "country_europe_core_bonus": 1.8350671254391027,
    "country_mid_war_entry_bonus": 2.0382376849905124,
    "country_non_battleground_bonus": 0.49079578311960337,
    "country_region_scale": 4.712209494732292,
    "country_stability_scale": 0.5748314730090871,
    "country_thailand_early_bonus": 6.429930295442877,
    "coup_battleground_bonus": 2.2058663271341152,
    "coup_defcon2_penalty": -8.364987655567413,
    "coup_defcon3_penalty": -2.4156543652667226,
    "coup_mode_bonus": 3.7791478610763964,
    "early_region_weights": [
      0.828289665105268,
      1.424725981159747,
      1.1857852240385516,
      0.7035191307131705,
      0.5926580197629691,
      0.7751221344088107,
      1.1697118484966396
    ],
    "headline_friendly_bonus": 1.9743720963910185,
    "headline_ops_scale": 0.7411071694398769,
    "influence_mode_bonus": 6.010347702563679,
    "late_region_weights": [
      1.0406314793106803,
      1.0999302276394278,
      0.9705127430352574,
      1.1213803340163215,
      0.9792286768727654,
      1.03450722187812,
      0.8059608967573042
    ],
    "mid_region_weights": [
      0.8853271910865236,
      0.9598286802811838,
      1.1599701707361447,
      0.7777244710201329,
      1.0765862849162513,
      1.1593143685984688,
      0.8135649840142198
    ],
    "ops_card_penalty": 0.12008560408767283,
    "realign_base_penalty": -4.394454736122143,
    "realign_country_scale": 0.5710370739618141,
    "realign_defcon2_bonus": 1.7261357601356853,
    "realign_mode_bonus": -1.195280077690478,
    "space_early_bonus": 1.0405644913216563,
    "space_mode_bonus": 1.1116729928797449,
    "space_offside_bonus": 1.9807735318656343,
    "space_when_behind_bonus": 2.379038280863861
  },
  "proxy_score": 0.8790322580645161,
  "snapshot_id": "candidate_0047",
  "source": "random_proxy_search",
  "speed_penalty": 0.06267204023247008
}
