{
  "created_process_s": 0.314886065,
  "created_wall_s": 6.405851219999022,
  "label": "random_28",
  "objective": 0.8467741935483871,
  "paired_score": 0.0,
  "params": {
    "access_bonus": 1.504149491430026,
    "china_asia_target_bonus": 1.5380543361350636,
    "china_early_penalty": -2.566002362809635,
    "control_break_bonus": 5.2031737161959315,
    "country_battleground_bonus": 6.8995683221848605,
    "country_europe_core_bonus": 1.9531651007971818,
    "country_mid_war_entry_bonus": 1.9456287637450707,
    "country_non_battleground_bonus": 0.9998299211029918,
    "country_region_scale": 5.21194323785436,
    "country_stability_scale": 0.5277615552592112,
    "country_thailand_early_bonus": 5.797791635542723,
    "coup_battleground_bonus": 1.9188850359536909,
    "coup_defcon2_penalty": -7.896111285970184,
    "coup_defcon3_penalty": -2.6791933671229797,
    "coup_mode_bonus": 3.5472450348893556,
    "early_region_weights": [
      0.7486511048306382,
      1.3196764004639854,
      1.1277888712823194,
      0.38580195778312854,
      0.612195871840204,
      0.6192914448179054,
      1.3231343207078372
    ],
    "headline_friendly_bonus": 1.7626724419016595,
    "headline_ops_scale": 0.773182835844261,
    "influence_mode_bonus": 5.795307002549903,
    "late_region_weights": [
      1.0469976535247094,
      1.0798395672806094,
      0.9126928701036214,
      0.9139949959528826,
      1.0516143914499863,
      1.0037412169678195,
      0.6058412114048034
    ],
    "mid_region_weights": [
      1.014485770970966,
      0.8795867740843999,
      1.188444483357094,
      0.7796380636550382,
      1.2352544712783928,
      1.2035993040160933,
      0.7373743916133593
    ],
    "ops_card_penalty": 0.19598229798662914,
    "realign_base_penalty": -4.0946759121608585,
    "realign_country_scale": 0.5579009048083453,
    "realign_defcon2_bonus": 2.023284082028057,
    "realign_mode_bonus": -1.1636380581298984,
    "space_early_bonus": 1.1757755173010083,
    "space_mode_bonus": 0.6170308607876147,
    "space_offside_bonus": 2.1783671202525605,
    "space_when_behind_bonus": 2.067403603866025
  },
  "proxy_score": 0.8467741935483871,
  "snapshot_id": "candidate_0028",
  "source": "random_proxy_search",
  "speed_penalty": 0.0
}
