{
  "created_process_s": 0.344542986,
  "created_wall_s": 6.435530099988682,
  "label": "random_90",
  "objective": 0.8467741935483871,
  "paired_score": 0.0,
  "params": {
    "access_bonus": 1.5443053933136244,
    "china_asia_target_bonus": 1.6251228442433479,
    "china_early_penalty": -2.202771176156945,
    "control_break_bonus": 4.521289454817564,
    "country_battleground_bonus": 6.6436761434547735,
    "country_europe_core_bonus": 2.0357159378203935,
    "country_mid_war_entry_bonus": 2.0357974744270013,
    "country_non_battleground_bonus": 1.208771684066026,
    "country_region_scale": 5.275114260764523,
    "country_stability_scale": 0.6203030346241738,
    "country_thailand_early_bonus": 5.882582207533334,
    "coup_battleground_bonus": 2.613227508645229,
    "coup_defcon2_penalty": -7.0740230583299475,
    "coup_defcon3_penalty": -1.7796137374032421,
    "coup_mode_bonus": 4.220922247999848,
    "early_region_weights": [
      0.8754817611480639,
      1.398556857906416,
      1.1432979960025904,
      0.5869757382711362,
      0.5499489841097717,
      0.6511873769831338,
      1.2414094560740476
    ],
    "headline_friendly_bonus": 2.0512619134214,
    "headline_ops_scale": 0.78612692101934,
    "influence_mode_bonus": 5.731696883454817,
    "late_region_weights": [
      1.094542790966241,
      1.0293710855081621,
      0.8152240027850752,
      1.0211387919045676,
      1.0831537688156647,
      1.0939251487967547,
      0.9285044732326926
    ],
    "mid_region_weights": [
      0.9694239465215921,
      1.044034620246955,
      1.2035994872887144,
      0.9425982095626078,
      1.1181491933984564,
      1.2665938280984648,
      0.7617103387294328
    ],
    "ops_card_penalty": 0.18324084813866612,
    "realign_base_penalty": -4.0943388364204765,
    "realign_country_scale": 0.439017120229912,
    "realign_defcon2_bonus": 2.1589832802362516,
    "realign_mode_bonus": -0.7206945609168092,
    "space_early_bonus": 1.0712568516293455,
    "space_mode_bonus": 1.2382333330952044,
    "space_offside_bonus": 2.1486013366250463,
    "space_when_behind_bonus": 2.08699078926692
  },
  "proxy_score": 0.8467741935483871,
  "snapshot_id": "candidate_0090",
  "source": "random_proxy_search",
  "speed_penalty": 0.0
}
