{
  "created_process_s": 0.31807763099999997,
  "created_wall_s": 6.409043832987663,
  "label": "random_34",
  "objective": 0.786563715650002,
  "paired_score": 0.0,
  "params": {
    "access_bonus": 1.8116406982191422,
    "china_asia_target_bonus": 1.4010145732461532,
    "china_early_penalty": -2.739447219869315,
    "control_break_bonus": 4.528171469067267,
    "country_battleground_bonus": 7.145584080447343,
    "country_europe_core_bonus": 2.0189779695852463,
    "country_mid_war_entry_bonus": 1.9913293427083563,
    "country_non_battleground_bonus": 0.9119082208145557,
    "country_region_scale": 5.517120654593391,
    "country_stability_scale": 0.6428939475619625,
    "country_thailand_early_bonus": 5.661362865432817,
    "coup_battleground_bonus": 2.787953141238098,
    "coup_defcon2_penalty": -7.93051171693353,
    "coup_defcon3_penalty": -2.37639864679404,
    "coup_mode_bonus": 4.306412402660146,
    "early_region_weights": [
      0.9148992996411263,
      1.3193598651736673,
      1.0734467711569584,
      0.7689187036712932,
      0.501745326130805,
      0.5648554541777527,
      1.1885757541304962
    ],
    "headline_friendly_bonus": 2.0667299515498003,
    "headline_ops_scale": 0.6890261571952561,
    "influence_mode_bonus": 6.2440880818097435,
    "late_region_weights": [
      1.2237181067378775,
      0.9121121919567763,
      1.056166580836705,
      0.9499962419546971,
      1.170872729234573,
      1.0063702877967833,
      0.6956575286276193
    ],
    "mid_region_weights": [
      0.9983398291447703,
      1.0059442458978447,
      1.005896626173675,
      1.0070242694410425,
      1.2197416615207597,
      1.2062262397205854,
      0.8567266535953648
    ],
    "ops_card_penalty": 0.18689156512526972,
    "realign_base_penalty": -4.435788261470653,
    "realign_country_scale": 0.538417886898967,
    "realign_defcon2_bonus": 1.9504063641103886,
    "realign_mode_bonus": -0.6515275032138992,
    "space_early_bonus": 1.0269894480701467,
    "space_mode_bonus": 0.9976346054409382,
    "space_offside_bonus": 1.9407424716874253,
    "space_when_behind_bonus": 1.9795563248680346
  },
  "proxy_score": 0.8145161290322581,
  "snapshot_id": "candidate_0034",
  "source": "random_proxy_search",
  "speed_penalty": 0.27952413382256025
}
