{
  "created_process_s": 0.32074097,
  "created_wall_s": 6.4117078539857175,
  "label": "random_39",
  "objective": 0.782258064516129,
  "paired_score": 0.0,
  "params": {
    "access_bonus": 1.2432327278687596,
    "china_asia_target_bonus": 1.4192480194595376,
    "china_early_penalty": -2.9694611969706033,
    "control_break_bonus": 4.6273540295148035,
    "country_battleground_bonus": 7.019137888400608,
    "country_europe_core_bonus": 2.048197386114995,
    "country_mid_war_entry_bonus": 1.9350800678297553,
    "country_non_battleground_bonus": 1.0088558756311312,
    "country_region_scale": 5.145204045437785,
    "country_stability_scale": 0.5800084665382484,
    "country_thailand_early_bonus": 6.01261513974908,
    "coup_battleground_bonus": 2.597382951240559,
    "coup_defcon2_penalty": -7.723806680187757,
    "coup_defcon3_penalty": -2.7893192439680394,
    "coup_mode_bonus": 3.963669603618,
    "early_region_weights": [
      0.8605836194025283,
      1.313099013914376,
      1.1135044440261055,
      0.44631769752669925,
      0.6779104009770162,
      0.7760606354073096,
      1.3957228357711913
    ],
    "headline_friendly_bonus": 2.122958327975109,
    "headline_ops_scale": 0.8800401643273806,
    "influence_mode_bonus": 5.753285819672161,
    "late_region_weights": [
      1.1084691307521628,
      0.8509402435216222,
      1.0777880920983849,
      1.1056562142613267,
      1.1804382891278467,
      0.9050013496643827,
      0.8377249385362823
    ],
    "mid_region_weights": [
      0.8737630049025316,
      0.9805876729814034,
      1.1778170125573761,
      0.9965979067030138,
      1.3038246277583943,
      1.335245548969107,
      0.8267444371278269
    ],
    "ops_card_penalty": 0.138546017231842,
    "realign_base_penalty": -3.911787407199274,
    "realign_country_scale": 0.6170200482285092,
    "realign_defcon2_bonus": 1.8144506038678463,
    "realign_mode_bonus": -1.2181010934613694,
    "space_early_bonus": 0.9291019290895415,
    "space_mode_bonus": 1.1793199650402173,
    "space_offside_bonus": 2.0938836233468163,
    "space_when_behind_bonus": 2.138014349292987
  },
  "proxy_score": 0.782258064516129,
  "snapshot_id": "candidate_0039",
  "source": "random_proxy_search",
  "speed_penalty": 0.0
}
