{
  "created_process_s": 0.32201588,
  "created_wall_s": 6.412996582992491,
  "label": "random_41",
  "objective": 0.8053367469749843,
  "paired_score": 0.0,
  "params": {
    "access_bonus": 1.1028408179057172,
    "china_asia_target_bonus": 1.7270761449518446,
    "china_early_penalty": -2.322456812196781,
    "control_break_bonus": 4.696260139933913,
    "country_battleground_bonus": 7.075083233671448,
    "country_europe_core_bonus": 1.9618502425627833,
    "country_mid_war_entry_bonus": 1.9604439117584862,
    "country_non_battleground_bonus": 0.8824701157011534,
    "country_region_scale": 4.776775645749582,
    "country_stability_scale": 0.6246500077426287,
    "country_thailand_early_bonus": 6.2975830856566235,
    "coup_battleground_bonus": 2.420140156404287,
    "coup_defcon2_penalty": -8.28958930942748,
    "coup_defcon3_penalty": -2.5678781768303716,
    "coup_mode_bonus": 4.3020868882406385,
    "early_region_weights": [
      0.8268573458731995,
      1.367068526173373,
      1.16686624188718,
      0.5759703152274205,
      0.6075903189191857,
      0.6252686511931029,
      1.1787840339200395
    ],
    "headline_friendly_bonus": 1.8901847364607403,
    "headline_ops_scale": 0.8375070807149669,
    "influence_mode_bonus": 5.956225975522652,
    "late_region_weights": [
      1.0327887170477097,
      0.9734625153597053,
      1.0000821476702901,
      1.0052642520956505,
      0.960789282234757,
      1.026893545036883,
      0.8172721757504754
    ],
    "mid_region_weights": [
      1.0921998661208916,
      0.7401886045267319,
      0.9517558235354284,
      1.0138715486582515,
      1.239754251009609,
      1.1447445146864967,
      1.0079116861125896
    ],
    "ops_card_penalty": 0.12305332767360848,
    "realign_base_penalty": -3.8109338782872784,
    "realign_country_scale": 0.5767442973846417,
    "realign_defcon2_bonus": 2.099838490199521,
    "realign_mode_bonus": -0.9867486047162456,
    "space_early_bonus": 0.8761381356955441,
    "space_mode_bonus": 1.1291290428604248,
    "space_offside_bonus": 2.107784093770007,
    "space_when_behind_bonus": 2.013689025959626
  },
  "proxy_score": 0.8145161290322581,
  "snapshot_id": "candidate_0041",
  "source": "random_proxy_search",
  "speed_penalty": 0.09179382057273866
}
