{
  "created_process_s": 5.661046361,
  "created_wall_s": 11.75285240598896,
  "label": "spsa_24_minus",
  "objective": 0.8703434492749583,
  "paired_score": 0.0,
  "params": {
    "access_bonus": 1.7152350230111593,
    "china_asia_target_bonus": 1.5302075674085567,
    "china_early_penalty": -2.9368647254093507,
    "control_break_bonus": 5.042666334280165,
    "country_battleground_bonus": 6.84338084420514,
    "country_europe_core_bonus": 1.86199244646491,
    "country_mid_war_entry_bonus": 1.8209365062250011,
    "country_non_battleground_bonus": 0.9675675408051864,
    "country_region_scale": 5.17660773233958,
    "country_stability_scale": 0.5651940436727859,
    "country_thailand_early_bonus": 5.753053820467002,
    "coup_battleground_bonus": 2.242738768730366,
    "coup_defcon2_penalty": -7.6903346312360705,
    "coup_defcon3_penalty": -2.337076213727089,
    "coup_mode_bonus": 3.86212498017178,
    "early_region_weights": [
      0.8694821400371826,
      1.4126263717257446,
      1.0041699400784692,
      0.7154552870741049,
      0.6444076744373739,
      0.6712562619095763,
      1.4199956023622933
    ],
    "headline_friendly_bonus": 1.8545542840192437,
    "headline_ops_scale": 0.717109939110471,
    "influence_mode_bonus": 6.153148703735579,
    "late_region_weights": [
      1.257480253620585,
      1.0774843222884884,
      0.9802628766974577,
      0.9044684302054679,
      1.2966071138926003,
      1.0200509517357321,
      0.9334379456901493
    ],
    "mid_region_weights": [
      0.884219890911346,
      0.993982745806092,
      1.105457423142967,
      0.904859354930504,
      1.3366773583114513,
      1.146099749279138,
      0.8893245063818279
    ],
    "ops_card_penalty": 0.14448422730528118,
    "realign_base_penalty": -4.072626262356432,
    "realign_country_scale": 0.6140403997241841,
    "realign_defcon2_bonus": 2.2183097921090558,
    "realign_mode_bonus": -1.047660882193706,
    "space_early_bonus": 0.989767218333448,
    "space_mode_bonus": 0.8413165302756503,
    "space_offside_bonus": 2.025024973090043,
    "space_when_behind_bonus": 1.8990854491525988
  },
  "proxy_score": 0.8790322580645161,
  "snapshot_id": "candidate_0168",
  "source": "proxy_spsa",
  "speed_penalty": 0.08688808789557823
}
