{
  "created_process_s": 3.8173099440000002,
  "created_wall_s": 9.909462550989701,
  "label": "spsa_16_plus",
  "objective": 0.8695023824368181,
  "paired_score": 0.0,
  "params": {
    "access_bonus": 1.713858747368117,
    "china_asia_target_bonus": 1.531125084503918,
    "china_early_penalty": -2.9386997596000732,
    "control_break_bonus": 5.039913782994081,
    "country_battleground_bonus": 6.820674636943544,
    "country_europe_core_bonus": 1.8529099635602715,
    "country_mid_war_entry_bonus": 1.8200189891296399,
    "country_non_battleground_bonus": 0.9661912651621444,
    "country_region_scale": 5.1789015250779835,
    "country_stability_scale": 0.5656528022204665,
    "country_thailand_early_bonus": 5.754888854657725,
    "coup_battleground_bonus": 2.224573802921089,
    "coup_defcon2_penalty": -7.726664562854625,
    "coup_defcon3_penalty": -2.3143700064654924,
    "coup_mode_bonus": 3.8593724288856954,
    "early_region_weights": [
      0.870399657132544,
      1.403543888821106,
      0.9950874571738305,
      0.7245377699787435,
      0.6534901573420125,
      0.6621737790049377,
      1.4209131194576545
    ],
    "headline_friendly_bonus": 1.8531780083762015,
    "headline_ops_scale": 0.7216511805627903,
    "influence_mode_bonus": 6.180396152449495,
    "late_region_weights": [
      1.2483977707159464,
      1.086566805193127,
      0.9811803937928191,
      0.9135509131101065,
      1.2875246309879618,
      1.0209684688310934,
      0.9325204285947879
    ],
    "mid_region_weights": [
      0.8833023738159846,
      0.9849002629014534,
      1.1045399060476058,
      0.9057768720258653,
      1.3275948754068128,
      1.1370172663744995,
      0.8884069892864666
    ],
    "ops_card_penalty": 0.14475948243388959,
    "realign_base_penalty": -4.095332469618029,
    "realign_country_scale": 0.6185816411765034,
    "realign_defcon2_bonus": 2.2319335164660137,
    "realign_mode_bonus": -1.0458258480029832,
    "space_early_bonus": 0.9906847354288094,
    "space_mode_bonus": 0.8594814960849276,
    "space_offside_bonus": 2.0264012487330847,
    "space_when_behind_bonus": 1.8977091735095566
  },
  "proxy_score": 0.8790322580645161,
  "snapshot_id": "candidate_0151",
  "source": "proxy_spsa",
  "speed_penalty": 0.09529875627698048
}
