{
  "created_process_s": 2.105863275,
  "created_wall_s": 8.197455896995962,
  "label": "spsa_8_plus",
  "objective": 0.877614344204376,
  "paired_score": 0.0,
  "params": {
    "access_bonus": 1.7319653490859153,
    "china_asia_target_bonus": 1.5331961523157835,
    "china_early_penalty": -2.9145576239763424,
    "control_break_bonus": 5.033700579558484,
    "country_battleground_bonus": 6.850852306473207,
    "country_europe_core_bonus": 1.8649810313721369,
    "country_mid_war_entry_bonus": 1.8179479213177743,
    "country_non_battleground_bonus": 0.9842978668799426,
    "country_region_scale": 5.184079194607647,
    "country_stability_scale": 0.5596172683145338,
    "country_thailand_early_bonus": 5.730746719033995,
    "coup_battleground_bonus": 2.24871593854482,
    "coup_defcon2_penalty": -7.678380291607163,
    "coup_defcon3_penalty": -2.3445476759951562,
    "coup_mode_bonus": 3.895585632321292,
    "early_region_weights": [
      0.8583285893206785,
      1.4014728210092404,
      1.007158524985696,
      0.712466702166878,
      0.655561225153878,
      0.6742448468168032,
      1.4229841872695201
    ],
    "headline_friendly_bonus": 1.8500714066584034,
    "headline_ops_scale": 0.7226867144687231,
    "influence_mode_bonus": 6.144182949013898,
    "late_region_weights": [
      1.2604688385278118,
      1.0886378730049926,
      0.9832514616046846,
      0.915621980921972,
      1.2854535631760962,
      1.023039536642959,
      0.9445914964066534
    ],
    "mid_region_weights": [
      0.8812313060041191,
      0.9828291950895879,
      1.1166109738594712,
      0.9078479398377308,
      1.3255238075949471,
      1.149088334186365,
      0.886335921474601
    ],
    "ops_card_penalty": 0.14113816209032995,
    "realign_base_penalty": -4.100510139147692,
    "realign_country_scale": 0.6125461072705707,
    "realign_defcon2_bonus": 2.235040118183812,
    "realign_mode_bonus": -1.0699679836267142,
    "space_early_bonus": 0.9786136676169439,
    "space_mode_bonus": 0.8353393604611967,
    "space_offside_bonus": 2.0082946470152865,
    "space_when_behind_bonus": 1.9158157752273548
  },
  "proxy_score": 0.8790322580645161,
  "snapshot_id": "candidate_0135",
  "source": "proxy_spsa",
  "speed_penalty": 0.01417913860140163
}
