{
  "created_process_s": 0.337978296,
  "created_wall_s": 6.428963459999068,
  "label": "random_75",
  "objective": 0.8136627449378484,
  "paired_score": 0.0,
  "params": {
    "access_bonus": 1.668337557240041,
    "china_asia_target_bonus": 1.616476689662175,
    "china_early_penalty": -2.598459204442221,
    "control_break_bonus": 5.048491144751282,
    "country_battleground_bonus": 6.900894645953372,
    "country_europe_core_bonus": 2.032529577375149,
    "country_mid_war_entry_bonus": 1.874138847614245,
    "country_non_battleground_bonus": 1.0402454099733105,
    "country_region_scale": 5.417814276490117,
    "country_stability_scale": 0.6365028762449778,
    "country_thailand_early_bonus": 6.502558085430321,
    "coup_battleground_bonus": 2.5103338555088897,
    "coup_defcon2_penalty": -7.242610265505962,
    "coup_defcon3_penalty": -2.4255058192664567,
    "coup_mode_bonus": 3.871225791664318,
    "early_region_weights": [
      0.819341992327801,
      1.2957781804034394,
      1.1381778801434754,
      0.6216059264123653,
      0.5507524140863562,
      0.6700638718016074,
      1.1676797130916097
    ],
    "headline_friendly_bonus": 1.6517997220514424,
    "headline_ops_scale": 0.6951684904662829,
    "influence_mode_bonus": 6.298975092984469,
    "late_region_weights": [
      1.2816921931058518,
      0.8777531766202993,
      0.8853177916155669,
      1.060622633853262,
      0.9327677322759086,
      0.9416201173022625,
      0.7508068587541055
    ],
    "mid_region_weights": [
      0.8060786333736619,
      0.9367147072893462,
      0.9979303610019205,
      1.0007150165435774,
      1.0356786804903808,
      1.1150625643318997,
      0.9917428006699215
    ],
    "ops_card_penalty": 0.13219854611241227,
    "realign_base_penalty": -3.7987839265947283,
    "realign_country_scale": 0.6145973195696378,
    "realign_defcon2_bonus": 2.0673753822950585,
    "realign_mode_bonus": -0.9722843676122771,
    "space_early_bonus": 1.1741518341060224,
    "space_mode_bonus": 0.8627581672155303,
    "space_offside_bonus": 2.2793230360945382,
    "space_when_behind_bonus": 1.8674113882032568
  },
  "proxy_score": 0.8145161290322581,
  "snapshot_id": "candidate_0075",
  "source": "random_proxy_search",
  "speed_penalty": 0.008533840944096927
}
