{
  "created_process_s": 0.351308875,
  "created_wall_s": 6.442419802988297,
  "label": "random_105",
  "objective": 0.8145161290322581,
  "paired_score": 0.0,
  "params": {
    "access_bonus": 1.3672909683424936,
    "china_asia_target_bonus": 1.419123316513398,
    "china_early_penalty": -2.4651398783983742,
    "control_break_bonus": 4.378193351492049,
    "country_battleground_bonus": 7.361437285240084,
    "country_europe_core_bonus": 1.9480230356714157,
    "country_mid_war_entry_bonus": 1.9624591307430577,
    "country_non_battleground_bonus": 1.003344364205165,
    "country_region_scale": 4.906850985821997,
    "country_stability_scale": 0.6149880314293413,
    "country_thailand_early_bonus": 5.8435020822110815,
    "coup_battleground_bonus": 2.344044948361362,
    "coup_defcon2_penalty": -8.485433940182752,
    "coup_defcon3_penalty": -2.568811283987484,
    "coup_mode_bonus": 4.497490676414337,
    "early_region_weights": [
      0.8224068666934155,
      1.2395143471757846,
      1.2422612871889662,
      0.5775459766432597,
      0.5174806314937963,
      0.7084261464205927,
      1.2100196927722087
    ],
    "headline_friendly_bonus": 1.7875737269253316,
    "headline_ops_scale": 0.6980787076730847,
    "influence_mode_bonus": 6.051205381502188,
    "late_region_weights": [
      1.0924723513368964,
      0.948583731616831,
      0.9621942025271486,
      1.0321161308107007,
      1.2388409569292116,
      1.007744596455065,
      0.8103671105810029
    ],
    "mid_region_weights": [
      1.0707248112597458,
      0.9354369371521387,
      1.0547374972992605,
      1.119256158226367,
      1.0412773325746474,
      1.0611611503775213,
      0.883450896081479
    ],
    "ops_card_penalty": 0.17058287696936175,
    "realign_base_penalty": -4.001905614204428,
    "realign_country_scale": 0.5726803692414552,
    "realign_defcon2_bonus": 2.2473305776868537,
    "realign_mode_bonus": -0.9984810528539191,
    "space_early_bonus": 1.0510783734015203,
    "space_mode_bonus": 0.9798874366584749,
    "space_offside_bonus": 2.036226411306514,
    "space_when_behind_bonus": 2.2114467597918392
  },
  "proxy_score": 0.8145161290322581,
  "snapshot_id": "candidate_0105",
  "source": "random_proxy_search",
  "speed_penalty": 0.0
}
