{
  "created_process_s": 0.348589993,
  "created_wall_s": 6.439578193996567,
  "label": "random_99",
  "objective": 0.8129119773447913,
  "paired_score": 0.0,
  "params": {
    "access_bonus": 1.4064840506969047,
    "china_asia_target_bonus": 1.6710977896398407,
    "china_early_penalty": -2.524933203225715,
    "control_break_bonus": 5.446410356321746,
    "country_battleground_bonus": 7.104377030885376,
    "country_europe_core_bonus": 1.9461338418918053,
    "country_mid_war_entry_bonus": 1.8942370402871818,
    "country_non_battleground_bonus": 0.917800330687086,
    "country_region_scale": 5.347517429747182,
    "country_stability_scale": 0.6153034310942537,
    "country_thailand_early_bonus": 5.903760259090904,
    "coup_battleground_bonus": 2.48486508147488,
    "coup_defcon2_penalty": -7.945938321160638,
    "coup_defcon3_penalty": -2.67758578229754,
    "coup_mode_bonus": 3.8884886977826385,
    "early_region_weights": [
      0.8022206037136353,
      1.4344778111863705,
      1.1218544330332862,
      0.5542123211450994,
      0.49707348579100097,
      0.7343007121843361,
      1.3151304481526636
    ],
    "headline_friendly_bonus": 2.0904808312785126,
    "headline_ops_scale": 0.8223315446046702,
    "influence_mode_bonus": 5.681798777283034,
    "late_region_weights": [
      1.2481715449589237,
      0.8451614553043437,
      1.039596950409403,
      1.0961213528653901,
      1.1101149553018135,
      1.035555667238365,
      0.7419166809934967
    ],
    "mid_region_weights": [
      0.8962029766229052,
      0.9705984141272016,
      0.9107741818417534,
      0.9695027708023514,
      1.2469157474065367,
      1.2343452637729218,
      0.9020857166552206
    ],
    "ops_card_penalty": 0.1644454366267166,
    "realign_base_penalty": -4.356145466926305,
    "realign_country_scale": 0.5216182479505329,
    "realign_defcon2_bonus": 2.003887566290027,
    "realign_mode_bonus": -1.050822996754534,
    "space_early_bonus": 1.0574151103129716,
    "space_mode_bonus": 1.137569309260907,
    "space_offside_bonus": 2.2539185756367974,
    "space_when_behind_bonus": 1.918003097324733
  },
  "proxy_score": 0.8145161290322581,
  "snapshot_id": "candidate_0099",
  "source": "random_proxy_search",
  "speed_penalty": 0.016041516874668593
}
