{
  "created_process_s": 3.286728795,
  "created_wall_s": 9.378685119998408,
  "label": "spsa_13_minus",
  "objective": 0.8790322580645161,
  "paired_score": 0.0,
  "params": {
    "access_bonus": 1.7296792503114955,
    "china_asia_target_bonus": 1.5316720864661704,
    "china_early_penalty": -2.917605755675569,
    "control_break_bonus": 5.038272777107324,
    "country_battleground_bonus": 6.847042141849174,
    "country_europe_core_bonus": 1.8634569655225237,
    "country_mid_war_entry_bonus": 1.8194719871673875,
    "country_non_battleground_bonus": 0.9653707622187659,
    "country_region_scale": 5.152534020172353,
    "country_stability_scale": 0.5603793012393404,
    "country_thailand_early_bonus": 5.75598285858223,
    "coup_battleground_bonus": 2.2456678068455935,
    "coup_defcon2_penalty": -7.684476555005616,
    "coup_defcon3_penalty": -2.3407375113711235,
    "coup_mode_bonus": 3.8910134347724523,
    "early_region_weights": [
      0.8709466590947963,
      1.4140908907833583,
      1.0056344591360828,
      0.7250847719409959,
      0.6540371593042649,
      0.6616267770426854,
      1.421460121419907
    ],
    "headline_friendly_bonus": 1.8523575054328232,
    "headline_ops_scale": 0.7219246815439165,
    "influence_mode_bonus": 6.182037158336252,
    "late_region_weights": [
      1.2589447726781986,
      1.0760198032308748,
      0.9706333918305667,
      0.9030039111478542,
      1.2869776290257093,
      1.0215154707933458,
      0.9319734266325356
    ],
    "mid_region_weights": [
      0.8827553718537323,
      0.9954472648637057,
      1.115086908009858,
      0.895229870063613,
      1.3270478734445603,
      1.1475642683367517,
      0.8989539912487189
    ],
    "ops_card_penalty": 0.14492358302256528,
    "realign_base_penalty": -4.096699974523659,
    "realign_country_scale": 0.6188551421576296,
    "realign_defcon2_bonus": 2.2161130135226355,
    "realign_mode_bonus": -1.0669198519274878,
    "space_early_bonus": 0.9912317373910617,
    "space_mode_bonus": 0.8383874921604231,
    "space_offside_bonus": 2.0272217516764632,
    "space_when_behind_bonus": 1.8968886705661783
  },
  "proxy_score": 0.8790322580645161,
  "snapshot_id": "candidate_0146",
  "source": "proxy_spsa",
  "speed_penalty": 0.0
}
