{
  "created_process_s": 0.319635445,
  "created_wall_s": 6.410602222997113,
  "label": "random_37",
  "objective": 0.8467741935483871,
  "paired_score": 0.0,
  "params": {
    "access_bonus": 1.7214183366665812,
    "china_asia_target_bonus": 1.3999992478635428,
    "china_early_penalty": -2.362186321101406,
    "control_break_bonus": 4.7489701588558475,
    "country_battleground_bonus": 7.008459137509863,
    "country_europe_core_bonus": 1.9616416573740543,
    "country_mid_war_entry_bonus": 2.0973061652803175,
    "country_non_battleground_bonus": 0.8369874524925908,
    "country_region_scale": 4.905029237865047,
    "country_stability_scale": 0.6153685601187597,
    "country_thailand_early_bonus": 5.917643598290609,
    "coup_battleground_bonus": 2.1814210045857036,
    "coup_defcon2_penalty": -8.159709174870425,
    "coup_defcon3_penalty": -2.711396736195504,
    "coup_mode_bonus": 3.6875372105284834,
    "early_region_weights": [
      0.9254516718052123,
      1.2232945249010214,
      0.9836016582382028,
      0.597532262547029,
      0.5317405347510706,
      0.6576674055100574,
      1.2155031115107806
    ],
    "headline_friendly_bonus": 1.7276897682830044,
    "headline_ops_scale": 0.7298251558136044,
    "influence_mode_bonus": 6.172333017178941,
    "late_region_weights": [
      0.9972733323534358,
      0.7954424075784574,
      0.9842652327791456,
      1.292043126845751,
      1.1968704806006452,
      1.0315310618535172,
      0.8694246055846602
    ],
    "mid_region_weights": [
      0.8906822257185447,
      1.050129835357397,
      1.1502491972252504,
      0.9472628476970157,
      1.3876810585833341,
      1.2376279457166626,
      0.9893762141241045
    ],
    "ops_card_penalty": 0.1414959824053267,
    "realign_base_penalty": -4.267085088561768,
    "realign_country_scale": 0.5408662979687007,
    "realign_defcon2_bonus": 2.0719065665932885,
    "realign_mode_bonus": -1.003499983493711,
    "space_early_bonus": 0.9738909930530057,
    "space_mode_bonus": 1.0049393206342496,
    "space_offside_bonus": 2.238933765976753,
    "space_when_behind_bonus": 1.8968710793945838
  },
  "proxy_score": 0.8467741935483871,
  "snapshot_id": "candidate_0037",
  "source": "random_proxy_search",
  "speed_penalty": 0.0
}
