{
  "created_process_s": 7.035863686,
  "created_wall_s": 1166.4356544269976,
  "label": "refine_8",
  "objective": 0.8616507569176258,
  "paired_score": 0.0,
  "params": {
    "access_bonus": 1.4620296311220342,
    "china_asia_target_bonus": 1.4311322272904745,
    "china_early_penalty": -2.512204251251701,
    "control_break_bonus": 5.15375043640117,
    "country_battleground_bonus": 6.98309415975979,
    "country_europe_core_bonus": 2.0060154385720512,
    "country_mid_war_entry_bonus": 2.084635042321612,
    "country_non_battleground_bonus": 1.2693940888954078,
    "country_region_scale": 4.912677725019233,
    "country_stability_scale": 0.5384764661993258,
    "country_thailand_early_bonus": 5.804659380972533,
    "coup_battleground_bonus": 2.699899409299066,
    "coup_defcon2_penalty": -8.049073941145835,
    "coup_defcon3_penalty": -2.545869816730494,
    "coup_mode_bonus": 3.48275001674872,
    "early_region_weights": [
      0.8977690376411439,
      1.2909993549733925,
      0.9381176021223561,
      0.6695035955594266,
      0.32662501233632646,
      0.5969322305990082,
      1.2493692143987372
    ],
    "headline_friendly_bonus": 1.6933383510400324,
    "headline_ops_scale": 0.8401961696039834,
    "influence_mode_bonus": 5.816269967052181,
    "late_region_weights": [
      1.1157039869165735,
      1.0322848107689113,
      1.0555841352006625,
      1.0176675589074613,
      1.1717669105953579,
      0.9854126092624109,
      0.663255284456611
    ],
    "mid_region_weights": [
      0.9156152651963391,
      0.9859091157082366,
      0.9456209590107542,
      0.8424068922506359,
      1.1397483251407066,
      1.2534886345156575,
      0.7594004121705727
    ],
    "ops_card_penalty": 0.19464919104660036,
    "realign_base_penalty": -4.055495458720687,
    "realign_country_scale": 0.6107324004043619,
    "realign_defcon2_bonus": 1.948561765329993,
    "realign_mode_bonus": -1.1072477844762183,
    "space_early_bonus": 1.0171624963918675,
    "space_mode_bonus": 0.8764420177570741,
    "space_offside_bonus": 2.1114360525742226,
    "space_when_behind_bonus": 1.912896975011639
  },
  "proxy_score": 0.8790322580645161,
  "snapshot_id": "candidate_0176",
  "source": "screen_refine",
  "speed_penalty": 0.1738150114689032
}
