{
  "created_process_s": 0.34543731,
  "created_wall_s": 6.436424387997249,
  "label": "random_92",
  "objective": 0.8047769630142909,
  "paired_score": 0.0,
  "params": {
    "access_bonus": 1.4072081843244555,
    "china_asia_target_bonus": 1.4154012004762198,
    "china_early_penalty": -2.6881789830583562,
    "control_break_bonus": 5.078684494278902,
    "country_battleground_bonus": 6.996609873545109,
    "country_europe_core_bonus": 1.9610578655447861,
    "country_mid_war_entry_bonus": 2.0375503320852695,
    "country_non_battleground_bonus": 0.8822522947976097,
    "country_region_scale": 4.700559381843153,
    "country_stability_scale": 0.5476342692574806,
    "country_thailand_early_bonus": 5.93156085778569,
    "coup_battleground_bonus": 2.263428466700105,
    "coup_defcon2_penalty": -8.121505588281291,
    "coup_defcon3_penalty": -2.428441492530731,
    "coup_mode_bonus": 4.093514135430967,
    "early_region_weights": [
      0.874137378405614,
      1.3655482704504662,
      1.1077216078476342,
      0.6063687178454449,
      0.5375938989191629,
      0.5245226342744016,
      1.2527246512108923
    ],
    "headline_friendly_bonus": 1.9633873637603443,
    "headline_ops_scale": 0.7663386888590691,
    "influence_mode_bonus": 5.731768248213873,
    "late_region_weights": [
      1.1726898964230787,
      0.8997529904897034,
      1.051558433180411,
      1.0076707688611255,
      1.0787553382923452,
      1.079256952825446,
      0.865869059459452
    ],
    "mid_region_weights": [
      0.779202952191518,
      0.9152271844883124,
      0.9714232368666412,
      0.8438068677591392,
      1.1517056846485376,
      1.126828111223601,
      1.015239878349314
    ],
    "ops_card_penalty": 0.15656527358349656,
    "realign_base_penalty": -3.640358722393672,
    "realign_country_scale": 0.5594422621015375,
    "realign_defcon2_bonus": 1.8119627367140028,
    "realign_mode_bonus": -1.1816967235368205,
    "space_early_bonus": 1.017063537724007,
    "space_mode_bonus": 0.574519148200872,
    "space_offside_bonus": 1.973940109468385,
    "space_when_behind_bonus": 1.9258923869142053
  },
  "proxy_score": 0.8145161290322581,
  "snapshot_id": "candidate_0092",
  "source": "random_proxy_search",
  "speed_penalty": 0.09739166017967227
}
