{
  "created_process_s": 0.534649378,
  "created_wall_s": 6.625816144995042,
  "label": "spsa_1_plus",
  "objective": 0.8158007144742866,
  "paired_score": 0.0,
  "params": {
    "access_bonus": 1.691358747368117,
    "china_asia_target_bonus": 1.546125084503918,
    "china_early_penalty": -2.8886997596000734,
    "control_break_bonus": 4.9949137829940815,
    "country_battleground_bonus": 6.883174636943544,
    "country_europe_core_bonus": 1.8379099635602714,
    "country_mid_war_entry_bonus": 1.8450189891296398,
    "country_non_battleground_bonus": 0.9436912651621443,
    "country_region_scale": 5.216401525077983,
    "country_stability_scale": 0.5531528022204666,
    "country_thailand_early_bonus": 5.7848888546577255,
    "coup_battleground_bonus": 2.274573802921089,
    "coup_defcon2_penalty": -7.786664562854625,
    "coup_defcon3_penalty": -2.2768700064654928,
    "coup_mode_bonus": 3.8143724288856955,
    "early_region_weights": [
      0.845399657132544,
      1.388543888821106,
      1.0200874571738305,
      0.7395377699787435,
      0.6684901573420126,
      0.6871737790049377,
      1.3959131194576546
    ],
    "headline_friendly_bonus": 1.8906780083762016,
    "headline_ops_scale": 0.7291511805627904,
    "influence_mode_bonus": 6.1053961524494955,
    "late_region_weights": [
      1.2333977707159463,
      1.061566805193127,
      0.956180393792819,
      0.9285509131101065,
      1.2725246309879616,
      1.0359684688310935,
      0.9175204285947879
    ],
    "mid_region_weights": [
      0.9083023738159847,
      0.9699002629014534,
      1.1295399060476057,
      0.8807768720258653,
      1.3125948754068126,
      1.1620172663744994,
      0.9134069892864666
    ],
    "ops_card_penalty": 0.13725948243388958,
    "realign_base_penalty": -4.1328324696180285,
    "realign_country_scale": 0.6060816411765034,
    "realign_defcon2_bonus": 2.194433516466014,
    "realign_mode_bonus": -1.0958258480029832,
    "space_early_bonus": 1.0056847354288094,
    "space_mode_bonus": 0.8894814960849277,
    "space_offside_bonus": 1.9889012487330848,
    "space_when_behind_bonus": 1.8752091735095566
  },
  "proxy_score": 0.8790322580645161,
  "snapshot_id": "candidate_0121",
  "source": "proxy_spsa",
  "speed_penalty": 0.6323154359022953
}
