{
  "created_process_s": 0.322421894,
  "created_wall_s": 6.413402951991884,
  "label": "random_42",
  "objective": 0.8106723941196787,
  "paired_score": 0.0,
  "params": {
    "access_bonus": 1.5856516791558846,
    "china_asia_target_bonus": 1.5661394855395085,
    "china_early_penalty": -2.5504924078776536,
    "control_break_bonus": 4.7317033517943035,
    "country_battleground_bonus": 6.971455228491714,
    "country_europe_core_bonus": 1.9552598693348837,
    "country_mid_war_entry_bonus": 1.7209905021229925,
    "country_non_battleground_bonus": 0.8241601964295325,
    "country_region_scale": 5.036306890525501,
    "country_stability_scale": 0.6282164025326058,
    "country_thailand_early_bonus": 6.070289963011723,
    "coup_battleground_bonus": 2.4549622152344126,
    "coup_defcon2_penalty": -8.539525607144585,
    "coup_defcon3_penalty": -2.3679696555620073,
    "coup_mode_bonus": 4.3450350338570844,
    "early_region_weights": [
      0.9134253178104947,
      1.384520653588745,
      1.1815174406825883,
      0.5416382851165248,
      0.39955172062164873,
      0.6905594737165177,
      1.113683071945677
    ],
    "headline_friendly_bonus": 1.9938085854435565,
    "headline_ops_scale": 0.6929971072577735,
    "influence_mode_bonus": 5.1812359028792265,
    "late_region_weights": [
      1.1025477534796335,
      1.0360000420291866,
      0.9812553062015267,
      1.0175612943651327,
      1.1165028309895642,
      0.9754870405624324,
      0.590111210221522
    ],
    "mid_region_weights": [
      0.8991968254157698,
      1.1741591677653376,
      1.0530846966601266,
      1.0538263153225709,
      1.325643293417585,
      1.199879848193773,
      1.062672929299538
    ],
    "ops_card_penalty": 0.11749941827109914,
    "realign_base_penalty": -3.88965486820291,
    "realign_country_scale": 0.523487969125714,
    "realign_defcon2_bonus": 2.2616107529886498,
    "realign_mode_bonus": -1.0669366917714385,
    "space_early_bonus": 0.9968736975044615,
    "space_mode_bonus": 0.9623071280548766,
    "space_offside_bonus": 2.191440452271322,
    "space_when_behind_bonus": 2.0485883323957537
  },
  "proxy_score": 0.8145161290322581,
  "snapshot_id": "candidate_0042",
  "source": "random_proxy_search",
  "speed_penalty": 0.038437349125793885
}
