{
  "created_process_s": 0.331655498,
  "created_wall_s": 6.4226390209951205,
  "label": "random_61",
  "objective": 0.7896997800328387,
  "paired_score": 0.0,
  "params": {
    "access_bonus": 1.6609246016198411,
    "china_asia_target_bonus": 1.571640997451084,
    "china_early_penalty": -2.204553890346167,
    "control_break_bonus": 5.060025932798701,
    "country_battleground_bonus": 7.0701644291051196,
    "country_europe_core_bonus": 2.040823973862583,
    "country_mid_war_entry_bonus": 2.035275125911504,
    "country_non_battleground_bonus": 0.7425408949268644,
    "country_region_scale": 5.083625117692171,
    "country_stability_scale": 0.5487735703710698,
    "country_thailand_early_bonus": 5.900706014012053,
    "coup_battleground_bonus": 2.5765661254445007,
    "coup_defcon2_penalty": -8.16725709537696,
    "coup_defcon3_penalty": -2.7340417660091423,
    "coup_mode_bonus": 3.4828559406329678,
    "early_region_weights": [
      0.9611547283491977,
      1.392289714906172,
      1.021201660878256,
      0.4872055531184222,
      0.4160400183243441,
      0.5518879130379034,
      0.9564805811842039
    ],
    "headline_friendly_bonus": 2.073271403808719,
    "headline_ops_scale": 0.8276635972267857,
    "influence_mode_bonus": 6.1456048155748935,
    "late_region_weights": [
      1.141400270009023,
      0.9274071673562726,
      0.8884966262009102,
      1.076883249489645,
      1.154857791694732,
      1.1515095176551027,
      0.7614738204162642
    ],
    "mid_region_weights": [
      1.1043686066571516,
      0.9959658151733488,
      1.0974637684934736,
      0.7045752033085096,
      1.351195014157808,
      1.3180992341294315,
      0.958912128168163
    ],
    "ops_card_penalty": 0.17220257072748923,
    "realign_base_penalty": -3.88489213195889,
    "realign_country_scale": 0.5441564230252914,
    "realign_defcon2_bonus": 2.160950747860906,
    "realign_mode_bonus": -0.9377023270524678,
    "space_early_bonus": 1.0736684070068396,
    "space_mode_bonus": 0.9741910409938,
    "space_offside_bonus": 2.010629550351666,
    "space_when_behind_bonus": 1.9983056150850746
  },
  "proxy_score": 0.8145161290322581,
  "snapshot_id": "candidate_0061",
  "source": "random_proxy_search",
  "speed_penalty": 0.24816348999419469
}
