{
  "created_process_s": 0.355656365,
  "created_wall_s": 6.4467683599941665,
  "label": "random_115",
  "objective": 0.8467741935483871,
  "paired_score": 0.0,
  "params": {
    "access_bonus": 1.5985430829430791,
    "china_asia_target_bonus": 1.7983377628588524,
    "china_early_penalty": -2.412545151015941,
    "control_break_bonus": 5.18108430330336,
    "country_battleground_bonus": 7.0862433642142335,
    "country_europe_core_bonus": 1.981560870239271,
    "country_mid_war_entry_bonus": 2.112014754092866,
    "country_non_battleground_bonus": 1.0068262509976946,
    "country_region_scale": 4.886638094344071,
    "country_stability_scale": 0.5834589148598469,
    "country_thailand_early_bonus": 6.088603963493274,
    "coup_battleground_bonus": 2.2589345941415724,
    "coup_defcon2_penalty": -7.873309332917642,
    "coup_defcon3_penalty": -2.6859448179643945,
    "coup_mode_bonus": 3.847160653037885,
    "early_region_weights": [
      0.894865434420482,
      1.3165767478058452,
      0.8951878486161045,
      0.3673318440397506,
      0.4772463754834757,
      0.796450165962227,
      1.116821999127505
    ],
    "headline_friendly_bonus": 2.008142617526144,
    "headline_ops_scale": 0.7308165566039866,
    "influence_mode_bonus": 5.607703226908984,
    "late_region_weights": [
      0.9483436486291936,
      0.8127282546657575,
      1.0364944671947918,
      1.0179520567533256,
      1.1577025481514494,
      0.9232610348647928,
      0.9211110075813846
    ],
    "mid_region_weights": [
      0.932417017176477,
      1.0363743687529317,
      1.1322294868405116,
      0.912747936505442,
      1.2452309604392744,
      1.0733100307906356,
      0.8382139814982711
    ],
    "ops_card_penalty": 0.17478077661503696,
    "realign_base_penalty": -4.177810619466707,
    "realign_country_scale": 0.5778108051988505,
    "realign_defcon2_bonus": 2.219259860032062,
    "realign_mode_bonus": -0.9001749388271949,
    "space_early_bonus": 1.1790765015102664,
    "space_mode_bonus": 0.9634962245468817,
    "space_offside_bonus": 1.9774747039656544,
    "space_when_behind_bonus": 1.9220405800348634
  },
  "proxy_score": 0.8467741935483871,
  "snapshot_id": "candidate_0115",
  "source": "random_proxy_search",
  "speed_penalty": 0.0
}
