{
  "created_process_s": 7.4395454910000005,
  "created_wall_s": 1319.563120352992,
  "label": "refine_11",
  "objective": 0.8678021015820884,
  "paired_score": 0.0,
  "params": {
    "access_bonus": 1.4723196929553575,
    "china_asia_target_bonus": 1.4006283603159129,
    "china_early_penalty": -2.442139150571493,
    "control_break_bonus": 5.279461756870258,
    "country_battleground_bonus": 6.8909847263611965,
    "country_europe_core_bonus": 2.023540155821337,
    "country_mid_war_entry_bonus": 2.0736997681712728,
    "country_non_battleground_bonus": 1.254030269059778,
    "country_region_scale": 4.975041572794972,
    "country_stability_scale": 0.5392698128048383,
    "country_thailand_early_bonus": 5.880589851263681,
    "coup_battleground_bonus": 2.6982719931587584,
    "coup_defcon2_penalty": -8.024574689706295,
    "coup_defcon3_penalty": -2.522234814572822,
    "coup_mode_bonus": 3.4748916489462367,
    "early_region_weights": [
      0.8476994681186134,
      1.2555736838723943,
      1.0413268715167974,
      0.6836072582151047,
      0.37868944734933885,
      0.5629479454032454,
      1.266432103467361
    ],
    "headline_friendly_bonus": 1.7055069408035433,
    "headline_ops_scale": 0.8526905001005844,
    "influence_mode_bonus": 5.945455065338756,
    "late_region_weights": [
      1.1184603881859412,
      1.0141844518912027,
      1.0022464021333,
      0.9509200969321786,
      1.1835881047471453,
      0.9794590767231055,
      0.6732671000896795
    ],
    "mid_region_weights": [
      0.8991224204919417,
      0.9927690284907462,
      0.9529602424664316,
      0.8705837032292069,
      1.139714820945828,
      1.1993282337837385,
      0.7254808945263133
    ],
    "ops_card_penalty": 0.18254927312496677,
    "realign_base_penalty": -3.9641333165606416,
    "realign_country_scale": 0.588325603343044,
    "realign_defcon2_bonus": 1.9083108415563022,
    "realign_mode_bonus": -1.0376642892006782,
    "space_early_bonus": 0.9455677172454775,
    "space_mode_bonus": 0.8728646772690052,
    "space_offside_bonus": 2.132819561753464,
    "space_when_behind_bonus": 1.8861239071104612
  },
  "proxy_score": 0.8790322580645161,
  "snapshot_id": "candidate_0179",
  "source": "screen_refine",
  "speed_penalty": 0.11230156482427733
}
