{
  "created_process_s": 0.345849755,
  "created_wall_s": 6.436837264991482,
  "label": "random_93",
  "objective": 0.8021855366999531,
  "paired_score": 0.0,
  "params": {
    "access_bonus": 1.3206633716555258,
    "china_asia_target_bonus": 1.465541656870886,
    "china_early_penalty": -2.8910103847713042,
    "control_break_bonus": 4.775567818599656,
    "country_battleground_bonus": 6.941293500344824,
    "country_europe_core_bonus": 1.8654251483432807,
    "country_mid_war_entry_bonus": 2.067866347758745,
    "country_non_battleground_bonus": 0.9239442151703159,
    "country_region_scale": 4.993578265494467,
    "country_stability_scale": 0.6402559003466572,
    "country_thailand_early_bonus": 6.019423395717629,
    "coup_battleground_bonus": 2.556396330367116,
    "coup_defcon2_penalty": -8.145563990494063,
    "coup_defcon3_penalty": -2.5290981749455357,
    "coup_mode_bonus": 4.340252941870011,
    "early_region_weights": [
      0.9267999773683586,
      1.450297432830354,
      1.114204119460849,
      0.6779975813943442,
      0.4982856924361029,
      0.5185525295857968,
      1.2388491767878338
    ],
    "headline_friendly_bonus": 2.0266773037177006,
    "headline_ops_scale": 0.6869520904125631,
    "influence_mode_bonus": 5.770989083217742,
    "late_region_weights": [
      1.1264489367281805,
      0.8338981297778411,
      0.8984994645711712,
      1.132233138494011,
      1.1691045328543637,
      1.0242393205823819,
      0.829409908257867
    ],
    "mid_region_weights": [
      1.0182846952241442,
      1.0765820736153697,
      0.8853027562190634,
      0.8685382782848889,
      1.0941230185866242,
      1.157390710700934,
      0.7729227137396365
    ],
    "ops_card_penalty": 0.14808505294689664,
    "realign_base_penalty": -4.441013719509618,
    "realign_country_scale": 0.6027706867761471,
    "realign_defcon2_bonus": 1.9378526521598471,
    "realign_mode_bonus": -0.6615147592602224,
    "space_early_bonus": 0.8878747276846214,
    "space_mode_bonus": 0.8378279940687995,
    "space_offside_bonus": 1.7308665639807819,
    "space_when_behind_bonus": 2.1792541620255155
  },
  "proxy_score": 0.8145161290322581,
  "snapshot_id": "candidate_0093",
  "source": "random_proxy_search",
  "speed_penalty": 0.12330592332305068
}
