{
  "created_process_s": 2.5619008169999997,
  "created_wall_s": 5.069713909004349,
  "label": "spsa_9_minus",
  "objective": 0.8194883160752803,
  "paired_score": 0.0,
  "params": {
    "coup_mode_bonus": 4.02,
    "early_region_weights": [
      0.8433333333333333,
      1.3433333333333335,
      1.0933333333333335,
      0.5933333333333333,
      0.5566666666666668,
      0.6566666666666667,
      1.2566666666666666
    ],
    "influence_mode_bonus": 5.98,
    "late_region_weights": [
      1.0933333333333335,
      0.9566666666666667,
      0.9566666666666667,
      1.0566666666666666,
      1.0933333333333335,
      1.0066666666666666,
      0.7433333333333333
    ],
    "mid_region_weights": [
      0.9433333333333332,
      1.0066666666666666,
      1.0066666666666666,
      0.9566666666666667,
      1.2066666666666666,
      1.1933333333333334,
      0.8933333333333333
    ],
    "ops_card_penalty": 0.152,
    "realign_mode_bonus": -1.0133333333333334,
    "space_mode_bonus": 1.0133333333333334
  },
  "proxy_score": 0.8467741935483871,
  "snapshot_id": "candidate_0058",
  "source": "proxy_spsa",
  "speed_penalty": 0.27285877473106845
}
