{
  "created_process_s": 2.9570856649999997,
  "created_wall_s": 5.463898044996313,
  "label": "spsa_11_plus",
  "objective": 0.813618517694142,
  "paired_score": 0.0,
  "params": {
    "coup_mode_bonus": 4.018090680674666,
    "early_region_weights": [
      0.8560302268915553,
      1.3560302268915554,
      1.0939697731084448,
      0.6060302268915553,
      0.5439697731084447,
      0.6560302268915553,
      1.2560302268915553
    ],
    "influence_mode_bonus": 5.981909319325334,
    "late_region_weights": [
      1.0939697731084448,
      0.9560302268915553,
      0.9439697731084447,
      1.0560302268915553,
      1.1060302268915554,
      0.9939697731084447,
      0.7560302268915553
    ],
    "mid_region_weights": [
      0.9560302268915553,
      0.9939697731084447,
      1.0060302268915553,
      0.9439697731084447,
      1.2060302268915553,
      1.1939697731084447,
      0.8939697731084447
    ],
    "ops_card_penalty": 0.15180906806746658,
    "realign_mode_bonus": -0.9879395462168894,
    "space_mode_bonus": 0.9879395462168894
  },
  "proxy_score": 0.8467741935483871,
  "snapshot_id": "candidate_0061",
  "source": "proxy_spsa",
  "speed_penalty": 0.3315567585424517
}
