{
  "created_process_s": 0.21781341999999998,
  "created_wall_s": 2.7284753610001644,
  "label": "random_16",
  "objective": 0.8467741935483871,
  "paired_score": 0.0,
  "params": {
    "coup_mode_bonus": 3.7298147553845187,
    "early_region_weights": [
      0.7803189998121536,
      1.5988155751731534,
      1.1474713071980622,
      0.6392893753220171,
      0.5795251847025323,
      0.6041720960588403,
      1.3005261799779273
    ],
    "influence_mode_bonus": 6.302952070041999,
    "late_region_weights": [
      1.213808295096032,
      1.0776981733313233,
      1.0485716409094674,
      1.0114269086897305,
      1.1428912847518924,
      0.9207811814288837,
      0.6821732999644033
    ],
    "mid_region_weights": [
      0.9745049305913789,
      0.9400011823000848,
      0.8768778131769568,
      0.9893742981312181,
      1.2808674012282484,
      1.335697517121121,
      0.9081454047229146
    ],
    "ops_card_penalty": 0.16292458673803079,
    "realign_mode_bonus": -1.061625670215141,
    "space_mode_bonus": 0.7424560606071298
  },
  "proxy_score": 0.8467741935483871,
  "snapshot_id": "candidate_0016",
  "source": "random_proxy_search",
  "speed_penalty": 0.0
}
