{
  "created_process_s": 0.22569225799999998,
  "created_wall_s": 2.7363368579972303,
  "label": "random_35",
  "objective": 0.782258064516129,
  "paired_score": 0.0,
  "params": {
    "coup_mode_bonus": 4.343714095269569,
    "early_region_weights": [
      0.8791425175315732,
      1.395724237212756,
      0.9674111803248746,
      0.6753088676740502,
      0.6462948142366381,
      0.6420404929257408,
      1.3089029873813012
    ],
    "influence_mode_bonus": 6.126164908590979,
    "late_region_weights": [
      0.8541353836584811,
      0.7203360470025122,
      1.0077065739180748,
      1.1349547742764396,
      1.1024527895504066,
      1.0735757659394005,
      0.7301421055271244
    ],
    "mid_region_weights": [
      0.9170138709067459,
      1.2093699142439205,
      0.8831410432053084,
      0.9894181436276279,
      1.2189738687069784,
      1.1200242650638903,
      1.015939637210175
    ],
    "ops_card_penalty": 0.20740218776127034,
    "realign_mode_bonus": -0.9575835648232951,
    "space_mode_bonus": 0.9062851867822241
  },
  "proxy_score": 0.782258064516129,
  "snapshot_id": "candidate_0035",
  "source": "random_proxy_search",
  "speed_penalty": 0.0
}
