{
  "created_process_s": 0.21472812199999997,
  "created_wall_s": 2.7253969320008764,
  "label": "random_10",
  "objective": 0.8123575444624541,
  "paired_score": 0.0,
  "params": {
    "coup_mode_bonus": 3.735754372578673,
    "early_region_weights": [
      0.9862629347378092,
      1.189954156071248,
      1.084626928364141,
      0.7367730123830377,
      0.4847291385693565,
      0.697876938497189,
      1.1521241284715646
    ],
    "influence_mode_bonus": 5.483260640584598,
    "late_region_weights": [
      1.209326560665988,
      0.9486865761951124,
      0.9125989557313291,
      1.0030154950464447,
      1.2514300589313385,
      1.0097223304553327,
      0.7556125261819401
    ],
    "mid_region_weights": [
      0.8292235632661811,
      0.9660610996781608,
      0.9533236682341364,
      0.8754611317681142,
      1.163757137213027,
      1.159874160009224,
      0.8984985041869354
    ],
    "ops_card_penalty": 0.1750109210455244,
    "realign_mode_bonus": -1.3267513825492476,
    "space_mode_bonus": 1.1044433201167103
  },
  "proxy_score": 0.8467741935483871,
  "snapshot_id": "candidate_0010",
  "source": "random_proxy_search",
  "speed_penalty": 0.34416649085933004
}
