{
  "created_process_s": 2.6905644779999998,
  "created_wall_s": 5.198051639992627,
  "label": "spsa_10_plus",
  "objective": 0.841677277758079,
  "paired_score": 0.0,
  "params": {
    "coup_mode_bonus": 3.9810263340389898,
    "early_region_weights": [
      0.8436754446796633,
      1.356324555320337,
      1.0936754446796633,
      0.5936754446796633,
      0.5436754446796633,
      0.6436754446796633,
      1.2563245553203368
    ],
    "influence_mode_bonus": 6.018973665961011,
    "late_region_weights": [
      1.0936754446796633,
      0.9563245553203367,
      0.9436754446796632,
      1.0563245553203369,
      1.106324555320337,
      1.0063245553203368,
      0.7563245553203367
    ],
    "mid_region_weights": [
      0.9563245553203367,
      1.0063245553203368,
      0.9936754446796633,
      0.9563245553203367,
      1.2063245553203368,
      1.1936754446796631,
      0.9063245553203367
    ],
    "ops_card_penalty": 0.15189736659610104,
    "realign_mode_bonus": -1.0126491106406734,
    "space_mode_bonus": 1.0126491106406734
  },
  "proxy_score": 0.8790322580645161,
  "snapshot_id": "candidate_0059",
  "source": "proxy_spsa",
  "speed_penalty": 0.37354980306437136
}
