{
  "created_process_s": 0.220292186,
  "created_wall_s": 2.7309487229940714,
  "label": "random_22",
  "objective": 0.7919278498482151,
  "paired_score": 0.0,
  "params": {
    "coup_mode_bonus": 3.0147166915639945,
    "early_region_weights": [
      0.832237757132815,
      1.2823744908841486,
      0.9844211608821791,
      0.5822170744742844,
      0.3944677344756373,
      0.6044765349087479,
      1.1890976795233716
    ],
    "influence_mode_bonus": 5.778976815664935,
    "late_region_weights": [
      1.0399990376874881,
      0.8972650752874815,
      1.013939377080489,
      1.0717772393497416,
      1.3232606378975036,
      0.9281395405650354,
      0.7477378137950231
    ],
    "mid_region_weights": [
      1.0902894635993545,
      0.9225200798717731,
      1.0508245176615332,
      1.0329697130232929,
      1.332844863341945,
      1.300513442685076,
      0.9250170977268387
    ],
    "ops_card_penalty": 0.15785748946923467,
    "realign_mode_bonus": -0.9345866139051324,
    "space_mode_bonus": 0.9130394853620372
  },
  "proxy_score": 0.8145161290322581,
  "snapshot_id": "candidate_0022",
  "source": "random_proxy_search",
  "speed_penalty": 0.22588279184043047
}
