{
  "created_process_s": 1.585970946,
  "created_wall_s": 4.096169434997137,
  "label": "spsa_5_minus",
  "objective": 0.8126594735482221,
  "paired_score": 0.0,
  "params": {
    "coup_mode_bonus": 4.026832815729997,
    "early_region_weights": [
      0.8410557280900008,
      1.3589442719099993,
      1.0910557280900008,
      0.5910557280900008,
      0.5410557280900009,
      0.6589442719099992,
      1.2589442719099992
    ],
    "influence_mode_bonus": 5.973167184270003,
    "late_region_weights": [
      1.0910557280900008,
      0.9410557280900008,
      0.9410557280900008,
      1.0410557280900008,
      1.1089442719099993,
      0.9910557280900009,
      0.7589442719099991
    ],
    "mid_region_weights": [
      0.9589442719099991,
      1.0089442719099992,
      0.9910557280900009,
      0.9589442719099991,
      1.1910557280900007,
      1.2089442719099992,
      0.8910557280900009
    ],
    "ops_card_penalty": 0.15268328157299974,
    "realign_mode_bonus": -0.9821114561800017,
    "space_mode_bonus": 0.9821114561800017
  },
  "proxy_score": 0.8467741935483871,
  "snapshot_id": "candidate_0050",
  "source": "proxy_spsa",
  "speed_penalty": 0.34114720000165044
}
