{
  "created_process_s": 0.22097377299999998,
  "created_wall_s": 2.7316285590059124,
  "label": "random_24",
  "objective": 0.7276380115552972,
  "paired_score": 0.0,
  "params": {
    "coup_mode_bonus": 3.7384710514353316,
    "early_region_weights": [
      0.8541736292460843,
      1.1202799359156068,
      1.1732413967294943,
      0.6891596068511215,
      0.5924991507000797,
      0.6465544676734303,
      1.362042984547063
    ],
    "influence_mode_bonus": 5.695824123536953,
    "late_region_weights": [
      1.138972888115888,
      0.9605457404355908,
      0.9647659822575473,
      1.211699645564128,
      1.1592923190773963,
      1.108794953196742,
      0.7264220154700682
    ],
    "mid_region_weights": [
      0.894832009160829,
      1.0305706073295906,
      0.9882640851838691,
      1.0660140994636667,
      1.4447680087939838,
      1.208033761337537,
      0.9399193666783758
    ],
    "ops_card_penalty": 0.09452801464521551,
    "realign_mode_bonus": -0.6754460915433802,
    "space_mode_bonus": 1.1325368067586323
  },
  "proxy_score": 0.75,
  "snapshot_id": "candidate_0024",
  "source": "random_proxy_search",
  "speed_penalty": 0.22361988444702874
}
