{
  "created_process_s": 0.22627192899999998,
  "created_wall_s": 2.736913942004321,
  "label": "random_36",
  "objective": 0.782258064516129,
  "paired_score": 0.0,
  "params": {
    "coup_mode_bonus": 4.3973648666683625,
    "early_region_weights": [
      0.8431430058978345,
      1.2709054996911584,
      1.286453232872909,
      0.4877608315533406,
      0.6649337939443295,
      0.7044956710513379,
      1.3188939163588715
    ],
    "influence_mode_bonus": 6.35441152523516,
    "late_region_weights": [
      1.0576930236714275,
      0.8979907569735448,
      0.8512127164820099,
      1.2572590305963935,
      0.9824346250569114,
      0.9517282617314337,
      0.6613031594507555
    ],
    "mid_region_weights": [
      1.0479387408971668,
      0.7710775082328342,
      1.0039715300105314,
      1.0958334984840417,
      1.4609347719185712,
      1.2186186866054283,
      0.6805960402222627
    ],
    "ops_card_penalty": 0.1270163010614694,
    "realign_mode_bonus": -0.956467229167659,
    "space_mode_bonus": 1.0317286928379679
  },
  "proxy_score": 0.782258064516129,
  "snapshot_id": "candidate_0036",
  "source": "random_proxy_search",
  "speed_penalty": 0.0
}
