{
  "created_process_s": 0.21634193899999998,
  "created_wall_s": 2.7270047039928613,
  "label": "random_13",
  "objective": 0.822194523304331,
  "paired_score": 0.0,
  "params": {
    "coup_mode_bonus": 4.179928652803573,
    "early_region_weights": [
      0.8103264490594856,
      1.5174385671125339,
      1.0441041839847587,
      0.5088219082513324,
      0.45413809975596864,
      0.6882006786163499,
      1.5007621755574005
    ],
    "influence_mode_bonus": 5.727818044505751,
    "late_region_weights": [
      0.9810973819217697,
      1.1963432979093258,
      0.9413412225070966,
      1.094791432285328,
      1.0306368649715263,
      0.9468957236062345,
      0.8264670324523753
    ],
    "mid_region_weights": [
      0.915677122533535,
      1.1477425732628677,
      0.9403972765701545,
      0.6621341873196518,
      1.1147386735618,
      1.3244460004983614,
      1.0309973223335893
    ],
    "ops_card_penalty": 0.23352886461527883,
    "realign_mode_bonus": -1.0505909566595513,
    "space_mode_bonus": 0.5965725283228579
  },
  "proxy_score": 0.8467741935483871,
  "snapshot_id": "candidate_0013",
  "source": "random_proxy_search",
  "speed_penalty": 0.2457967024405614
}
