{
  "created_process_s": 2.327708528,
  "created_wall_s": 4.836100221000379,
  "label": "spsa_8_minus",
  "objective": 0.8552485544523146,
  "paired_score": 0.0,
  "params": {
    "coup_mode_bonus": 3.9787867965644037,
    "early_region_weights": [
      0.8570710678118655,
      1.3429289321881346,
      1.1070710678118656,
      0.6070710678118655,
      0.5570710678118656,
      0.6429289321881345,
      1.2429289321881345
    ],
    "influence_mode_bonus": 6.021213203435597,
    "late_region_weights": [
      1.1070710678118656,
      0.9429289321881344,
      0.9429289321881344,
      1.0570710678118656,
      1.0929289321881346,
      1.0070710678118655,
      0.7570710678118655
    ],
    "mid_region_weights": [
      0.9429289321881344,
      1.0070710678118655,
      0.9929289321881345,
      0.9570710678118655,
      1.2070710678118655,
      1.1929289321881344,
      0.8929289321881345
    ],
    "ops_card_penalty": 0.14787867965644036,
    "realign_mode_bonus": -1.014142135623731,
    "space_mode_bonus": 1.014142135623731
  },
  "proxy_score": 0.8790322580645161,
  "snapshot_id": "candidate_0056",
  "source": "proxy_spsa",
  "speed_penalty": 0.23783703612201457
}
