{
  "created_process_s": 2.211874923,
  "created_wall_s": 4.720548019991838,
  "label": "spsa_8_plus",
  "objective": 0.8222321111136836,
  "paired_score": 0.0,
  "params": {
    "coup_mode_bonus": 4.021213203435597,
    "early_region_weights": [
      0.8429289321881345,
      1.3570710678118656,
      1.0929289321881346,
      0.5929289321881345,
      0.5429289321881345,
      0.6570710678118655,
      1.2570710678118655
    ],
    "influence_mode_bonus": 5.978786796564403,
    "late_region_weights": [
      1.0929289321881346,
      0.9570710678118655,
      0.9570710678118655,
      1.0429289321881345,
      1.1070710678118656,
      0.9929289321881345,
      0.7429289321881345
    ],
    "mid_region_weights": [
      0.9570710678118655,
      0.9929289321881345,
      1.0070710678118655,
      0.9429289321881344,
      1.1929289321881344,
      1.2070710678118655,
      0.9070710678118655
    ],
    "ops_card_penalty": 0.15212132034355963,
    "realign_mode_bonus": -0.9858578643762691,
    "space_mode_bonus": 0.9858578643762691
  },
  "proxy_score": 0.8467741935483871,
  "snapshot_id": "candidate_0055",
  "source": "proxy_spsa",
  "speed_penalty": 0.24542082434703572
}
