{
  "runs": [
    {
      "model_type": "control_feat_gnn_side",
      "hidden_dim": 256,
      "params": 532635,
      "train_rows": 66583,
      "val_rows": 7398,
      "time_s": 61.07288336753845,
      "policy_loss": 2.953168619492419,
      "value_loss": 0.053540898099549046,
      "card_acc": 0.6315125482480513,
      "mode_acc": 0.7522190348887854,
      "adv_card_acc": 0.6537715870790706,
      "val_policy_loss": 3.4834213185935576,
      "val_value_loss": 0.048533902225840184,
      "val_card_acc": 0.5974587726412544,
      "val_mode_acc": 0.7169505271695052,
      "val_adv_card_acc": 0.5976583288983501,
      "val_card_acc_early": 0.5851393188854489,
      "val_card_acc_mid": 0.6149461684610513,
      "val_card_acc_late": 0.5833333333333334,
      "best_epoch": 28,
      "tau": 1.0,
      "seed": 42
    },
    {
      "model_type": "control_feat_gnn_side",
      "hidden_dim": 256,
      "params": 532635,
      "train_rows": 66583,
      "val_rows": 7398,
      "time_s": 60.319944858551025,
      "policy_loss": 2.925351813741039,
      "value_loss": 0.049290247233437515,
      "card_acc": 0.6325788865025607,
      "mode_acc": 0.7523241668293709,
      "adv_card_acc": 0.6566946043487338,
      "val_policy_loss": 3.4780497099135688,
      "val_value_loss": 0.046661892394724326,
      "val_card_acc": 0.592051905920519,
      "val_mode_acc": 0.7228980805623142,
      "val_adv_card_acc": 0.5973922299095263,
      "val_card_acc_early": 0.5878482972136223,
      "val_card_acc_mid": 0.6070297656744775,
      "val_card_acc_late": 0.5700483091787439,
      "best_epoch": 30,
      "tau": 1.0,
      "seed": 43
    },
    {
      "model_type": "control_feat_gnn_side",
      "hidden_dim": 256,
      "params": 532635,
      "train_rows": 66583,
      "val_rows": 7398,
      "time_s": 60.560110569000244,
      "policy_loss": 3.004611951197701,
      "value_loss": 0.05427595658947509,
      "card_acc": 0.6273823648679092,
      "mode_acc": 0.7492603217037382,
      "adv_card_acc": 0.6480746860739106,
      "val_policy_loss": 3.4856278102892286,
      "val_value_loss": 0.052434273402524594,
      "val_card_acc": 0.5958367126250338,
      "val_mode_acc": 0.7188429305217626,
      "val_adv_card_acc": 0.5934007450771687,
      "val_card_acc_early": 0.5839783281733746,
      "val_card_acc_mid": 0.6149461684610513,
      "val_card_acc_late": 0.5778985507246377,
      "best_epoch": 27,
      "tau": 1.0,
      "seed": 44
    }
  ],
  "aggregated": [
    {
      "model_type": "control_feat_gnn_side",
      "hidden_dim": 256,
      "tau": 1.0,
      "params": 532635,
      "n_seeds": 3,
      "val_adv_card_acc": 0.5961504346283485,
      "val_adv_card_acc_std": 0.001947356608133776,
      "val_card_acc": 0.595115797062269,
      "val_card_acc_std": 0.002265442027570787,
      "val_policy_loss": 3.4823662795987853,
      "val_policy_loss_std": 0.0031824237918356276,
      "val_value_loss": 0.04921002267436304,
      "val_value_loss_std": 0.0024045720021778462,
      "time_s": 60.65097959836324,
      "time_s_std": 0.314029706611845
    }
  ]
}