{
  "runs": [
    {
      "model_type": "control_feat_gnn_card_attn",
      "hidden_dim": 256,
      "params": 550523,
      "train_rows": 66583,
      "val_rows": 7398,
      "time_s": 103.09812211990356,
      "policy_loss": 3.705076386345143,
      "value_loss": 0.08562813677749628,
      "card_acc": 0.5858101917906974,
      "mode_acc": 0.7100160701680609,
      "adv_card_acc": 0.5937900796373072,
      "val_policy_loss": 3.8009945325317753,
      "val_value_loss": 0.07634609491317844,
      "val_card_acc": 0.5744795890781292,
      "val_mode_acc": 0.6984320086509868,
      "val_adv_card_acc": 0.5753060138371474,
      "val_card_acc_early": 0.5692724458204335,
      "val_card_acc_mid": 0.5797973400886637,
      "val_card_acc_late": 0.572463768115942,
      "best_epoch": 10,
      "tau": 1.0,
      "seed": 42
    },
    {
      "model_type": "control_feat_gnn_card_attn",
      "hidden_dim": 256,
      "params": 550523,
      "train_rows": 66583,
      "val_rows": 7398,
      "time_s": 96.95070481300354,
      "policy_loss": 3.7046734531241254,
      "value_loss": 0.08867365854624154,
      "card_acc": 0.5864259645855548,
      "mode_acc": 0.711487917336257,
      "adv_card_acc": 0.5932531989143078,
      "val_policy_loss": 3.7977532360740014,
      "val_value_loss": 0.07712295683260446,
      "val_card_acc": 0.5716409840497432,
      "val_mode_acc": 0.6973506353068397,
      "val_adv_card_acc": 0.5761043108036189,
      "val_card_acc_early": 0.5770123839009288,
      "val_card_acc_mid": 0.5791640278657378,
      "val_card_acc_late": 0.5489130434782609,
      "best_epoch": 10,
      "tau": 1.0,
      "seed": 43
    },
    {
      "model_type": "country_attn_side",
      "hidden_dim": 256,
      "params": 615835,
      "train_rows": 66583,
      "val_rows": 7398,
      "time_s": 304.110417842865,
      "policy_loss": 3.701973665667062,
      "value_loss": 0.0883561293553626,
      "card_acc": 0.5871618881696529,
      "mode_acc": 0.711713200066083,
      "adv_card_acc": 0.5956393354609718,
      "val_policy_loss": 3.7956135943954976,
      "val_value_loss": 0.07472973080439063,
      "val_card_acc": 0.5728575290619087,
      "val_mode_acc": 0.7041092187077589,
      "val_adv_card_acc": 0.5753060138371474,
      "val_card_acc_early": 0.5746904024767802,
      "val_card_acc_mid": 0.5807473084230526,
      "val_card_acc_late": 0.5549516908212561,
      "best_epoch": 10,
      "tau": 1.0,
      "seed": 42
    },
    {
      "model_type": "country_attn_side",
      "hidden_dim": 256,
      "params": 615835,
      "train_rows": 66583,
      "val_rows": 7398,
      "time_s": 297.148957490921,
      "policy_loss": 3.6848056416315096,
      "value_loss": 0.08622622119196151,
      "card_acc": 0.585960380277248,
      "mode_acc": 0.7122088220717,
      "adv_card_acc": 0.5947445342559728,
      "val_policy_loss": 3.772832506248905,
      "val_value_loss": 0.0732958874881477,
      "val_card_acc": 0.57191132738578,
      "val_mode_acc": 0.7019464720194647,
      "val_adv_card_acc": 0.5774348057477382,
      "val_card_acc_early": 0.5657894736842105,
      "val_card_acc_mid": 0.5810639645345155,
      "val_card_acc_late": 0.5640096618357487,
      "best_epoch": 10,
      "tau": 1.0,
      "seed": 43
    },
    {
      "model_type": "control_feat_gnn_side",
      "hidden_dim": 256,
      "params": 532635,
      "train_rows": 66583,
      "val_rows": 7398,
      "time_s": 24.256046772003174,
      "policy_loss": 3.6909398043082087,
      "value_loss": 0.08835975525001696,
      "card_acc": 0.5882282264241623,
      "mode_acc": 0.7130048210504183,
      "adv_card_acc": 0.5971306708026367,
      "val_policy_loss": 3.778589675799677,
      "val_value_loss": 0.08227031477949819,
      "val_card_acc": 0.5794809407948094,
      "val_mode_acc": 0.7045147337118141,
      "val_adv_card_acc": 0.5840872804683342,
      "val_card_acc_early": 0.5770123839009288,
      "val_card_acc_mid": 0.5899303356554781,
      "val_card_acc_late": 0.5634057971014492,
      "best_epoch": 10,
      "tau": 1.0,
      "seed": 42
    },
    {
      "model_type": "control_feat_gnn_side",
      "hidden_dim": 256,
      "params": 532635,
      "train_rows": 66583,
      "val_rows": 7398,
      "time_s": 20.77943730354309,
      "policy_loss": 3.7178244843955706,
      "value_loss": 0.09034717872750252,
      "card_acc": 0.5834672514005076,
      "mode_acc": 0.7119985581905292,
      "adv_card_acc": 0.590867062367644,
      "val_policy_loss": 3.7890323802373578,
      "val_value_loss": 0.07783124806365957,
      "val_card_acc": 0.5700189240335226,
      "val_mode_acc": 0.6978913219789132,
      "val_adv_card_acc": 0.577700904736562,
      "val_card_acc_early": 0.5681114551083591,
      "val_card_acc_mid": 0.5756808106396454,
      "val_card_acc_late": 0.5621980676328503,
      "best_epoch": 10,
      "tau": 1.0,
      "seed": 43
    }
  ],
  "aggregated": [
    {
      "model_type": "control_feat_gnn_card_attn",
      "hidden_dim": 256,
      "tau": 1.0,
      "params": 550523,
      "n_seeds": 2,
      "val_adv_card_acc": 0.5757051623203832,
      "val_adv_card_acc_std": 0.00039914848323574503,
      "val_card_acc": 0.5730602865639363,
      "val_card_acc_std": 0.0014193025141930327,
      "val_policy_loss": 3.7993738843028884,
      "val_policy_loss_std": 0.0016206482288869672,
      "val_value_loss": 0.07673452587289145,
      "val_value_loss_std": 0.00038843095971301256,
      "time_s": 100.02441346645355,
      "time_s_std": 3.073708653450012
    },
    {
      "model_type": "country_attn_side",
      "hidden_dim": 256,
      "tau": 1.0,
      "params": 615835,
      "n_seeds": 2,
      "val_adv_card_acc": 0.5763704097924428,
      "val_adv_card_acc_std": 0.001064395955295394,
      "val_card_acc": 0.5723844282238444,
      "val_card_acc_std": 0.0004731008380643442,
      "val_policy_loss": 3.7842230503222014,
      "val_policy_loss_std": 0.011390544073296205,
      "val_value_loss": 0.07401280914626918,
      "val_value_loss_std": 0.0007169216581214624,
      "time_s": 300.629687666893,
      "time_s_std": 3.480730175971985
    },
    {
      "model_type": "control_feat_gnn_side",
      "hidden_dim": 256,
      "tau": 1.0,
      "params": 532635,
      "n_seeds": 2,
      "val_adv_card_acc": 0.5808940926024482,
      "val_adv_card_acc_std": 0.003193187865886127,
      "val_card_acc": 0.574749932414166,
      "val_card_acc_std": 0.004731008380643387,
      "val_policy_loss": 3.7838110280185173,
      "val_policy_loss_std": 0.005221352218840458,
      "val_value_loss": 0.08005078142157887,
      "val_value_loss_std": 0.002219533357919308,
      "time_s": 22.517742037773132,
      "time_s_std": 1.7383047342300415
    }
  ]
}