{
  "runs": [
    {
      "model_type": "control_feat_gnn_side",
      "hidden_dim": 256,
      "params": 532635,
      "train_rows": 1143440,
      "val_rows": 127048,
      "time_s": 223.0159912109375,
      "policy_loss": 3.460410578969994,
      "value_loss": 0.08519121848001429,
      "card_acc": 0.5771907577135661,
      "mode_acc": 0.662101203386273,
      "adv_card_acc": 0.5680395085920493,
      "val_policy_loss": 3.4499338800649966,
      "val_value_loss": 0.08146977800598869,
      "val_card_acc": 0.5796077073232164,
      "val_mode_acc": 0.662922674894528,
      "val_adv_card_acc": 0.5685564124891156,
      "val_card_acc_early": 0.5422998412338399,
      "val_card_acc_mid": 0.5966159299797175,
      "val_card_acc_late": 0.6049024122418618,
      "best_epoch": 4,
      "tau": 1.0,
      "seed": 42
    },
    {
      "model_type": "control_feat_gnn_side",
      "hidden_dim": 256,
      "params": 532635,
      "train_rows": 1143440,
      "val_rows": 127048,
      "time_s": 216.08016991615295,
      "policy_loss": 3.4359335849277284,
      "value_loss": 0.0840149595140827,
      "card_acc": 0.5789661022878332,
      "mode_acc": 0.662774609948926,
      "adv_card_acc": 0.570285412663311,
      "val_policy_loss": 3.445906038916642,
      "val_value_loss": 0.08038398863343191,
      "val_card_acc": 0.5798044833448776,
      "val_mode_acc": 0.6615452427429003,
      "val_adv_card_acc": 0.5688362980470207,
      "val_card_acc_early": 0.5449081424359266,
      "val_card_acc_mid": 0.595007948544594,
      "val_card_acc_late": 0.6048315681343204,
      "best_epoch": 5,
      "tau": 1.0,
      "seed": 43
    },
    {
      "model_type": "control_feat_gnn_side",
      "hidden_dim": 256,
      "params": 532635,
      "train_rows": 1143440,
      "val_rows": 127048,
      "time_s": 226.02522349357605,
      "policy_loss": 3.435327915914129,
      "value_loss": 0.08416984240757545,
      "card_acc": 0.5788165535576856,
      "mode_acc": 0.6626136920170713,
      "adv_card_acc": 0.5702750628749642,
      "val_policy_loss": 3.4505893273434944,
      "val_value_loss": 0.08162864820590571,
      "val_card_acc": 0.5800720987343366,
      "val_mode_acc": 0.6627495119954663,
      "val_adv_card_acc": 0.5698625450926732,
      "val_card_acc_early": 0.5444318439555454,
      "val_card_acc_mid": 0.5965428399144846,
      "val_card_acc_late": 0.6038043285749708,
      "best_epoch": 5,
      "tau": 1.0,
      "seed": 44
    },
    {
      "model_type": "control_feat_gnn_side",
      "hidden_dim": 384,
      "params": 835739,
      "train_rows": 1143440,
      "val_rows": 127048,
      "time_s": 223.39227080345154,
      "policy_loss": 3.3901688897517133,
      "value_loss": 0.0822127321744277,
      "card_acc": 0.5815836423424053,
      "mode_acc": 0.6648989015602043,
      "adv_card_acc": 0.573754316724223,
      "val_policy_loss": 3.4263680067255144,
      "val_value_loss": 0.07896261851453232,
      "val_card_acc": 0.5808828159435804,
      "val_mode_acc": 0.6638514577167685,
      "val_adv_card_acc": 0.5699558402786417,
      "val_card_acc_early": 0.5457246541165798,
      "val_card_acc_mid": 0.5985162716757725,
      "val_card_acc_late": 0.6016081612411888,
      "best_epoch": 5,
      "tau": 1.0,
      "seed": 42
    },
    {
      "model_type": "control_feat_gnn_side",
      "hidden_dim": 384,
      "params": 835739,
      "train_rows": 1143440,
      "val_rows": 127048,
      "time_s": 221.5415642261505,
      "policy_loss": 3.3986338924445856,
      "value_loss": 0.08227935207905132,
      "card_acc": 0.5809478416007836,
      "mode_acc": 0.6637952144406353,
      "adv_card_acc": 0.5736042447931939,
      "val_policy_loss": 3.4393917072720823,
      "val_value_loss": 0.08013143588257905,
      "val_card_acc": 0.5812763679869026,
      "val_mode_acc": 0.6619545368679555,
      "val_adv_card_acc": 0.5711842268938923,
      "val_card_acc_early": 0.5442730777954184,
      "val_card_acc_mid": 0.5985528167083889,
      "val_card_acc_late": 0.6055754312635047,
      "best_epoch": 5,
      "tau": 1.0,
      "seed": 43
    },
    {
      "model_type": "control_feat_gnn_side",
      "hidden_dim": 384,
      "params": 835739,
      "train_rows": 1143440,
      "val_rows": 127048,
      "time_s": 224.5399239063263,
      "policy_loss": 3.396256010208605,
      "value_loss": 0.08254583416963937,
      "card_acc": 0.5816947106975443,
      "mode_acc": 0.6640663261736515,
      "adv_card_acc": 0.5741372588930557,
      "val_policy_loss": 3.436646093447558,
      "val_value_loss": 0.08378947139683332,
      "val_card_acc": 0.579670675650148,
      "val_mode_acc": 0.6642843649644229,
      "val_adv_card_acc": 0.5709043413359871,
      "val_card_acc_early": 0.5440689498752551,
      "val_card_acc_mid": 0.5954464889359914,
      "val_card_acc_late": 0.6046898799192377,
      "best_epoch": 5,
      "tau": 1.0,
      "seed": 44
    },
    {
      "model_type": "control_feat_gnn_card_attn",
      "hidden_dim": 256,
      "params": 550523,
      "train_rows": 1143440,
      "val_rows": 127048,
      "time_s": 604.9588484764099,
      "policy_loss": 3.4252387646822102,
      "value_loss": 0.08365617124948259,
      "card_acc": 0.5800951514727489,
      "mode_acc": 0.6645132232561394,
      "adv_card_acc": 0.5716567596192658,
      "val_policy_loss": 3.433618654735472,
      "val_value_loss": 0.08035314270618858,
      "val_card_acc": 0.5803082299603299,
      "val_mode_acc": 0.6650950821736666,
      "val_adv_card_acc": 0.5705933573827591,
      "val_card_acc_early": 0.5438421410750737,
      "val_card_acc_mid": 0.5969631077895737,
      "val_card_acc_late": 0.6049732563494031,
      "best_epoch": 5,
      "tau": 1.0,
      "seed": 42
    },
    {
      "model_type": "control_feat_gnn_card_attn",
      "hidden_dim": 256,
      "params": 550523,
      "train_rows": 1143440,
      "val_rows": 127048,
      "time_s": 615.9596691131592,
      "policy_loss": 3.437196856800107,
      "value_loss": 0.08376132967314777,
      "card_acc": 0.5782717064297208,
      "mode_acc": 0.662932029664871,
      "adv_card_acc": 0.570106016331966,
      "val_policy_loss": 3.4523564287580446,
      "val_value_loss": 0.08024476876864843,
      "val_card_acc": 0.5786159561740445,
      "val_mode_acc": 0.6620804735218185,
      "val_adv_card_acc": 0.5688362980470207,
      "val_card_acc_early": 0.5409389884327512,
      "val_card_acc_mid": 0.5956657591316901,
      "val_card_acc_late": 0.6044065034890723,
      "best_epoch": 5,
      "tau": 1.0,
      "seed": 43
    },
    {
      "model_type": "control_feat_gnn_card_attn",
      "hidden_dim": 256,
      "params": 550523,
      "train_rows": 1143440,
      "val_rows": 127048,
      "time_s": 565.9257316589355,
      "policy_loss": 3.439732701274819,
      "value_loss": 0.08379172860808763,
      "card_acc": 0.5785157069894354,
      "mode_acc": 0.6630413489120549,
      "adv_card_acc": 0.5701750149209449,
      "val_policy_loss": 3.449388786554562,
      "val_value_loss": 0.08104498425012917,
      "val_card_acc": 0.5799776462439393,
      "val_mode_acc": 0.6626157043007367,
      "val_adv_card_acc": 0.5688984948376664,
      "val_card_acc_early": 0.5440009072352008,
      "val_card_acc_mid": 0.5963418422350942,
      "val_card_acc_late": 0.6044419255428429,
      "best_epoch": 5,
      "tau": 1.0,
      "seed": 44
    },
    {
      "model_type": "control_feat_gnn_card_attn",
      "hidden_dim": 384,
      "params": 857979,
      "train_rows": 1143440,
      "val_rows": 127048,
      "time_s": 599.6991798877716,
      "policy_loss": 3.3909196862044815,
      "value_loss": 0.0823094022195409,
      "card_acc": 0.582285909186315,
      "mode_acc": 0.6646356608129854,
      "adv_card_acc": 0.5746409485926013,
      "val_policy_loss": 3.4299989434680564,
      "val_value_loss": 0.07929941302946641,
      "val_card_acc": 0.579033121339966,
      "val_mode_acc": 0.6638278445941691,
      "val_adv_card_acc": 0.5680121905709665,