{
  "ppo_ussr_only_v5": {
    "ussr_wr": 0.7666666666666667,
    "us_wr": 0.3,
    "combined_wr": 0.5333333333333333
  },
  "ppo_us_only_v5": {
    "ussr_wr": 0.5666666666666667,
    "us_wr": 0.2,
    "combined_wr": 0.38333333333333336
  },
  "v44": {
    "ussr_wr": 0.6666666666666666,
    "us_wr": 0.26666666666666666,
    "combined_wr": 0.4666666666666667
  },
  "v55": {
    "ussr_wr": 0.7333333333333333,
    "us_wr": 0.26666666666666666,
    "combined_wr": 0.5
  },
  "v56": {
    "ussr_wr": 0.8333333333333334,
    "us_wr": 0.1,
    "combined_wr": 0.4666666666666667
  },
  "v54": {
    "ussr_wr": 0.7333333333333333,
    "us_wr": 0.2,
    "combined_wr": 0.4666666666666667
  },
  "v20": {
    "ussr_wr": 0.7333333333333333,
    "us_wr": 0.23333333333333334,
    "combined_wr": 0.48333333333333334
  },
  "heuristic": {
    "ussr_wr": 0.43333333333333335,
    "us_wr": 0.03333333333333333,
    "combined_wr": 0.23333333333333334
  }
}