{
  "created_process_s": 0.295879834,
  "created_wall_s": 5.398365064989775,
  "label": "random_70",
  "objective": 0.8157742744640252,
  "paired_score": 0.0,
  "params": {
    "access_bonus": 1.3395658090333555,
    "china_asia_target_bonus": 1.301809539711535,
    "china_early_penalty": -2.3188074446139813,
    "control_break_bonus": 4.889111709012999,
    "country_battleground_bonus": 7.099890324656348,
    "country_europe_core_bonus": 1.9383512801745295,
    "country_mid_war_entry_bonus": 2.142322288055282,
    "country_non_battleground_bonus": 0.9150473281769724,
    "country_region_scale": 4.733382521043522,
    "country_stability_scale": 0.6100842149944715,
    "country_thailand_early_bonus": 6.171174692058473,
    "coup_battleground_bonus": 2.3576294673512703,
    "coup_defcon2_penalty": -7.690277568489411,
    "coup_defcon3_penalty": -2.2174291928395613,
    "coup_mode_bonus": 4.245939820890451,
    "early_region_weights": [
      0.8589349752794482,
      1.44614448178448,
      1.0277139945294522,
      0.5599234320938743,
      0.48637935514195396,
      0.6458788901171005,
      1.3481448623128545
    ],
    "headline_friendly_bonus": 2.2450559768700318,
    "headline_ops_scale": 0.7705246100606904,
    "influence_mode_bonus": 6.520824467099099,
    "late_region_weights": [
      1.190917928491158,
      0.920357789360584,
      0.9252961455609052,
      1.088131501609162,
      1.080290690902333,
      1.0029890261420351,
      0.7084721839849302
    ],
    "mid_region_weights": [
      0.9421242723368877,
      1.1745794149992514,
      0.9004230010571483,
      0.9872371873798556,
      1.3327796230830367,
      1.2118630555896182,
      0.9160734592879921
    ],
    "ops_card_penalty": 0.12490582777815856,
    "realign_base_penalty": -4.025572102715728,
    "realign_country_scale": 0.5693336445894517,
    "realign_defcon2_bonus": 1.8666261137381346,
    "realign_mode_bonus": -1.272952821970613,
    "space_early_bonus": 1.0009095309158773,
    "space_mode_bonus": 0.8135432398423854,
    "space_offside_bonus": 2.1384081845730694,
    "space_when_behind_bonus": 1.9983039262762679
  },
  "proxy_score": 0.8467741935483871,
  "snapshot_id": "candidate_0070",
  "source": "random_proxy_search",
  "speed_penalty": 0.30999919084361927
}
