{
  "created_process_s": 0.281431133,
  "created_wall_s": 5.38384419499198,
  "label": "random_51",
  "objective": 0.7612489995353925,
  "paired_score": 0.0,
  "params": {
    "access_bonus": 1.3838706748692826,
    "china_asia_target_bonus": 1.4297146025724765,
    "china_early_penalty": -2.4420475066038345,
    "control_break_bonus": 5.184149525554425,
    "country_battleground_bonus": 6.822685557794357,
    "country_europe_core_bonus": 2.0396212529689977,
    "country_mid_war_entry_bonus": 2.0774259106179804,
    "country_non_battleground_bonus": 1.060890987867441,
    "country_region_scale": 5.37175545385184,
    "country_stability_scale": 0.6170867519988872,
    "country_thailand_early_bonus": 6.230950220444102,
    "coup_battleground_bonus": 2.897160943767846,
    "coup_defcon2_penalty": -8.6726531165938,
    "coup_defcon3_penalty": -2.4005395341120535,
    "coup_mode_bonus": 4.3546338689756885,
    "early_region_weights": [
      0.7924384982493191,
      1.3871854897402756,
      1.1360606519054162,
      0.7975194384498245,
      0.545153286805308,
      0.9309973811083373,
      1.0909507681098773
    ],
    "headline_friendly_bonus": 1.8155954811218449,
    "headline_ops_scale": 0.8714373468731079,
    "influence_mode_bonus": 6.270057741607113,
    "late_region_weights": [
      1.1513895094782742,
      0.8800847491275526,
      0.8995645252246023,
      1.0551693705144654,
      1.00748532403125,
      1.003333732040186,
      0.4937642653681923
    ],
    "mid_region_weights": [
      0.9491132831631266,
      0.9118956692300056,
      0.9006675608823862,
      0.9034524601883362,
      1.2480065611862858,
      1.237428003841677,
      0.8057229575872
    ],
    "ops_card_penalty": 0.16535953707040468,
    "realign_base_penalty": -3.986114906111309,
    "realign_country_scale": 0.5294424138032676,
    "realign_defcon2_bonus": 2.0724351121870868,
    "realign_mode_bonus": -1.093508819540689,
    "space_early_bonus": 0.9037322651499986,
    "space_mode_bonus": 1.0814348490841283,
    "space_offside_bonus": 2.2982784364496958,
    "space_when_behind_bonus": 1.7995781085987645
  },
  "proxy_score": 0.782258064516129,
  "snapshot_id": "candidate_0051",
  "source": "random_proxy_search",
  "speed_penalty": 0.21009064980736492
}
