{
  "created_process_s": 0.29465642000000003,
  "created_wall_s": 5.397139489999972,
  "label": "random_68",
  "objective": 0.8031900356198036,
  "paired_score": 0.0,
  "params": {
    "access_bonus": 1.333114216589608,
    "china_asia_target_bonus": 1.399222163172217,
    "china_early_penalty": -2.6070510257315145,
    "control_break_bonus": 5.090712222105271,
    "country_battleground_bonus": 7.360422336652212,
    "country_europe_core_bonus": 1.9938060693813073,
    "country_mid_war_entry_bonus": 1.9371096804532528,
    "country_non_battleground_bonus": 0.9052880775083486,
    "country_region_scale": 4.948937960974913,
    "country_stability_scale": 0.5667047713794384,
    "country_thailand_early_bonus": 5.956318496612581,
    "coup_battleground_bonus": 2.3354804143187007,
    "coup_defcon2_penalty": -8.36374115907823,
    "coup_defcon3_penalty": -2.2943452332970415,
    "coup_mode_bonus": 4.024651121380988,
    "early_region_weights": [
      0.8018384302991064,
      1.409590996267368,
      1.0826684564074103,
      0.596092163675758,
      0.3723305152552975,
      0.5478331622907153,
      1.139303139708939
    ],
    "headline_friendly_bonus": 1.9449950360235453,
    "headline_ops_scale": 0.8766594157931482,
    "influence_mode_bonus": 6.252168471513021,
    "late_region_weights": [
      0.9667691536838908,
      0.9872948609025328,
      0.8846650433190255,
      0.991628533993439,
      0.9450902087119718,
      0.8730588042279798,
      0.6811572111668113
    ],
    "mid_region_weights": [
      0.9596446672069935,
      0.9913332136156952,
      1.0756514862330695,
      0.9641170561712934,
      1.3081008212638419,
      1.1678187399911588,
      0.8209364638951573
    ],
    "ops_card_penalty": 0.12441498544514998,
    "realign_base_penalty": -4.048957075512658,
    "realign_country_scale": 0.5506644382087128,
    "realign_defcon2_bonus": 2.0776936875785355,
    "realign_mode_bonus": -0.7615514862532851,
    "space_early_bonus": 0.9753119783656031,
    "space_mode_bonus": 0.7402956827406661,
    "space_offside_bonus": 2.122238269868961,
    "space_when_behind_bonus": 1.9584960013278545
  },
  "proxy_score": 0.8790322580645161,
  "snapshot_id": "candidate_0068",
  "source": "random_proxy_search",
  "speed_penalty": 0.758422224447125
}
