{
  "created_process_s": 0.305361379,
  "created_wall_s": 5.407857270998647,
  "label": "random_85",
  "objective": 0.782258064516129,
  "paired_score": 0.0,
  "params": {
    "access_bonus": 1.494773660364267,
    "china_asia_target_bonus": 1.2791024404094284,
    "china_early_penalty": -2.55947522639866,
    "control_break_bonus": 5.2054635250552,
    "country_battleground_bonus": 7.237019842639729,
    "country_europe_core_bonus": 1.995585849460528,
    "country_mid_war_entry_bonus": 2.1889070524329344,
    "country_non_battleground_bonus": 1.2887008515347782,
    "country_region_scale": 4.963701431609849,
    "country_stability_scale": 0.6140606674446532,
    "country_thailand_early_bonus": 6.386031957350222,
    "coup_battleground_bonus": 2.078964685308679,
    "coup_defcon2_penalty": -7.95521515436533,
    "coup_defcon3_penalty": -2.646347467244545,
    "coup_mode_bonus": 4.12354492158557,
    "early_region_weights": [
      0.9146111151187445,
      1.5772445558708428,
      1.2072414592481773,
      0.5824003921609162,
      0.6575139818901827,
      0.7396431669429613,
      1.3143674347275873
    ],
    "headline_friendly_bonus": 1.868425494754681,
    "headline_ops_scale": 0.8289854494143882,
    "influence_mode_bonus": 5.577464493274164,
    "late_region_weights": [
      1.1966636547827783,
      0.9932588304220165,
      1.0414181719662448,
      1.1893135693601222,
      1.0435719566154473,
      1.033939712583059,
      0.6296672736480315
    ],
    "mid_region_weights": [
      0.9698069509234936,
      0.8083047663188863,
      1.0718917011692273,
      1.0479123681850502,
      1.3359855986119595,
      1.2065656063317522,
      0.9341154633924569
    ],
    "ops_card_penalty": 0.12766973143702592,
    "realign_base_penalty": -3.6362402085750363,
    "realign_country_scale": 0.534068388291097,
    "realign_defcon2_bonus": 1.9790571279595977,
    "realign_mode_bonus": -0.6823892450707219,
    "space_early_bonus": 1.0113715037077886,
    "space_mode_bonus": 1.056180865093353,
    "space_offside_bonus": 1.9169524261051043,
    "space_when_behind_bonus": 2.2053005712823017
  },
  "proxy_score": 0.782258064516129,
  "snapshot_id": "candidate_0085",
  "source": "random_proxy_search",
  "speed_penalty": 0.0
}
