{
  "created_process_s": 0.26733243500000003,
  "created_wall_s": 5.369728774996474,
  "label": "random_28",
  "objective": 0.8145161290322581,
  "paired_score": 0.0,
  "params": {
    "access_bonus": 1.6521468322008128,
    "china_asia_target_bonus": 1.5496554788833599,
    "china_early_penalty": -2.5581312554923032,
    "control_break_bonus": 4.7268170529013736,
    "country_battleground_bonus": 7.387194056729539,
    "country_europe_core_bonus": 2.0052532316138385,
    "country_mid_war_entry_bonus": 2.019466407951887,
    "country_non_battleground_bonus": 0.8328853516344217,
    "country_region_scale": 5.136493541349982,
    "country_stability_scale": 0.7012129004609582,
    "country_thailand_early_bonus": 6.023177181652961,
    "coup_battleground_bonus": 2.4906281509878165,
    "coup_defcon2_penalty": -8.050184212850027,
    "coup_defcon3_penalty": -2.6328942948147556,
    "coup_mode_bonus": 4.24866479783398,
    "early_region_weights": [
      1.0370082781461443,
      1.296314333614212,
      1.332068460323894,
      0.5429453230612038,
      0.4544610351333975,
      0.5708838594691167,
      1.3450989244204783
    ],
    "headline_friendly_bonus": 1.9062069162697348,
    "headline_ops_scale": 0.8025266518937652,
    "influence_mode_bonus": 6.163316242703337,
    "late_region_weights": [
      0.8775897432214408,
      0.8850457088088445,
      0.9200471893808951,
      1.1296022348812693,
      1.0271759540753207,
      0.9071191256679714,
      0.8164644415770544
    ],
    "mid_region_weights": [
      1.048164470936468,
      1.0469811370712463,
      0.9970961723827211,
      1.0343138439309234,
      1.3229316872906254,
      1.2453316558335812,
      1.049495816753473
    ],
    "ops_card_penalty": 0.13647725086016155,
    "realign_base_penalty": -3.8793859096377474,
    "realign_country_scale": 0.5474504248270391,
    "realign_defcon2_bonus": 2.0277019801444345,
    "realign_mode_bonus": -0.7376588614745448,
    "space_early_bonus": 1.0133251062137414,
    "space_mode_bonus": 1.0675084568631534,
    "space_offside_bonus": 2.0188133142855,
    "space_when_behind_bonus": 2.147419125578864
  },
  "proxy_score": 0.8145161290322581,
  "snapshot_id": "candidate_0028",
  "source": "random_proxy_search",
  "speed_penalty": 0.0
}
