{
  "created_process_s": 0.324942677,
  "created_wall_s": 5.427461797997239,
  "label": "random_120",
  "objective": 0.8145161290322581,
  "paired_score": 0.0,
  "params": {
    "access_bonus": 1.3416727182951624,
    "china_asia_target_bonus": 1.3971317423863372,
    "china_early_penalty": -2.4807036689456154,
    "control_break_bonus": 4.476559796851265,
    "country_battleground_bonus": 7.034745195942843,
    "country_europe_core_bonus": 1.784491735784628,
    "country_mid_war_entry_bonus": 1.9952367580232584,
    "country_non_battleground_bonus": 0.8711653139810418,
    "country_region_scale": 5.099152295777423,
    "country_stability_scale": 0.5868036110593924,
    "country_thailand_early_bonus": 5.825414640049665,
    "coup_battleground_bonus": 2.532139727566602,
    "coup_defcon2_penalty": -7.567775390675197,
    "coup_defcon3_penalty": -2.8498819426286546,
    "coup_mode_bonus": 4.459489941728244,
    "early_region_weights": [
      0.9013315789117701,
      1.4434078075246226,
      1.0999419024548358,
      0.667014359189174,
      0.42742209678714355,
      0.6414551113746159,
      1.2251426134963275
    ],
    "headline_friendly_bonus": 2.0865085122134372,
    "headline_ops_scale": 0.7348925531535789,
    "influence_mode_bonus": 6.377325324669097,
    "late_region_weights": [
      1.0300386035405524,
      0.9270178671679677,
      1.0408875039548682,
      0.7630794523814752,
      1.1788954305023827,
      0.9556408957602128,
      0.7748856045870763
    ],
    "mid_region_weights": [
      0.8872610225303539,
      1.1633448258951842,
      1.0322684814287353,
      0.7521226900689257,
      1.4085390504637487,
      1.0792595516170687,
      0.6618630305658659
    ],
    "ops_card_penalty": 0.16079312421388867,
    "realign_base_penalty": -4.2087773562780555,
    "realign_country_scale": 0.5665680522361247,
    "realign_defcon2_bonus": 1.8828791974151957,
    "realign_mode_bonus": -1.4485686084493004,
    "space_early_bonus": 1.1271739504832805,
    "space_mode_bonus": 0.9881912747076669,
    "space_offside_bonus": 1.934318705748461,
    "space_when_behind_bonus": 2.0523456176492827
  },
  "proxy_score": 0.8145161290322581,
  "snapshot_id": "candidate_0120",
  "source": "random_proxy_search",
  "speed_penalty": 0.0
}
