{
  "created_process_s": 3.715537434,
  "created_wall_s": 8.824572375990101,
  "label": "spsa_11_minus",
  "objective": 0.7640007168038802,
  "paired_score": 0.0,
  "params": {
    "access_bonus": 1.5832690848957893,
    "china_asia_target_bonus": 1.4619038137075302,
    "china_early_penalty": -2.4895917054578347,
    "control_break_bonus": 5.2266962223046125,
    "country_battleground_bonus": 7.066876150016698,
    "country_europe_core_bonus": 1.9611478692446127,
    "country_mid_war_entry_bonus": 2.068231488999651,
    "country_non_battleground_bonus": 0.8565749333128059,
    "country_region_scale": 4.931929536694189,
    "country_stability_scale": 0.6940253227195377,
    "country_thailand_early_bonus": 5.848370800042568,
    "coup_battleground_bonus": 2.447469182358894,
    "coup_defcon2_penalty": -7.700028996450459,
    "coup_defcon3_penalty": -2.904284455926964,
    "coup_mode_bonus": 3.925378999881318,
    "early_region_weights": [
      0.8823331377919308,
      1.2359482357900344,
      0.9080875599198877,
      0.44830135952013506,
      0.5897119131250008,
      0.6105457543881226,
      1.2420072049074071
    ],
    "headline_friendly_bonus": 2.020553560833637,
    "headline_ops_scale": 0.7685802708001802,
    "influence_mode_bonus": 5.851545125108038,
    "late_region_weights": [
      1.209352215758078,
      0.9716263520513587,
      0.9122177138652641,
      1.1212501114651159,
      1.1202993712602642,
      0.9000245672069752,
      0.9086237555650734
    ],
    "mid_region_weights": [
      1.0764830231219076,
      1.0924526903666365,
      0.9462426538216505,
      0.8062413788404225,
      1.191254319757308,
      1.2635767701809406,
      0.9097698683800813
    ],
    "ops_card_penalty": 0.17232326919357235,
    "realign_base_penalty": -3.7967412096151105,
    "realign_country_scale": 0.5997884026050655,
    "realign_defcon2_bonus": 1.9074149469618553,
    "realign_mode_bonus": -0.9320419903808652,
    "space_early_bonus": 0.8163917677572696,
    "space_mode_bonus": 0.9600225436956917,
    "space_offside_bonus": 1.8793233500345254,
    "space_when_behind_bonus": 1.937701979342139
  },
  "proxy_score": 0.8467741935483871,
  "snapshot_id": "candidate_0142",
  "source": "proxy_spsa",
  "speed_penalty": 0.8277347674450695
}
