{
  "created_process_s": 0.307480847,
  "created_wall_s": 5.409979817995918,
  "label": "random_89",
  "objective": 0.8467741935483871,
  "paired_score": 0.0,
  "params": {
    "access_bonus": 1.2751206465145564,
    "china_asia_target_bonus": 1.3120851580589568,
    "china_early_penalty": -2.5547943019133337,
    "control_break_bonus": 4.777714579669603,
    "country_battleground_bonus": 7.1932086028555515,
    "country_europe_core_bonus": 2.1307735293735233,
    "country_mid_war_entry_bonus": 2.008260849232385,
    "country_non_battleground_bonus": 1.085606901602617,
    "country_region_scale": 4.549777412326078,
    "country_stability_scale": 0.6053901721650408,
    "country_thailand_early_bonus": 6.006630614049422,
    "coup_battleground_bonus": 2.524537628091076,
    "coup_defcon2_penalty": -8.308922032642087,
    "coup_defcon3_penalty": -2.766059250308831,
    "coup_mode_bonus": 4.048838844122002,
    "early_region_weights": [
      0.8632837192623378,
      1.4194961464463611,
      1.0591684359443472,
      0.7443510652190942,
      0.40985545247236876,
      0.5507511778691387,
      1.1503090578730757
    ],
    "headline_friendly_bonus": 1.9484114129653118,
    "headline_ops_scale": 0.6982184419170857,
    "influence_mode_bonus": 5.883366609719288,
    "late_region_weights": [
      1.032233885307902,
      1.0107915865848813,
      0.9648559029594571,
      0.9924778195584618,
      1.1765481796128254,
      0.9927966951163273,
      0.6553063307464491
    ],
    "mid_region_weights": [
      0.8515870629543769,
      1.1525154419558785,
      0.9236150891437495,
      0.8088150990635572,
      0.9500161969111323,
      1.144981259684934,
      0.9746903514194456
    ],
    "ops_card_penalty": 0.18970197812705475,
    "realign_base_penalty": -4.151687885895607,
    "realign_country_scale": 0.5980109052837345,
    "realign_defcon2_bonus": 1.9317439071918592,
    "realign_mode_bonus": -1.3227094988989327,
    "space_early_bonus": 1.002498133711979,
    "space_mode_bonus": 1.1513232120414563,
    "space_offside_bonus": 2.093249868405958,
    "space_when_behind_bonus": 2.114460172579916
  },
  "proxy_score": 0.8467741935483871,
  "snapshot_id": "candidate_0089",
  "source": "random_proxy_search",
  "speed_penalty": 0.0
}
