{
  "created_process_s": 0.303721391,
  "created_wall_s": 5.406216163988574,
  "label": "random_83",
  "objective": 0.8145161290322581,
  "paired_score": 0.0,
  "params": {
    "access_bonus": 1.8040284410179868,
    "china_asia_target_bonus": 1.50768209518661,
    "china_early_penalty": -2.6273713596418418,
    "control_break_bonus": 5.250626652058941,
    "country_battleground_bonus": 7.09686998677385,
    "country_europe_core_bonus": 2.2235944703414843,
    "country_mid_war_entry_bonus": 2.060979529124448,
    "country_non_battleground_bonus": 1.0029936826775336,
    "country_region_scale": 4.78476457358764,
    "country_stability_scale": 0.5853839080143026,
    "country_thailand_early_bonus": 6.1321525019659,
    "coup_battleground_bonus": 2.869685560650965,
    "coup_defcon2_penalty": -8.009015703903392,
    "coup_defcon3_penalty": -2.281826218284814,
    "coup_mode_bonus": 3.676959147143347,
    "early_region_weights": [
      0.8193878179199336,
      1.4985438223096887,
      1.3641196544615326,
      0.6691483485628087,
      0.46125070211855534,
      0.8452393391287244,
      1.2694981915340215
    ],
    "headline_friendly_bonus": 2.2216411823071445,
    "headline_ops_scale": 0.7788243108480407,
    "influence_mode_bonus": 6.484060371303059,
    "late_region_weights": [
      1.0005740140186008,
      0.9262800574550185,
      1.0801225608444456,
      1.12329919681937,
      1.3304113737386718,
      1.0145131762425603,
      0.7472315799432218
    ],
    "mid_region_weights": [
      0.8944230874624812,
      1.1727987980659305,
      0.8682209240151405,
      0.9112042918946531,
      1.2285540379606492,
      1.1073337855997756,
      1.0371034505940182
    ],
    "ops_card_penalty": 0.19027424645394903,
    "realign_base_penalty": -3.911800186309541,
    "realign_country_scale": 0.6320522133602335,
    "realign_defcon2_bonus": 1.8426378878790088,
    "realign_mode_bonus": -1.4510415029894106,
    "space_early_bonus": 0.9795010365051688,
    "space_mode_bonus": 1.2483196095538354,
    "space_offside_bonus": 1.9243297322806887,
    "space_when_behind_bonus": 2.1017056774151066
  },
  "proxy_score": 0.8145161290322581,
  "snapshot_id": "candidate_0083",
  "source": "random_proxy_search",
  "speed_penalty": 0.0
}
