{
  "created_process_s": 0.32229013300000003,
  "created_wall_s": 5.424806049995823,
  "label": "random_115",
  "objective": 0.8467741935483871,
  "paired_score": 0.0,
  "params": {
    "access_bonus": 1.6404614285360721,
    "china_asia_target_bonus": 1.433625806047935,
    "china_early_penalty": -2.462712691924486,
    "control_break_bonus": 5.1903369528229435,
    "country_battleground_bonus": 7.022101933950439,
    "country_europe_core_bonus": 2.070302651478819,
    "country_mid_war_entry_bonus": 1.8754506519258098,
    "country_non_battleground_bonus": 0.9092382099668435,
    "country_region_scale": 4.79541591676149,
    "country_stability_scale": 0.6528220924258112,
    "country_thailand_early_bonus": 6.04178790348594,
    "coup_battleground_bonus": 2.477953445435918,
    "coup_defcon2_penalty": -7.797872164386159,
    "coup_defcon3_penalty": -3.0548194257977817,
    "coup_mode_bonus": 3.875834626876344,
    "early_region_weights": [
      0.9216033783272308,
      1.2882682601394664,
      1.0336383856325522,
      0.6125302320467568,
      0.6179363260447432,
      0.5028680801961292,
      1.283810464579622
    ],
    "headline_friendly_bonus": 1.9823793149830002,
    "headline_ops_scale": 0.6598719245418065,
    "influence_mode_bonus": 5.9135792317645,
    "late_region_weights": [
      1.102830484344343,
      1.016225704915303,
      0.9626954501863108,
      1.1103528413349428,
      1.118419466737485,
      1.0474361091231614,
      0.6703879071735948
    ],
    "mid_region_weights": [
      1.0093443994459739,
      0.9277063755240269,
      1.0853066686263209,
      1.0575645361392803,
      1.141366142865017,
      1.0691283272344905,
      0.8273219172799743
    ],
    "ops_card_penalty": 0.12915848658419746,
    "realign_base_penalty": -4.111378795371204,
    "realign_country_scale": 0.6012019518616267,
    "realign_defcon2_bonus": 2.1141094397801425,
    "realign_mode_bonus": -0.9409874473138313,
    "space_early_bonus": 0.9265219273483705,
    "space_mode_bonus": 1.0476911495446386,
    "space_offside_bonus": 1.8043349868663598,
    "space_when_behind_bonus": 2.050081529153092
  },
  "proxy_score": 0.8467741935483871,
  "snapshot_id": "candidate_0115",
  "source": "random_proxy_search",
  "speed_penalty": 0.0
}
