{
  "created_process_s": 0.267989723,
  "created_wall_s": 5.370387124989065,
  "label": "random_29",
  "objective": 0.7695083159485592,
  "paired_score": 0.0,
  "params": {
    "access_bonus": 1.6620328314765573,
    "china_asia_target_bonus": 1.4752812221709677,
    "china_early_penalty": -2.323893597861881,
    "control_break_bonus": 5.273102349879334,
    "country_battleground_bonus": 7.115344906049722,
    "country_europe_core_bonus": 2.0663861881860024,
    "country_mid_war_entry_bonus": 2.3386136502549544,
    "country_non_battleground_bonus": 0.9551220812323672,
    "country_region_scale": 4.661621472764827,
    "country_stability_scale": 0.5795537765380934,
    "country_thailand_early_bonus": 6.087393643091804,
    "coup_battleground_bonus": 2.479592065467719,
    "coup_defcon2_penalty": -7.727449950129516,
    "coup_defcon3_penalty": -2.1148133476317112,
    "coup_mode_bonus": 4.204706496963641,
    "early_region_weights": [
      0.7503759015191109,
      1.4585344020745692,
      0.934398464706239,
      0.5690704982894764,
      0.4985878389527255,
      0.7742233147451877,
      1.2257551570226495
    ],
    "headline_friendly_bonus": 2.025645782623991,
    "headline_ops_scale": 0.6577514402276686,
    "influence_mode_bonus": 5.790928138421169,
    "late_region_weights": [
      1.0220234432839557,
      0.8424243933661537,
      0.9808001699760197,
      0.8057797323531329,
      0.9301917830814377,
      1.077465440059238,
      0.750687874581962
    ],
    "mid_region_weights": [
      1.0111162640911493,
      0.7832300276987274,
      1.142640035410583,
      0.930431635857669,
      1.0620176528087255,
      1.1307002426831363,
      0.9659098287877771
    ],
    "ops_card_penalty": 0.1913444171547457,
    "realign_base_penalty": -4.053548512795417,
    "realign_country_scale": 0.44053797324278254,
    "realign_defcon2_bonus": 2.025517825964029,
    "realign_mode_bonus": -1.2578008126227007,
    "space_early_bonus": 0.9811158639309305,
    "space_mode_bonus": 1.1240237850864918,
    "space_offside_bonus": 2.128916775811575,
    "space_when_behind_bonus": 2.0243603238945784
  },
  "proxy_score": 0.782258064516129,
  "snapshot_id": "candidate_0029",
  "source": "random_proxy_search",
  "speed_penalty": 0.12749748567569874
}
