{
  "created_process_s": 0.264825695,
  "created_wall_s": 5.3672195359977195,
  "label": "random_23",
  "objective": 0.8022640123160837,
  "paired_score": 0.0,
  "params": {
    "access_bonus": 1.414729089559541,
    "china_asia_target_bonus": 1.5312940007948748,
    "china_early_penalty": -2.586957921674062,
    "control_break_bonus": 4.587591565055865,
    "country_battleground_bonus": 6.499420528897949,
    "country_europe_core_bonus": 2.090551380159794,
    "country_mid_war_entry_bonus": 1.904678868592416,
    "country_non_battleground_bonus": 1.0244289354188465,
    "country_region_scale": 4.924223348705166,
    "country_stability_scale": 0.5741665148444475,
    "country_thailand_early_bonus": 6.099375689762043,
    "coup_battleground_bonus": 2.512684878177431,
    "coup_defcon2_penalty": -7.7789820650869235,
    "coup_defcon3_penalty": -2.284447573235766,
    "coup_mode_bonus": 4.27987111332487,
    "early_region_weights": [
      0.8196006085382956,
      1.4175486807014697,
      1.257916967301087,
      0.5409831484476467,
      0.36646469958453143,
      0.7074074707847072,
      1.165696291919497
    ],
    "headline_friendly_bonus": 1.9884592233181724,
    "headline_ops_scale": 0.7532798194829393,
    "influence_mode_bonus": 5.594966079831481,
    "late_region_weights": [
      1.003771557973948,
      0.7415477135898837,
      0.8160213072459643,
      1.2815421969781828,
      1.116509323088347,
      1.0428500747503735,
      0.617883592705775
    ],
    "mid_region_weights": [
      0.8942393495506417,
      0.9126460060433009,
      1.0845980245667732,
      0.8598194531290777,
      1.0817050612423165,
      1.2680390840240634,
      0.8412974032057847
    ],
    "ops_card_penalty": 0.16036091170533012,
    "realign_base_penalty": -4.262298793190789,
    "realign_country_scale": 0.4862541159763633,
    "realign_defcon2_bonus": 1.8427104303097226,
    "realign_mode_bonus": -0.7542225663653893,
    "space_early_bonus": 0.9751356332910098,
    "space_mode_bonus": 1.0513185194642982,
    "space_offside_bonus": 2.155246027487898,
    "space_when_behind_bonus": 1.9899102336516477
  },
  "proxy_score": 0.8145161290322581,
  "snapshot_id": "candidate_0023",
  "source": "random_proxy_search",
  "speed_penalty": 0.12252116716174388
}
