{
  "created_process_s": 0.319734534,
  "created_wall_s": 5.422247704991605,
  "label": "random_111",
  "objective": 0.8467741935483871,
  "paired_score": 0.0,
  "params": {
    "access_bonus": 1.5140629677383317,
    "china_asia_target_bonus": 1.3244587791166986,
    "china_early_penalty": -2.6055826999617886,
    "control_break_bonus": 5.431022496764819,
    "country_battleground_bonus": 6.930936141867669,
    "country_europe_core_bonus": 1.97691236378322,
    "country_mid_war_entry_bonus": 2.0663857836811537,
    "country_non_battleground_bonus": 1.2919048946980327,
    "country_region_scale": 4.839375461783902,
    "country_stability_scale": 0.6151325759734069,
    "country_thailand_early_bonus": 5.909672466551507,
    "coup_battleground_bonus": 2.695302441475744,
    "coup_defcon2_penalty": -7.621524512334202,
    "coup_defcon3_penalty": -2.30321807488594,
    "coup_mode_bonus": 3.6503577248815002,
    "early_region_weights": [
      0.8812888087867133,
      1.4002106902212599,
      1.0893885146706332,
      0.5377903864477467,
      0.44768700187889654,
      0.49982276825351973,
      1.2083011452363996
    ],
    "headline_friendly_bonus": 2.039023131154901,
    "headline_ops_scale": 0.7017691544487328,
    "influence_mode_bonus": 5.885464462155811,
    "late_region_weights": [
      1.0238415932557452,
      0.9269973992982603,
      0.9634688960657273,
      0.9509919607161358,
      1.1976208385376967,
      0.9759628662605647,
      0.5689751331192359
    ],
    "mid_region_weights": [
      1.0037789712334093,
      0.960454122876309,
      1.1461658968888793,
      0.9892506286771667,
      1.2900504613484562,
      1.1812212664783408,
      0.7748405083017118
    ],
    "ops_card_penalty": 0.15854260166064996,
    "realign_base_penalty": -3.954619919241561,
    "realign_country_scale": 0.540747423308242,
    "realign_defcon2_bonus": 2.031965073945695,
    "realign_mode_bonus": -0.9799729855929762,
    "space_early_bonus": 1.0545810279168981,
    "space_mode_bonus": 1.3369133601324028,
    "space_offside_bonus": 1.9186650884518954,
    "space_when_behind_bonus": 1.8242120566342046
  },
  "proxy_score": 0.8467741935483871,
  "snapshot_id": "candidate_0111",
  "source": "random_proxy_search",
  "speed_penalty": 0.0
}
