{
  "created_process_s": 5.54744058,
  "created_wall_s": 10.658477753997431,
  "label": "spsa_18_minus",
  "objective": 0.8405563887198904,
  "paired_score": 0.0,
  "params": {
    "access_bonus": 1.5812948123703219,
    "china_asia_target_bonus": 1.4605876320238853,
    "china_early_penalty": -2.511080249656766,
    "control_break_bonus": 5.222747677253677,
    "country_battleground_bonus": 7.093736830265362,
    "country_europe_core_bonus": 1.950403597145147,
    "country_mid_war_entry_bonus": 2.069547670683296,
    "country_non_battleground_bonus": 0.8546006607873384,
    "country_region_scale": 4.935219990903302,
    "country_stability_scale": 0.6993974587692705,
    "country_thailand_early_bonus": 5.845738436675278,
    "coup_battleground_bonus": 2.450101545726184,
    "coup_defcon2_penalty": -7.657051908052596,
    "coup_defcon3_penalty": -2.9009940017178515,
    "coup_mode_bonus": 3.957611816179715,
    "early_region_weights": [
      0.8715888656924652,
      1.2466925078895001,
      0.9188318320193533,
      0.45904563161960066,
      0.5789676410255352,
      0.6092295727044776,
      1.2527514770068728
    ],
    "headline_friendly_bonus": 2.0185792883081692,
    "headline_ops_scale": 0.7632081347504474,
    "influence_mode_bonus": 5.847596580057103,
    "late_region_weights": [
      1.2080360340744332,
      0.9823706241508243,
      0.9109015321816191,
      1.1105058393656502,
      1.1189831895766194,
      0.8892802951075096,
      0.9073075738814284
    ],
    "mid_region_weights": [
      1.0657387510224419,
      1.0911365086829916,
      0.9354983817221849,
      0.8075575605240675,
      1.1805100476578423,
      1.2648929518645855,
      0.9084536866964363
    ],
    "ops_card_penalty": 0.17192841468847886,
    "realign_base_penalty": -3.800031663824223,
    "realign_country_scale": 0.599130311763243,
    "realign_defcon2_bonus": 1.9054406744363879,
    "realign_mode_bonus": -0.9294096270135752,
    "space_early_bonus": 0.8271360398567352,
    "space_mode_bonus": 0.9573901803284017,
    "space_offside_bonus": 1.877349077509058,
    "space_when_behind_bonus": 1.9538183874913375
  },
  "proxy_score": 0.8790322580645161,
  "snapshot_id": "candidate_0156",
  "source": "proxy_spsa",
  "speed_penalty": 0.38475869344625724
}
