{
  "created_process_s": 0.280757438,
  "created_wall_s": 5.383169745997293,
  "label": "random_50",
  "objective": 0.8145161290322581,
  "paired_score": 0.0,
  "params": {
    "access_bonus": 1.3891967466858235,
    "china_asia_target_bonus": 1.4814903089248455,
    "china_early_penalty": -2.566810561583772,
    "control_break_bonus": 5.239411446621718,
    "country_battleground_bonus": 6.446181308076389,
    "country_europe_core_bonus": 2.109249539805929,
    "country_mid_war_entry_bonus": 1.7753986009572744,
    "country_non_battleground_bonus": 0.8496816934516864,
    "country_region_scale": 4.723404770020793,
    "country_stability_scale": 0.5929347295249768,
    "country_thailand_early_bonus": 6.031462286805338,
    "coup_battleground_bonus": 2.6145086471281225,
    "coup_defcon2_penalty": -8.320022704879117,
    "coup_defcon3_penalty": -2.49703396733316,
    "coup_mode_bonus": 4.757897320577292,
    "early_region_weights": [
      0.9152223765593449,
      1.3220349963456164,
      0.9082174540293224,
      0.5710629396427096,
      0.5181879834134474,
      0.5399157643424901,
      0.999791777485624
    ],
    "headline_friendly_bonus": 2.1525094702781504,
    "headline_ops_scale": 0.8292671109876466,
    "influence_mode_bonus": 6.371236919355137,
    "late_region_weights": [
      1.120397330554896,
      0.9720688083792082,
      0.9885417075900227,
      1.0605066104554226,
      0.9094294585214537,
      1.0096483809467762,
      0.9066396784112394
    ],
    "mid_region_weights": [
      0.7993949060970019,
      0.9147078385187564,
      0.9354956014074167,
      1.0421087095106933,
      1.3470729303296909,
      1.1776018696231108,
      0.8451503386224368
    ],
    "ops_card_penalty": 0.1938177207416869,
    "realign_base_penalty": -3.2964071616328465,
    "realign_country_scale": 0.471825652101372,
    "realign_defcon2_bonus": 2.1179618378183256,
    "realign_mode_bonus": -0.9801904795916959,
    "space_early_bonus": 0.7591775068122698,
    "space_mode_bonus": 0.72848663484426,
    "space_offside_bonus": 2.196093122118664,
    "space_when_behind_bonus": 1.9639123365521753
  },
  "proxy_score": 0.8145161290322581,
  "snapshot_id": "candidate_0050",
  "source": "random_proxy_search",
  "speed_penalty": 0.0
}
