{
  "created_process_s": 0.318727677,
  "created_wall_s": 5.421239652991062,
  "label": "random_109",
  "objective": 0.8467741935483871,
  "paired_score": 0.0,
  "params": {
    "access_bonus": 1.433896838778548,
    "china_asia_target_bonus": 1.4788519762961894,
    "china_early_penalty": -2.5505765316155853,
    "control_break_bonus": 4.5452031033331215,
    "country_battleground_bonus": 6.96632408305606,
    "country_europe_core_bonus": 1.7350577830784806,
    "country_mid_war_entry_bonus": 2.1713766625225817,
    "country_non_battleground_bonus": 0.9466996728332446,
    "country_region_scale": 4.916189277058832,
    "country_stability_scale": 0.5562977532683917,
    "country_thailand_early_bonus": 6.199769405503963,
    "coup_battleground_bonus": 2.545879710929964,
    "coup_defcon2_penalty": -8.121773545571914,
    "coup_defcon3_penalty": -2.3296421579295803,
    "coup_mode_bonus": 4.068640725682805,
    "early_region_weights": [
      0.9465451351817179,
      1.3970693665448797,
      1.0999965706846604,
      0.5114065717535929,
      0.6065872535388749,
      0.6226549097674695,
      1.1903602080722653
    ],
    "headline_friendly_bonus": 1.7659119777981247,
    "headline_ops_scale": 0.8411163456813843,
    "influence_mode_bonus": 6.222282635858023,
    "late_region_weights": [
      1.1191668623711155,
      1.0075882038391821,
      0.9236326931079322,
      1.0549986237852604,
      1.2546227410509152,
      1.120285356774284,
      0.7557488831099779
    ],
    "mid_region_weights": [
      1.0120833072422026,
      0.9572602492588634,
      1.1573233369330465,
      0.8921238364187518,
      1.0452570132329244,
      1.0255871951909221,
      0.8866646714462603
    ],
    "ops_card_penalty": 0.17726131892930513,
    "realign_base_penalty": -4.45500399666536,
    "realign_country_scale": 0.4956886235473098,
    "realign_defcon2_bonus": 2.191895380370085,
    "realign_mode_bonus": -0.9545846830528325,
    "space_early_bonus": 1.1277521491650613,
    "space_mode_bonus": 0.8813064409103177,
    "space_offside_bonus": 2.043960918522502,
    "space_when_behind_bonus": 2.0807411735639136
  },
  "proxy_score": 0.8467741935483871,
  "snapshot_id": "candidate_0109",
  "source": "random_proxy_search",
  "speed_penalty": 0.0
}
