{
  "created_process_s": 4.628346731000001,
  "created_wall_s": 9.738383310992504,
  "label": "spsa_15_plus",
  "objective": 0.8347974341285475,
  "paired_score": 0.0,
  "params": {
    "access_bonus": 1.5664777778660415,
    "china_asia_target_bonus": 1.4507096090210316,
    "china_early_penalty": -2.511980114830832,
    "control_break_bonus": 5.224097475014776,
    "country_battleground_bonus": 7.069041772758228,
    "country_europe_core_bonus": 1.9602816201480007,
    "country_mid_war_entry_bonus": 2.0794256936861495,
    "country_non_battleground_bonus": 0.8397836262830581,
    "country_region_scale": 4.934095159435719,
    "country_stability_scale": 0.6944584472678437,
    "country_thailand_early_bonus": 5.825982390669571,
    "coup_battleground_bonus": 2.449201680552118,
    "coup_defcon2_penalty": -7.655252177704464,
    "coup_defcon3_penalty": -2.9021188331854337,
    "coup_mode_bonus": 3.927977747171154,
    "early_region_weights": [
      0.8711389331054322,
      1.247142440476533,
      0.9089538090164997,
      0.45949556420663357,
      0.5888456640283888,
      0.6096795052915106,
      1.2532014095939057
    ],
    "headline_friendly_bonus": 2.019254187188719,
    "headline_ops_scale": 0.7629831684569309,
    "influence_mode_bonus": 5.848946377818202,
    "late_region_weights": [
      1.208485966661466,
      0.9828205567378573,
      0.911351464768652,
      1.1203838623685038,
      1.1194331221636522,
      0.8888303625204766,
      0.9077575064684613
    ],
    "mid_region_weights": [
      1.0756167740252955,
      1.081258485680138,
      0.9453764047250385,
      0.817435583526921,
      1.190388070660696,
      1.2747709748674392,
      0.9089036192834693
    ],
    "ops_card_penalty": 0.1689650077876228,
    "realign_base_penalty": -3.7989068323566406,
    "realign_country_scale": 0.5993552780567595,
    "realign_defcon2_bonus": 1.9061155733169373,
    "realign_mode_bonus": -0.930309492187641,
    "space_early_bonus": 0.8275859724437682,
    "space_mode_bonus": 0.9582900455024675,
    "space_offside_bonus": 1.8625320430047776,
    "space_when_behind_bonus": 1.954493286371887
  },
  "proxy_score": 0.8790322580645161,
  "snapshot_id": "candidate_0149",
  "source": "proxy_spsa",
  "speed_penalty": 0.4423482393596865
}
