{
  "created_process_s": 0.299645828,
  "created_wall_s": 5.402135428987094,
  "label": "random_76",
  "objective": 0.8145161290322581,
  "paired_score": 0.0,
  "params": {
    "access_bonus": 1.6729629691079497,
    "china_asia_target_bonus": 1.4319986729583871,
    "china_early_penalty": -2.500537923309978,
    "control_break_bonus": 5.010984075170851,
    "country_battleground_bonus": 6.910072060637524,
    "country_europe_core_bonus": 2.052510956463373,
    "country_mid_war_entry_bonus": 1.8030710806459083,
    "country_non_battleground_bonus": 1.3000236941049699,
    "country_region_scale": 5.162153919621801,
    "country_stability_scale": 0.6120400387038154,
    "country_thailand_early_bonus": 6.439081700509282,
    "coup_battleground_bonus": 2.5421468762425903,
    "coup_defcon2_penalty": -8.594754389793671,
    "coup_defcon3_penalty": -2.4859164839877304,
    "coup_mode_bonus": 4.0389214662653785,
    "early_region_weights": [
      0.894411927591919,
      1.3798208259444553,
      1.0357048526829993,
      0.7015912848319399,
      0.5934249859558138,
      0.63489577521355,
      1.2503687303602307
    ],
    "headline_friendly_bonus": 2.1517216166665567,
    "headline_ops_scale": 0.7469980580137568,
    "influence_mode_bonus": 5.725982046727117,
    "late_region_weights": [
      0.8476821152179144,
      0.8156171851173342,
      0.8564666111518209,
      1.1283736594857903,
      1.2389703957822902,
      0.988618474869451,
      0.8525264073024288
    ],
    "mid_region_weights": [
      0.8402077313517464,
      1.0475224930730058,
      0.790910674384114,
      0.7823420447905187,
      1.0986554896876137,
      1.0572965085595705,
      0.9446135737317444
    ],
    "ops_card_penalty": 0.08631324253968606,
    "realign_base_penalty": -3.925875040519684,
    "realign_country_scale": 0.5008695468333966,
    "realign_defcon2_bonus": 2.0953383778555112,
    "realign_mode_bonus": -0.5694335109671484,
    "space_early_bonus": 1.1731753418543356,
    "space_mode_bonus": 1.2207157830540365,
    "space_offside_bonus": 1.9487280833017828,
    "space_when_behind_bonus": 2.1678184360518924
  },
  "proxy_score": 0.8145161290322581,
  "snapshot_id": "candidate_0076",
  "source": "random_proxy_search",
  "speed_penalty": 0.0
}
