{
  "created_process_s": 0.253694766,
  "created_wall_s": 5.356075821997365,
  "label": "random_5",
  "objective": 0.782258064516129,
  "paired_score": 0.0,
  "params": {
    "access_bonus": 1.4451319868459598,
    "china_asia_target_bonus": 1.590137493621175,
    "china_early_penalty": -2.158656077902859,
    "control_break_bonus": 4.797888410358348,
    "country_battleground_bonus": 7.20635091250859,
    "country_europe_core_bonus": 2.1269481499848064,
    "country_mid_war_entry_bonus": 1.934110653605609,
    "country_non_battleground_bonus": 0.9325435853229621,
    "country_region_scale": 4.74611059423513,
    "country_stability_scale": 0.61181063578603,
    "country_thailand_early_bonus": 5.900501319419516,
    "coup_battleground_bonus": 2.5083510646147507,
    "coup_defcon2_penalty": -7.771938620945169,
    "coup_defcon3_penalty": -2.65902608691367,
    "coup_mode_bonus": 4.194593009397654,
    "early_region_weights": [
      0.9024802418582796,
      1.4264933145391927,
      1.0693318332147885,
      0.4341339293379568,
      0.49923574402247367,
      0.4345949205143531,
      1.4870612234671343
    ],
    "headline_friendly_bonus": 2.1417165403153056,
    "headline_ops_scale": 0.7493823253435213,
    "influence_mode_bonus": 6.051523790213821,
    "late_region_weights": [
      1.172288608376407,
      0.7542764333492633,
      0.9263843568255782,
      1.042163807725685,
      1.1056634157726786,
      0.9097032109897877,
      0.5667017388023678
    ],
    "mid_region_weights": [
      1.17429155795065,
      1.0056558472446016,
      0.8824787222649211,
      1.04237187672666,
      1.255474208534762,
      1.225364107229039,
      0.8842672720668155
    ],
    "ops_card_penalty": 0.14049732990396505,
    "realign_base_penalty": -4.021342419835743,
    "realign_country_scale": 0.6418615908338388,
    "realign_defcon2_bonus": 1.8128953232018648,
    "realign_mode_bonus": -1.1289642936995206,
    "space_early_bonus": 1.0823436892397644,
    "space_mode_bonus": 0.8648570102922712,
    "space_offside_bonus": 1.8297436300054737,
    "space_when_behind_bonus": 1.9830960203212005
  },
  "proxy_score": 0.782258064516129,
  "snapshot_id": "candidate_0005",
  "source": "random_proxy_search",
  "speed_penalty": 0.0
}
