{
  "created_process_s": 1.785556271,
  "created_wall_s": 6.889856762994896,
  "label": "spsa_4_minus",
  "objective": 0.7791920768153167,
  "paired_score": 0.0,
  "params": {
    "access_bonus": 1.5592237445584565,
    "china_asia_target_bonus": 1.465873586815975,
    "china_early_penalty": -2.5216521592409453,
    "control_break_bonus": 5.238605541629947,
    "country_battleground_bonus": 7.056951717245586,
    "country_europe_core_bonus": 1.9651176423530574,
    "country_mid_war_entry_bonus": 2.084261715891206,
    "country_non_battleground_bonus": 0.8325295929754729,
    "country_region_scale": 4.922005103923077,
    "country_stability_scale": 0.6920404361653153,
    "country_thailand_early_bonus": 5.816310346259458,
    "coup_battleground_bonus": 2.4395296361420047,
    "coup_defcon2_penalty": -7.635908088884237,
    "coup_defcon3_penalty": -2.9142088886980755,
    "coup_mode_bonus": 3.913469680555984,
    "early_region_weights": [
      0.8663029109003755,
      1.2319784626815897,
      0.904117786811443,
      0.46433158641169037,
      0.5736816862334455,
      0.6145155274965673,
      1.2580374317989624
    ],
    "headline_friendly_bonus": 1.996508220496304,
    "headline_ops_scale": 0.7705651573544026,
    "influence_mode_bonus": 5.803454444433372,
    "late_region_weights": [
      1.2133219888665228,
      0.967656578942914,
      0.8961874869737088,
      1.1052198845735606,
      1.124269144368709,
      0.8839943403154199,
      0.9125935286735181
    ],
    "mid_region_weights": [
      1.0604527962303523,
      1.0964224634750812,
      0.9502124269300952,
      0.8022716057319778,
      1.1952240928657527,
      1.259606997072496,
      0.913739641488526
    ],
    "ops_card_penalty": 0.16751420112610577,
    "realign_base_penalty": -3.8368167768439987,
    "realign_country_scale": 0.6017732891592878,
    "realign_defcon2_bonus": 1.9133696066245223,
    "realign_mode_bonus": -0.8999815365977546,
    "space_early_bonus": 0.8124219946488249,
    "space_mode_bonus": 0.9279620899125811,
    "space_offside_bonus": 1.8852780096971924,
    "space_when_behind_bonus": 1.931747319679472
  },
  "proxy_score": 0.8790322580645161,
  "snapshot_id": "candidate_0128",
  "source": "proxy_spsa",
  "speed_penalty": 0.9984018124919951
}
