{
  "created_process_s": 2.7766464379999998,
  "created_wall_s": 7.884634246991482,
  "label": "spsa_8_plus",
  "objective": 0.8087233933901329,
  "paired_score": 0.0,
  "params": {
    "access_bonus": 1.5848303462762545,
    "china_asia_target_bonus": 1.4488025190041094,
    "china_early_penalty": -2.4875100236172143,
    "control_break_bonus": 5.18739233819435,
    "country_battleground_bonus": 7.09962938677525,
    "country_europe_core_bonus": 1.948046574541192,
    "country_mid_war_entry_bonus": 2.067190648079341,
    "country_non_battleground_bonus": 0.8581361946932712,
    "country_region_scale": 4.9293274343934135,
    "country_stability_scale": 0.700575970071248,
    "country_thailand_early_bonus": 5.850452481883188,
    "coup_battleground_bonus": 2.4453875005182737,
    "coup_defcon2_penalty": -7.6476238176367755,
    "coup_defcon3_penalty": -2.9068865582277392,
    "coup_mode_bonus": 3.9222564771203876,
    "early_region_weights": [
      0.883373978712241,
      1.2490495304934552,
      0.9211888546233085,
      0.4472605185998249,
      0.590752754045311,
      0.5974444596847018,
      1.240966363987097
    ],
    "headline_friendly_bonus": 2.0009016187785056,
    "headline_ops_scale": 0.7620296234484698,
    "influence_mode_bonus": 5.812241240997776,
    "late_region_weights": [
      1.2103930566783883,
      0.9847276467547795,
      0.8991164191618433,
      1.108148816761695,
      1.1213402121805744,
      0.8869232725035544,
      0.9096645964853836
    ],
    "mid_region_weights": [
      1.0775238640422178,
      1.0934935312869467,
      0.9472834947419607,
      0.8193426735438433,
      1.1922951606776182,
      1.2766780648843614,
      0.8966685736766605
    ],
    "ops_card_penalty": 0.16839288078254613,
    "realign_base_penalty": -3.794139107314335,
    "realign_country_scale": 0.6003088230652206,
    "realign_defcon2_bonus": 1.8877630049067242,
    "realign_mode_bonus": -0.9341236722214855,
    "space_early_bonus": 0.8153509268369594,
    "space_mode_bonus": 0.962104225536312,
    "space_offside_bonus": 1.8596714079793943,
    "space_when_behind_bonus": 1.9573539213972702
  },
  "proxy_score": 0.8790322580645161,
  "snapshot_id": "candidate_0135",
  "source": "proxy_spsa",
  "speed_penalty": 0.7030886467438329
}
