{
  "created_process_s": 0.301581851,
  "created_wall_s": 5.404074058998958,
  "label": "random_79",
  "objective": 0.8021783650913589,
  "paired_score": 0.0,
  "params": {
    "access_bonus": 1.5735608460835888,
    "china_asia_target_bonus": 1.5789024504719185,
    "china_early_penalty": -2.6304699220994525,
    "control_break_bonus": 5.5941563380882355,
    "country_battleground_bonus": 7.106635441019163,
    "country_europe_core_bonus": 1.9391573854663406,
    "country_mid_war_entry_bonus": 2.109620923516071,
    "country_non_battleground_bonus": 1.1552036837496724,
    "country_region_scale": 4.8825375115420835,
    "country_stability_scale": 0.6196265476061039,
    "country_thailand_early_bonus": 5.722357538029494,
    "coup_battleground_bonus": 2.267406207586842,
    "coup_defcon2_penalty": -8.924462403172173,
    "coup_defcon3_penalty": -2.0678557318093036,
    "coup_mode_bonus": 4.32152571659772,
    "early_region_weights": [
      0.8947945944604813,
      1.3976239186607835,
      1.2518980742711894,
      0.5487216674410643,
      0.3993931562744143,
      0.6847590388312464,
      1.350518398700333
    ],
    "headline_friendly_bonus": 1.9874634901782653,
    "headline_ops_scale": 0.7712210085315137,
    "influence_mode_bonus": 5.577880363776482,
    "late_region_weights": [
      1.123339523310111,
      0.8922470120881607,
      0.8746665578479482,
      0.961816129756939,
      1.1346867795646278,
      1.0806674423311242,
      0.6411658905117567
    ],
    "mid_region_weights": [
      0.8277960109718601,
      0.9852582324657893,
      0.9002138351781337,
      0.8795037106450607,
      1.2615282162131352,
      1.1498691506028995,
      0.7378142058391395
    ],
    "ops_card_penalty": 0.15293827265928162,
    "realign_base_penalty": -3.672201846550483,
    "realign_country_scale": 0.6024213445099936,
    "realign_defcon2_bonus": 1.8747891825499523,
    "realign_mode_bonus": -1.0884033612824393,
    "space_early_bonus": 0.939230084299145,
    "space_mode_bonus": 1.2935425355617394,
    "space_offside_bonus": 2.2354604864352066,
    "space_when_behind_bonus": 2.175876404863736
  },
  "proxy_score": 0.8145161290322581,
  "snapshot_id": "candidate_0079",
  "source": "random_proxy_search",
  "speed_penalty": 0.12337763940899205
}
