{
  "created_process_s": 0.295342063,
  "created_wall_s": 5.397826810993138,
  "label": "random_69",
  "objective": 0.6938550563970122,
  "paired_score": 0.0,
  "params": {
    "access_bonus": 1.259379923799871,
    "china_asia_target_bonus": 1.5533790284262001,
    "china_early_penalty": -2.7615383471722654,
    "control_break_bonus": 5.000604721709771,
    "country_battleground_bonus": 7.175346331686456,
    "country_europe_core_bonus": 2.0583166360634952,
    "country_mid_war_entry_bonus": 1.7944522886955845,
    "country_non_battleground_bonus": 1.2121029420764171,
    "country_region_scale": 4.484494053071867,
    "country_stability_scale": 0.6068099769583175,
    "country_thailand_early_bonus": 5.703517983644546,
    "coup_battleground_bonus": 1.9950639930139937,
    "coup_defcon2_penalty": -8.377126463593628,
    "coup_defcon3_penalty": -2.324591210673773,
    "coup_mode_bonus": 3.9479052279404865,
    "early_region_weights": [
      0.7262705849826552,
      1.4024129518094568,
      0.9410375843227616,
      0.5777020309100062,
      0.5680032165905229,
      0.5444461937280528,
      1.0119595401232417
    ],
    "headline_friendly_bonus": 2.07808426144581,
    "headline_ops_scale": 0.774599253492115,
    "influence_mode_bonus": 5.653441549407548,
    "late_region_weights": [
      0.9433573059970124,
      0.9345501315719795,
      0.9301235132702375,
      1.0903297590844272,
      1.1494883137579444,
      0.9408517468371728,
      0.898740193439459
    ],
    "mid_region_weights": [
      1.0528448324424795,
      0.905817121992561,
      1.0206331764850283,
      0.8544168757846702,
      1.198642565237224,
      1.2714346155626568,
      0.8316763714018397
    ],
    "ops_card_penalty": 0.1782395722683588,
    "realign_base_penalty": -3.403474492445973,
    "realign_country_scale": 0.5042353613283309,
    "realign_defcon2_bonus": 2.1796537043016415,
    "realign_mode_bonus": -0.9686629161770867,
    "space_early_bonus": 1.010309099716346,
    "space_mode_bonus": 1.0151261226561357,
    "space_offside_bonus": 1.8827242449460537,
    "space_when_behind_bonus": 2.290438618598942
  },
  "proxy_score": 0.782258064516129,
  "snapshot_id": "candidate_0069",
  "source": "random_proxy_search",
  "speed_penalty": 0.8840300811911681
}
