{
  "created_process_s": 0.316177562,
  "created_wall_s": 5.418686303994036,
  "label": "random_104",
  "objective": 0.7769613248402462,
  "paired_score": 0.0,
  "params": {
    "access_bonus": 1.5219709413566582,
    "china_asia_target_bonus": 1.616675115233333,
    "china_early_penalty": -2.647461099086909,
    "control_break_bonus": 5.36974454323936,
    "country_battleground_bonus": 7.2715849987113295,
    "country_europe_core_bonus": 2.0425845011761536,
    "country_mid_war_entry_bonus": 2.0396135437309537,
    "country_non_battleground_bonus": 0.8964588043173903,
    "country_region_scale": 4.763867291179083,
    "country_stability_scale": 0.5853469952466435,
    "country_thailand_early_bonus": 6.093698383452006,
    "coup_battleground_bonus": 3.0624939984697885,
    "coup_defcon2_penalty": -8.404466756768384,
    "coup_defcon3_penalty": -2.56781481697447,
    "coup_mode_bonus": 4.177355515995125,
    "early_region_weights": [
      0.8591369246917828,
      1.44932897745251,
      1.0864461236031866,
      0.545469614591001,
      0.7244743302554763,
      0.6294926545536537,
      1.267367006438514
    ],
    "headline_friendly_bonus": 2.1143705014184153,
    "headline_ops_scale": 0.7576811967658778,
    "influence_mode_bonus": 5.685440362439349,
    "late_region_weights": [
      1.1239617202723275,
      0.91415496508164,
      0.9302400702260226,
      1.2021687215849228,
      1.015745350072306,
      1.0023923052896915,
      0.8173564245713637
    ],
    "mid_region_weights": [
      1.0788736064295654,
      1.049796372223509,
      0.997996908383833,
      1.1415604573853395,
      1.2433083343909797,
      1.1084983783090112,
      0.9402965402345826
    ],
    "ops_card_penalty": 0.14673782117740516,
    "realign_base_penalty": -4.369803624732549,
    "realign_country_scale": 0.5123462790207369,
    "realign_defcon2_bonus": 1.8811334661754762,
    "realign_mode_bonus": -1.179649842020815,
    "space_early_bonus": 0.6983637071486692,
    "space_mode_bonus": 0.9937522354730693,
    "space_offside_bonus": 2.1769268116818687,
    "space_when_behind_bonus": 1.9694404228536717
  },
  "proxy_score": 0.782258064516129,
  "snapshot_id": "candidate_0104",
  "source": "random_proxy_search",
  "speed_penalty": 0.05296739675882889
}
