{
  "created_process_s": 3.435894554,
  "created_wall_s": 8.544605065995711,
  "label": "spsa_10_minus",
  "objective": 0.8110766886761742,
  "paired_score": 0.0,
  "params": {
    "access_bonus": 1.5837105775389615,
    "china_asia_target_bonus": 1.4621981421363117,
    "china_early_penalty": -2.514301269881619,
    "control_break_bonus": 5.227579207590957,
    "country_battleground_bonus": 7.066140328944745,
    "country_europe_core_bonus": 1.9487930870327206,
    "country_mid_war_entry_bonus": 2.0679371605708696,
    "country_non_battleground_bonus": 0.857016425955978,
    "country_region_scale": 4.931193715622236,
    "country_stability_scale": 0.7002027138254837,
    "country_thailand_early_bonus": 5.848959456900131,
    "coup_battleground_bonus": 2.4721787467826783,
    "coup_defcon2_penalty": -7.65060986760289,
    "coup_defcon3_penalty": -2.8733975003972336,
    "coup_mode_bonus": 3.962443346516994,
    "early_region_weights": [
      0.8699783555800388,
      1.235653907361253,
      0.9077932314911062,
      0.4606561417320271,
      0.5900062415537822,
      0.610840082816904,
      1.2417128764786256
    ],
    "headline_friendly_bonus": 2.0020213875157986,
    "headline_ops_scale": 0.768727435014571,
    "influence_mode_bonus": 5.852428110394383,
    "late_region_weights": [
      1.2096465441868596,
      0.9839811342632507,
      0.8998629316533721,
      1.1215444398938974,
      1.1205936996890458,
      0.9003188956357566,
      0.8962689733531813
    ],
    "mid_region_weights": [
      1.076777351550689,
      1.092747018795418,
      0.9338878716097585,
      0.805947050411641,
      1.1915486481860895,
      1.2759315523928327,
      0.8974150861681893
    ],
    "ops_card_penalty": 0.1724115677222068,
    "realign_base_penalty": -3.8276281651448407,
    "realign_country_scale": 0.5936110114991194,
    "realign_defcon2_bonus": 1.8888827736440172,
    "realign_mode_bonus": -0.9326306472384281,
    "space_early_bonus": 0.8287465499691616,
    "space_mode_bonus": 0.9606112005532547,
    "space_offside_bonus": 1.8797648426776976,
    "space_when_behind_bonus": 1.9372604866989669
  },
  "proxy_score": 0.8790322580645161,
  "snapshot_id": "candidate_0140",
  "source": "proxy_spsa",
  "speed_penalty": 0.6795556938834193
}
