{
  "created_process_s": 2.6362336159999997,
  "created_wall_s": 7.744056074996479,
  "label": "spsa_7_minus",
  "objective": 0.8221788911941699,
  "paired_score": 0.0,
  "params": {
    "access_bonus": 1.5628848103681796,
    "china_asia_target_bonus": 1.4634328762761595,
    "china_early_penalty": -2.5167707381613145,
    "control_break_bonus": 5.185927673249393,
    "country_battleground_bonus": 7.100849940896048,
    "country_europe_core_bonus": 1.962676931813242,
    "country_mid_war_entry_bonus": 2.066702426431022,
    "country_non_battleground_bonus": 0.8361906587851962,
    "country_region_scale": 4.965903327573539,
    "country_stability_scale": 0.693260791435223,
    "country_thailand_early_bonus": 5.851428925179826,
    "coup_battleground_bonus": 2.4444110572216355,
    "coup_defcon2_penalty": -7.645670931043499,
    "coup_defcon3_penalty": -2.8703106650476142,
    "coup_mode_bonus": 3.9661475489365374,
    "early_region_weights": [
      0.8838622003605601,
      1.2495377521417743,
      0.9065584973512584,
      0.4618908758718749,
      0.5761223967732609,
      0.5969562380363828,
      1.255596721259147
    ],
    "headline_friendly_bonus": 2.000169286306027,
    "headline_ops_scale": 0.7617855126243103,
    "influence_mode_bonus": 5.856132312813926,
    "late_region_weights": [
      1.1957626994063382,
      0.9700972894827294,
      0.9137467764338933,
      1.107660595113376,
      1.1067098549085244,
      0.9015536297756045,
      0.8950342392133335
    ],
    "mid_region_weights": [
      1.0780120856905369,
      1.0939817529352658,
      0.9326531374699106,
      0.8047123162717932,
      1.1927833823259373,
      1.2771662865326805,
      0.8961803520283415
    ],
    "ops_card_penalty": 0.17278198796416114,
    "realign_base_penalty": -3.83071500049446,
    "realign_country_scale": 0.5929936444291956,
    "realign_defcon2_bonus": 1.9097085408147991,
    "realign_mode_bonus": -0.9351001155181237,
    "space_early_bonus": 0.8299812841090095,
    "space_mode_bonus": 0.9630806688329502,
    "space_offside_bonus": 1.8816169438874693,
    "space_when_behind_bonus": 1.9580862538697488
  },
  "proxy_score": 0.8790322580645161,
  "snapshot_id": "candidate_0134",
  "source": "proxy_spsa",
  "speed_penalty": 0.5685336687034621
}
