{
  "created_process_s": 0.297764642,
  "created_wall_s": 5.40025195099588,
  "label": "random_73",
  "objective": 0.8495569344129388,
  "paired_score": 0.0,
  "params": {
    "access_bonus": 1.7336341399534516,
    "china_asia_target_bonus": 1.4994281225589572,
    "china_early_penalty": -2.8638038438384315,
    "control_break_bonus": 4.84340077006158,
    "country_battleground_bonus": 7.02081200269436,
    "country_europe_core_bonus": 2.050682221536259,
    "country_mid_war_entry_bonus": 1.7533220436183798,
    "country_non_battleground_bonus": 1.1897601922382088,
    "country_region_scale": 5.170434746924673,
    "country_stability_scale": 0.5765909640705182,
    "country_thailand_early_bonus": 5.544205102403879,
    "coup_battleground_bonus": 2.2552293231435274,
    "coup_defcon2_penalty": -7.8964933136027415,
    "coup_defcon3_penalty": -2.5307713625352797,
    "coup_mode_bonus": 3.903304491093628,
    "early_region_weights": [
      0.9550775858957675,
      1.2767552047404722,
      1.1475703167205151,
      0.5083228771880259,
      0.48918235485372735,
      0.6582336210824704,
      1.2784231093123075
    ],
    "headline_friendly_bonus": 2.159972453180712,
    "headline_ops_scale": 0.7383867985657394,
    "influence_mode_bonus": 6.225214247533664,
    "late_region_weights": [
      1.0710703016356977,
      1.1780932496855439,
      0.9060587143467306,
      1.2273617278018452,
      1.120514516168207,
      0.9947230706407232,
      0.8839889273622074
    ],
    "mid_region_weights": [
      1.0030857343448223,
      1.1942171803646873,
      1.0987228362216064,
      1.0576424904155892,
      1.1505338673849115,
      1.3882656688381934,
      0.8247463083056659
    ],
    "ops_card_penalty": 0.1318078321928352,
    "realign_base_penalty": -4.306850665124635,
    "realign_country_scale": 0.5488906282355108,
    "realign_defcon2_bonus": 2.253261523344146,
    "realign_mode_bonus": -0.7203634878710133,
    "space_early_bonus": 1.0195020138878,
    "space_mode_bonus": 1.1826974037658595,
    "space_offside_bonus": 2.0345309951459147,
    "space_when_behind_bonus": 2.079091164700342
  },
  "proxy_score": 0.8790322580645161,
  "snapshot_id": "candidate_0073",
  "source": "random_proxy_search",
  "speed_penalty": 0.2947532365157737
}
