{
  "created_process_s": 0.282510904,
  "created_wall_s": 5.384923744990374,
  "label": "random_52",
  "objective": 0.8007491674687954,
  "paired_score": 0.0,
  "params": {
    "access_bonus": 1.5280247902866184,
    "china_asia_target_bonus": 1.5157760464109609,
    "china_early_penalty": -2.154912936610925,
    "control_break_bonus": 5.4048792328412505,
    "country_battleground_bonus": 7.2170248267471955,
    "country_europe_core_bonus": 2.1754822653314037,
    "country_mid_war_entry_bonus": 1.9262089057840404,
    "country_non_battleground_bonus": 0.9176228812101693,
    "country_region_scale": 4.634718571012597,
    "country_stability_scale": 0.6172484965604702,
    "country_thailand_early_bonus": 6.087499271684528,
    "coup_battleground_bonus": 2.5829211223100637,
    "coup_defcon2_penalty": -7.323102695041734,
    "coup_defcon3_penalty": -2.509826948194755,
    "coup_mode_bonus": 3.888359139757947,
    "early_region_weights": [
      1.1008718793456778,
      1.5214102617750265,
      1.2117897730647025,
      0.5680807933174998,
      0.3805479868422237,
      0.7490377227798419,
      1.1684401719028163
    ],
    "headline_friendly_bonus": 2.0220205059021827,
    "headline_ops_scale": 0.6466896563116817,
    "influence_mode_bonus": 5.572927043748867,
    "late_region_weights": [
      1.2139443903699672,
      0.967702529119075,
      0.8864512913227514,
      1.0899056301440206,
      1.1536948422380169,
      0.9337857223665408,
      0.9063458314984351
    ],
    "mid_region_weights": [
      1.0344673151759949,
      0.9571645196288223,
      0.9721960304541171,
      0.8626354076382486,
      1.3387347974245136,
      1.1578849687130892,
      0.8767109871823451
    ],
    "ops_card_penalty": 0.18916892491575282,
    "realign_base_penalty": -4.164466574290004,
    "realign_country_scale": 0.5639171028760637,
    "realign_defcon2_bonus": 2.1879478400498256,
    "realign_mode_bonus": -1.2789941152616733,
    "space_early_bonus": 0.9485155846437814,
    "space_mode_bonus": 1.1317599478815668,
    "space_offside_bonus": 1.8627979041794505,
    "space_when_behind_bonus": 2.2551302738058463
  },
  "proxy_score": 0.8145161290322581,
  "snapshot_id": "candidate_0052",
  "source": "random_proxy_search",
  "speed_penalty": 0.13766961563462643
}
