{
  "created_process_s": 0.270683399,
  "created_wall_s": 5.373084224993363,
  "label": "random_33",
  "objective": 0.8119802368373189,
  "paired_score": 0.0,
  "params": {
    "access_bonus": 1.4361729192660317,
    "china_asia_target_bonus": 1.4933434684085065,
    "china_early_penalty": -2.644404769822463,
    "control_break_bonus": 4.741765274148965,
    "country_battleground_bonus": 7.513326195134967,
    "country_europe_core_bonus": 2.1435720178630193,
    "country_mid_war_entry_bonus": 2.0998951179029284,
    "country_non_battleground_bonus": 0.7494100084287734,
    "country_region_scale": 4.466174412122546,
    "country_stability_scale": 0.569456524509073,
    "country_thailand_early_bonus": 6.1169479530988164,
    "coup_battleground_bonus": 2.7724603755816837,
    "coup_defcon2_penalty": -7.378095399948172,
    "coup_defcon3_penalty": -2.4232753199873973,
    "coup_mode_bonus": 4.097888244105716,
    "early_region_weights": [
      0.8821920812559557,
      1.326095365838172,
      0.999554253798618,
      0.4851765396820968,
      0.46268649688116964,
      0.5157315131220238,
      1.1476190068094474
    ],
    "headline_friendly_bonus": 1.922561438889318,
    "headline_ops_scale": 0.7513831451099002,
    "influence_mode_bonus": 6.047619578637579,
    "late_region_weights": [
      1.2133599582553678,
      0.7895279551198249,
      0.9463816744638957,
      1.1331265079406223,
      1.0600565218625324,
      0.9770841891273966,
      0.6831646626048354
    ],
    "mid_region_weights": [
      1.0386222258339293,
      1.0605714908936605,
      1.2294353985326907,
      0.8640228922089281,
      1.2782458097457008,
      1.11223990720558,
      0.9808801282628437
    ],
    "ops_card_penalty": 0.09611526436263379,
    "realign_base_penalty": -4.068798864974591,
    "realign_country_scale": 0.5347130651569189,
    "realign_defcon2_bonus": 1.8903950753290053,
    "realign_mode_bonus": -1.203158895035209,
    "space_early_bonus": 0.9035084606732735,
    "space_mode_bonus": 0.8100286871496264,
    "space_offside_bonus": 1.959299259463634,
    "space_when_behind_bonus": 2.1771346579722684
  },
  "proxy_score": 0.8145161290322581,
  "snapshot_id": "candidate_0033",
  "source": "random_proxy_search",
  "speed_penalty": 0.02535892194939171
}
