{
  "created_process_s": 0.315082835,
  "created_wall_s": 5.417590559998644,
  "label": "random_102",
  "objective": 0.8145161290322581,
  "paired_score": 0.0,
  "params": {
    "access_bonus": 1.5087873110898673,
    "china_asia_target_bonus": 1.5793479974670472,
    "china_early_penalty": -2.4545724849631863,
    "control_break_bonus": 4.707581006851313,
    "country_battleground_bonus": 6.657664639584841,
    "country_europe_core_bonus": 1.8735480172365304,
    "country_mid_war_entry_bonus": 2.079594531535245,
    "country_non_battleground_bonus": 1.0182252449732794,
    "country_region_scale": 4.732058392679115,
    "country_stability_scale": 0.5892248402864186,
    "country_thailand_early_bonus": 5.984173949127754,
    "coup_battleground_bonus": 2.4120607642140506,
    "coup_defcon2_penalty": -8.020169276352984,
    "coup_defcon3_penalty": -2.426429843629818,
    "coup_mode_bonus": 4.21917242145717,
    "early_region_weights": [
      0.9998521902481081,
      1.317388639239621,
      1.2476894001875163,
      0.623291685229869,
      0.521319652104296,
      0.7729152425415097,
      1.0602216892295155
    ],
    "headline_friendly_bonus": 1.9707256406149993,
    "headline_ops_scale": 0.7776585952625921,
    "influence_mode_bonus": 6.143867442110317,
    "late_region_weights": [
      1.1865283070592283,
      0.8418445489162373,
      1.0295070727232252,
      1.1185620310226698,
      1.0665479080055607,
      1.0045534258175142,
      0.5691423718767861
    ],
    "mid_region_weights": [
      1.0425216286122854,
      0.8531745261118229,
      0.921126178654481,
      1.075414123902933,
      1.1501105026296337,
      1.3154154985585913,
      0.9797855619389492
    ],
    "ops_card_penalty": 0.1338334440311772,
    "realign_base_penalty": -4.420583627717682,
    "realign_country_scale": 0.6018179900312706,
    "realign_defcon2_bonus": 1.9800472566586298,
    "realign_mode_bonus": -1.0968994005086488,
    "space_early_bonus": 1.2457149447199423,
    "space_mode_bonus": 0.9392378920896184,
    "space_offside_bonus": 1.8642480588442123,
    "space_when_behind_bonus": 2.041323581911707
  },
  "proxy_score": 0.8145161290322581,
  "snapshot_id": "candidate_0102",
  "source": "random_proxy_search",
  "speed_penalty": 0.0
}
