{
  "created_process_s": 6.166873122,
  "created_wall_s": 11.27857418799249,
  "label": "spsa_21_plus",
  "objective": 0.8378474869609362,
  "paired_score": 0.0,
  "params": {
    "access_bonus": 1.5676772078513765,
    "china_asia_target_bonus": 1.4602379446206948,
    "china_early_penalty": -2.4929234436315055,
    "control_break_bonus": 5.195512468215787,
    "country_battleground_bonus": 7.092862611757386,
    "country_europe_core_bonus": 1.9594820001577773,
    "country_mid_war_entry_bonus": 2.0698973580864863,
    "country_non_battleground_bonus": 0.8409830562683932,
    "country_region_scale": 4.957915998434877,
    "country_stability_scale": 0.6948582572629554,
    "country_thailand_early_bonus": 5.845039061868897,
    "coup_battleground_bonus": 2.4682583517514445,
    "coup_defcon2_penalty": -7.693365520103117,
    "coup_defcon3_penalty": -2.9001197832098753,
    "coup_mode_bonus": 3.9303766071418242,
    "early_region_weights": [
      0.8719385530956556,
      1.2376141048768698,
      0.9184821446161628,
      0.4499672286069705,
      0.5880460440381654,
      0.6088798853012872,
      1.2524017896036823
    ],
    "headline_friendly_bonus": 2.004961683789224,
    "headline_ops_scale": 0.7677473362567625,
    "influence_mode_bonus": 5.846547517847532,
    "late_region_weights": [
      1.2076863466712426,
      0.9820209367476339,
      0.9018231291689889,
      1.1195842423782805,
      1.1186335021734288,
      0.8983586981201398,
      0.9069578864782379
    ],
    "mid_region_weights": [
      1.0748171540350722,
      1.0820581056703613,
      0.9445767847348151,
      0.8079072479272579,
      1.1895884506704726,
      1.265242639267776,
      0.8993752836838061
    ],
    "ops_card_penalty": 0.1692048937846898,
    "realign_base_penalty": -3.8227276713557985,
    "realign_country_scale": 0.5945911102569279,
    "realign_defcon2_bonus": 1.8918230699174425,
    "realign_mode_bonus": -0.911252820988315,
    "space_early_bonus": 0.818057636844105,
    "space_mode_bonus": 0.9392333743031415,
    "space_offside_bonus": 1.8768245464042723,
    "space_when_behind_bonus": 1.9402007829723922
  },
  "proxy_score": 0.8790322580645161,
  "snapshot_id": "candidate_0161",
  "source": "proxy_spsa",
  "speed_penalty": 0.41184771103579876
}
