{
  "created_process_s": 0.257823874,
  "created_wall_s": 5.360209344988107,
  "label": "random_11",
  "objective": 0.8107971276255719,
  "paired_score": 0.0,
  "params": {
    "access_bonus": 1.657278562284761,
    "china_asia_target_bonus": 1.5229021041293054,
    "china_early_penalty": -2.3997328758888625,
    "control_break_bonus": 4.954336558959969,
    "country_battleground_bonus": 6.88136174774862,
    "country_europe_core_bonus": 2.033065058152159,
    "country_mid_war_entry_bonus": 2.0199820041421135,
    "country_non_battleground_bonus": 0.9162880418054122,
    "country_region_scale": 5.004560685832962,
    "country_stability_scale": 0.5702639496212146,
    "country_thailand_early_bonus": 5.918449614749946,
    "coup_battleground_bonus": 2.6027304698717515,
    "coup_defcon2_penalty": -7.840361079505765,
    "coup_defcon3_penalty": -2.9233351101295413,
    "coup_mode_bonus": 3.9377652559385172,
    "early_region_weights": [
      0.8852114411377252,
      1.5040180013813864,
      1.3070719398006991,
      0.6161007636546812,
      0.40609735326658225,
      0.7844141388873173,
      1.2972519194119856
    ],
    "headline_friendly_bonus": 1.9228034988193266,
    "headline_ops_scale": 0.6781820717905414,
    "influence_mode_bonus": 5.953426515261003,
    "late_region_weights": [
      1.0643182409105945,
      0.9248344249269761,
      0.8117697711827488,
      1.0906966299720517,
      1.2089167661907032,
      0.9418131376207367,
      0.7422533196319477
    ],
    "mid_region_weights": [
      1.1361519352635527,
      1.043076055725998,
      0.9732500833739076,
      0.9203899441814679,
      1.22103031941962,
      1.2955010878692708,
      0.7967769689053387
    ],
    "ops_card_penalty": 0.15420021248484947,
    "realign_base_penalty": -3.594990857825981,
    "realign_country_scale": 0.5694659620079695,
    "realign_defcon2_bonus": 1.7256020607971405,
    "realign_mode_bonus": -0.8507696459798116,
    "space_early_bonus": 1.0204603523094693,
    "space_mode_bonus": 1.1374247114283906,
    "space_offside_bonus": 2.1329897100614694,
    "space_when_behind_bonus": 1.9991661835548906
  },
  "proxy_score": 0.8145161290322581,
  "snapshot_id": "candidate_0011",
  "source": "random_proxy_search",
  "speed_penalty": 0.0371900140668624
}
