{
  "created_process_s": 0.285592817,
  "created_wall_s": 5.388065225997707,
  "label": "random_56",
  "objective": 0.6828293309184205,
  "paired_score": 0.0,
  "params": {
    "access_bonus": 1.3707084900767883,
    "china_asia_target_bonus": 1.4610423750771793,
    "china_early_penalty": -2.2657589367640356,
    "control_break_bonus": 4.7165556554232175,
    "country_battleground_bonus": 7.010497524275208,
    "country_europe_core_bonus": 1.9065228259427998,
    "country_mid_war_entry_bonus": 1.9262617583636352,
    "country_non_battleground_bonus": 0.9979385418990936,
    "country_region_scale": 5.022809855810242,
    "country_stability_scale": 0.6687246666295742,
    "country_thailand_early_bonus": 5.81511582021061,
    "coup_battleground_bonus": 2.42027994336077,
    "coup_defcon2_penalty": -7.900502134159726,
    "coup_defcon3_penalty": -2.8396290948748923,
    "coup_mode_bonus": 3.997783970272936,
    "early_region_weights": [
      0.8730004834222139,
      1.506712590905345,
      1.1485046248438335,
      0.648695623849102,
      0.6360503764655697,
      0.6648575093975405,
      1.1696848664238335
    ],
    "headline_friendly_bonus": 1.9678171962552624,
    "headline_ops_scale": 0.7535496634117335,
    "influence_mode_bonus": 5.791504156347063,
    "late_region_weights": [
      0.8987011982271975,
      0.9427675712767281,
      0.9070569919574568,
      1.0355817158801455,
      1.0383636209715448,
      1.0678067997808518,
      0.8384444179504319
    ],
    "mid_region_weights": [
      0.9287989448886191,
      0.8475557782514256,
      0.984653745783376,
      0.9340132601604733,
      1.4023723944070194,
      1.4392089233621534,
      0.6612532162899122
    ],
    "ops_card_penalty": 0.163675110450818,
    "realign_base_penalty": -3.4392515072012433,
    "realign_country_scale": 0.5756180670129641,
    "realign_defcon2_bonus": 2.0181171579571338,
    "realign_mode_bonus": -1.2281416751848686,
    "space_early_bonus": 1.070046442266263,
    "space_mode_bonus": 0.9864937840955679,
    "space_offside_bonus": 1.95208445140596,
    "space_when_behind_bonus": 1.9539169302241435
  },
  "proxy_score": 0.8145161290322581,
  "snapshot_id": "candidate_0056",
  "source": "random_proxy_search",
  "speed_penalty": 1.3168679811383766
}
