{
  "created_process_s": 0.27866370300000004,
  "created_wall_s": 5.381073678989196,
  "label": "random_46",
  "objective": 0.7891686890514559,
  "paired_score": 0.0,
  "params": {
    "access_bonus": 1.4116580075819138,
    "china_asia_target_bonus": 1.438948622934724,
    "china_early_penalty": -2.5612801601825383,
    "control_break_bonus": 4.992912997762323,
    "country_battleground_bonus": 7.032855151043813,
    "country_europe_core_bonus": 2.0275999444117794,
    "country_mid_war_entry_bonus": 1.8200840186677216,
    "country_non_battleground_bonus": 0.8589685026991909,
    "country_region_scale": 4.595422105973315,
    "country_stability_scale": 0.6555300793792171,
    "country_thailand_early_bonus": 6.2022097763886865,
    "coup_battleground_bonus": 2.829273560576408,
    "coup_defcon2_penalty": -8.407591199717299,
    "coup_defcon3_penalty": -2.428771661072551,
    "coup_mode_bonus": 4.106176687785283,
    "early_region_weights": [
      0.9993747200020158,
      1.0999891502714814,
      1.021989579844705,
      0.6686058404864312,
      0.8284265733829073,
      0.6696287746857214,
      1.2197540351372012
    ],
    "headline_friendly_bonus": 2.0015436323540468,
    "headline_ops_scale": 0.8226165234870356,
    "influence_mode_bonus": 6.183718223797862,
    "late_region_weights": [
      1.0928157501933888,
      0.8581942777657161,
      1.1053362196244376,
      1.0675191346984731,
      1.0021870759520808,
      1.0429017380827363,
      0.8330694004284046
    ],
    "mid_region_weights": [
      0.9513595906326158,
      1.1109248199574568,
      1.1138195713277506,
      1.0201119685190538,
      1.1392746621584329,
      1.3201857380926847,
      0.9517036763302541
    ],
    "ops_card_penalty": 0.1743158340235681,
    "realign_base_penalty": -4.07346362216477,
    "realign_country_scale": 0.52843950893363,
    "realign_defcon2_bonus": 2.055765482381835,
    "realign_mode_bonus": -1.1264112580372347,
    "space_early_bonus": 1.1395324568403453,
    "space_mode_bonus": 0.9254481584939841,
    "space_offside_bonus": 1.9076456878429362,
    "space_when_behind_bonus": 2.0952658193674973
  },
  "proxy_score": 0.8145161290322581,
  "snapshot_id": "candidate_0046",
  "source": "random_proxy_search",
  "speed_penalty": 0.25347439980802267
}
