{
  "created_process_s": 0.308009882,
  "created_wall_s": 5.4105092309910106,
  "label": "random_90",
  "objective": 0.8377559222815846,
  "paired_score": 0.0,
  "params": {
    "access_bonus": 1.7334860252705622,
    "china_asia_target_bonus": 1.436648781689484,
    "china_early_penalty": -2.726807363646314,
    "control_break_bonus": 4.51056506131135,
    "country_battleground_bonus": 6.948694254102018,
    "country_europe_core_bonus": 2.0939353541803967,
    "country_mid_war_entry_bonus": 1.8571462878474376,
    "country_non_battleground_bonus": 1.1610391525234975,
    "country_region_scale": 4.8376222022869175,
    "country_stability_scale": 0.6571610788974444,
    "country_thailand_early_bonus": 5.798508048004094,
    "coup_battleground_bonus": 2.5496205936318312,
    "coup_defcon2_penalty": -7.763048626605178,
    "coup_defcon3_penalty": -2.347358778137079,
    "coup_mode_bonus": 3.542137788343023,
    "early_region_weights": [
      0.7816873785406402,
      1.3653668316412644,
      0.842974765254885,
      0.5072234671120599,
      0.6172682924511954,
      0.5474740822166226,
      1.172919735858478
    ],
    "headline_friendly_bonus": 1.9439282345203799,
    "headline_ops_scale": 0.7171630495867173,
    "influence_mode_bonus": 6.61895810139166,
    "late_region_weights": [
      1.0647770334084283,
      0.9683822304352757,
      0.880172521051567,
      0.9647358156865762,
      0.9978052772938178,
      1.0668138541052579,
      0.6462167858443826
    ],
    "mid_region_weights": [
      0.9641840158652533,
      0.937994955562788,
      0.8432470309089835,
      0.794855704459615,
      1.367968236490185,
      1.324160919481799,
      0.7465465167294596
    ],
    "ops_card_penalty": 0.15330707923229406,
    "realign_base_penalty": -4.633074096387832,
    "realign_country_scale": 0.6021418833063136,
    "realign_defcon2_bonus": 1.8995777077674096,
    "realign_mode_bonus": -1.3480307356541503,
    "space_early_bonus": 0.8239138458841211,
    "space_mode_bonus": 1.092276078286118,
    "space_offside_bonus": 1.9834041060693486,
    "space_when_behind_bonus": 2.025150227930484
  },
  "proxy_score": 0.8467741935483871,
  "snapshot_id": "candidate_0090",
  "source": "random_proxy_search",
  "speed_penalty": 0.09018271266802569
}
