{
  "created_process_s": 0.279156718,
  "created_wall_s": 5.381567300995812,
  "label": "random_47",
  "objective": 0.8595723733045466,
  "paired_score": 0.0,
  "params": {
    "access_bonus": 1.6847816230004777,
    "china_asia_target_bonus": 1.4784571480972215,
    "china_early_penalty": -2.3729921215910825,
    "control_break_bonus": 4.9939868015985605,
    "country_battleground_bonus": 6.738670350007664,
    "country_europe_core_bonus": 2.0910143804016066,
    "country_mid_war_entry_bonus": 2.06942388685955,
    "country_non_battleground_bonus": 1.1114863589007618,
    "country_region_scale": 5.054168292597573,
    "country_stability_scale": 0.5751852327049904,
    "country_thailand_early_bonus": 6.1402681268370305,
    "coup_battleground_bonus": 2.573844552746313,
    "coup_defcon2_penalty": -9.202558556318715,
    "coup_defcon3_penalty": -2.226257300678005,
    "coup_mode_bonus": 4.041732419225963,
    "early_region_weights": [
      0.82234896335251,
      1.3981335168224738,
      1.0519149821147729,
      0.5677525516971147,
      0.4750340618945341,
      0.6364126537759581,
      1.1408215581287218
    ],
    "headline_friendly_bonus": 2.1977770674311894,
    "headline_ops_scale": 0.7770743178294854,
    "influence_mode_bonus": 6.067975349640425,
    "late_region_weights": [
      1.0536777967088613,
      0.9724487953730059,
      1.0900784110538562,
      1.0756238613475904,
      0.9541517972678267,
      1.0829654874238102,
      0.7126423727533134
    ],
    "mid_region_weights": [
      0.9854815133235736,
      1.0616192300185117,
      1.0066962870094947,
      0.9422912014160615,
      1.1615447660981681,
      1.169070789931404,
      0.885674748496463
    ],
    "ops_card_penalty": 0.10110942411366115,
    "realign_base_penalty": -3.7088891857767288,
    "realign_country_scale": 0.5626684080503361,
    "realign_defcon2_bonus": 1.8665480797802632,
    "realign_mode_bonus": -1.1820497053767016,
    "space_early_bonus": 0.9844094712989834,
    "space_mode_bonus": 0.8379498930565847,
    "space_offside_bonus": 2.1058850770300745,
    "space_when_behind_bonus": 2.0533930118831107
  },
  "proxy_score": 0.8790322580645161,
  "snapshot_id": "candidate_0047",
  "source": "random_proxy_search",
  "speed_penalty": 0.19459884759969515
}
