{
  "created_process_s": 0.31152434500000004,
  "created_wall_s": 5.41402729699621,
  "label": "random_96",
  "objective": 0.8790322580645161,
  "paired_score": 0.0,
  "params": {
    "access_bonus": 1.644061677969148,
    "china_asia_target_bonus": 1.560526979875496,
    "china_early_penalty": -2.5698339420964205,
    "control_break_bonus": 4.526627135677847,
    "country_battleground_bonus": 7.196201649678149,
    "country_europe_core_bonus": 2.062759023976049,
    "country_mid_war_entry_bonus": 2.10516788395746,
    "country_non_battleground_bonus": 1.2095866784276363,
    "country_region_scale": 5.227333718831014,
    "country_stability_scale": 0.4808737712637302,
    "country_thailand_early_bonus": 6.321544883960551,
    "coup_battleground_bonus": 2.5585464582347672,
    "coup_defcon2_penalty": -8.35319693776707,
    "coup_defcon3_penalty": -2.0840239079891933,
    "coup_mode_bonus": 4.118423042940267,
    "early_region_weights": [
      0.9328424640155808,
      1.3254825820472849,
      1.2310711337692166,
      0.6524052341012763,
      0.53691132129895,
      0.6121598234810351,
      1.068373930904293
    ],
    "headline_friendly_bonus": 1.9068199259042105,
    "headline_ops_scale": 0.6815405094550053,
    "influence_mode_bonus": 6.434375417990346,
    "late_region_weights": [
      1.067568099976568,
      1.1470805699882027,
      0.8410830163293506,
      1.0748318789375921,
      1.3418230502147177,
      0.9853231165823421,
      0.8407823521815151
    ],
    "mid_region_weights": [
      0.9834420313310956,
      1.002262677359814,
      1.1175769553800465,
      0.9504665158668182,
      1.2132206988417167,
      1.1552628751517664,
      0.7583627512882116
    ],
    "ops_card_penalty": 0.18916933801562263,
    "realign_base_penalty": -3.8002212404997855,
    "realign_country_scale": 0.5897090950726833,
    "realign_defcon2_bonus": 1.9461531041802926,
    "realign_mode_bonus": -0.9765588450601761,
    "space_early_bonus": 1.0447661696533854,
    "space_mode_bonus": 0.7393442501712366,
    "space_offside_bonus": 2.0934107955535675,
    "space_when_behind_bonus": 1.8109389390198856
  },
  "proxy_score": 0.8790322580645161,
  "snapshot_id": "candidate_0096",
  "source": "random_proxy_search",
  "speed_penalty": 0.0
}
