{
  "created_process_s": 0.323891781,
  "created_wall_s": 5.42640958300035,
  "label": "random_118",
  "objective": 0.8145161290322581,
  "paired_score": 0.0,
  "params": {
    "access_bonus": 1.4534061060421282,
    "china_asia_target_bonus": 1.535875519118238,
    "china_early_penalty": -2.5745557179961667,
    "control_break_bonus": 4.839627551706125,
    "country_battleground_bonus": 6.5856082097829765,
    "country_europe_core_bonus": 2.081279652336534,
    "country_mid_war_entry_bonus": 2.082896349325081,
    "country_non_battleground_bonus": 1.0323269625547091,
    "country_region_scale": 4.5667011730407525,
    "country_stability_scale": 0.6357716333658986,
    "country_thailand_early_bonus": 6.236563294694187,
    "coup_battleground_bonus": 2.2346527572796355,
    "coup_defcon2_penalty": -8.374907181071721,
    "coup_defcon3_penalty": -2.622238976865205,
    "coup_mode_bonus": 3.7664916674421858,
    "early_region_weights": [
      0.9616600498125538,
      1.4502419415624008,
      1.0018865933833292,
      0.661108088780104,
      0.37767450349938436,
      0.5711165966259448,
      1.2228530790655496
    ],
    "headline_friendly_bonus": 1.9912461333490072,
    "headline_ops_scale": 0.7681454190823094,
    "influence_mode_bonus": 6.163852468680313,
    "late_region_weights": [
      0.985565479940283,
      1.0183394625843305,
      1.0259754663060605,
      0.9226940986509293,
      1.1995203391428433,
      1.1227947423399143,
      0.5970764326780564
    ],
    "mid_region_weights": [
      1.1794203474313665,
      0.9571636437807333,
      0.7647872827169844,
      1.0039170410834872,
      1.205665021620315,
      1.1199269470844289,
      0.817190046789211
    ],
    "ops_card_penalty": 0.12869483169700002,
    "realign_base_penalty": -3.7928416915820793,
    "realign_country_scale": 0.6300245327880974,
    "realign_defcon2_bonus": 2.010851790018239,
    "realign_mode_bonus": -1.1563864945408409,
    "space_early_bonus": 0.9505605680847171,
    "space_mode_bonus": 1.0691819618340876,
    "space_offside_bonus": 1.9397661297168,
    "space_when_behind_bonus": 1.8550252826288989
  },
  "proxy_score": 0.8145161290322581,
  "snapshot_id": "candidate_0118",
  "source": "random_proxy_search",
  "speed_penalty": 0.0
}
