{
  "created_process_s": 0.25911327500000003,
  "created_wall_s": 5.361500562998117,
  "label": "random_13",
  "objective": 0.8467741935483871,
  "paired_score": 0.0,
  "params": {
    "access_bonus": 1.5025898966250988,
    "china_asia_target_bonus": 1.4551896253424312,
    "china_early_penalty": -2.7276719372658875,
    "control_break_bonus": 5.438820362700348,
    "country_battleground_bonus": 7.061325747714895,
    "country_europe_core_bonus": 2.20537188060593,
    "country_mid_war_entry_bonus": 2.0629407471048795,
    "country_non_battleground_bonus": 1.1613392681488468,
    "country_region_scale": 5.148941594721282,
    "country_stability_scale": 0.6282201126615573,
    "country_thailand_early_bonus": 5.994500666316025,
    "coup_battleground_bonus": 2.240620358002825,
    "coup_defcon2_penalty": -7.6565697107803015,
    "coup_defcon3_penalty": -2.462074486313948,
    "coup_mode_bonus": 3.810266778750566,
    "early_region_weights": [
      0.9526680745204288,
      1.386798390463534,
      1.2350370361874372,
      0.564784300121604,
      0.5825878760879427,
      0.7333025800506868,
      1.250947696203493
    ],
    "headline_friendly_bonus": 1.6869273313085669,
    "headline_ops_scale": 0.72352465365123,
    "influence_mode_bonus": 6.138100150983301,
    "late_region_weights": [
      1.2312313132818498,
      0.9393001040153686,
      0.9179242419369626,
      0.9558525063543843,
      1.1166519577917,
      0.9797653920367646,
      0.8417187433809905
    ],
    "mid_region_weights": [
      1.0641054618959118,
      0.9225194441133961,
      0.878018482982927,
      0.9559184496948867,
      1.0663855979426164,
      1.1474356346259111,
      1.0479352526076093
    ],
    "ops_card_penalty": 0.16103591017255783,
    "realign_base_penalty": -4.195195666197745,
    "realign_country_scale": 0.5589573922439799,
    "realign_defcon2_bonus": 1.9121703203362346,
    "realign_mode_bonus": -0.6547520264542934,
    "space_early_bonus": 0.9195494600713586,
    "space_mode_bonus": 1.1500472421415966,
    "space_offside_bonus": 2.038825288685463,
    "space_when_behind_bonus": 1.7137057850087785
  },
  "proxy_score": 0.8467741935483871,
  "snapshot_id": "candidate_0013",
  "source": "random_proxy_search",
  "speed_penalty": 0.0
}
