{
  "created_process_s": 0.302651855,
  "created_wall_s": 5.405145195996738,
  "label": "random_81",
  "objective": 0.8457618418514109,
  "paired_score": 0.0,
  "params": {
    "access_bonus": 1.5218052643350086,
    "china_asia_target_bonus": 1.5015616154088778,
    "china_early_penalty": -2.4076410863841655,
    "control_break_bonus": 4.781780320349424,
    "country_battleground_bonus": 6.601157844739593,
    "country_europe_core_bonus": 1.981183854418611,
    "country_mid_war_entry_bonus": 1.9127867418173659,
    "country_non_battleground_bonus": 0.8109969511779663,
    "country_region_scale": 4.969124586602306,
    "country_stability_scale": 0.5997094153377593,
    "country_thailand_early_bonus": 5.906396974439708,
    "coup_battleground_bonus": 2.373969953910085,
    "coup_defcon2_penalty": -7.375673890871039,
    "coup_defcon3_penalty": -2.84629850431936,
    "coup_mode_bonus": 4.091928661249006,
    "early_region_weights": [
      0.8386956631877789,
      1.3932142359903381,
      1.1737891015267654,
      0.5391841507742277,
      0.5390467196995816,
      0.676589944584763,
      1.329458400735597
    ],
    "headline_friendly_bonus": 1.8894550381783963,
    "headline_ops_scale": 0.7368080055092582,
    "influence_mode_bonus": 5.4442061729195625,
    "late_region_weights": [
      1.193788841973875,
      1.1169520766354306,
      0.9488884347792002,
      1.0815984528255036,
      1.1128536338365023,
      1.0046890386095997,
      0.6310264990551943
    ],
    "mid_region_weights": [
      0.9324542478721332,
      1.0826814919010022,
      1.1140932732344577,
      0.8951513024435606,
      1.2515245525156973,
      1.1337900435771682,
      0.985815789586828
    ],
    "ops_card_penalty": 0.15834768720825337,
    "realign_base_penalty": -4.050143220653975,
    "realign_country_scale": 0.5303068646081321,
    "realign_defcon2_bonus": 1.7565385301493253,
    "realign_mode_bonus": -1.1965596147491409,
    "space_early_bonus": 1.072841332049447,
    "space_mode_bonus": 0.9510618674895935,
    "space_offside_bonus": 1.9040127613458606,
    "space_when_behind_bonus": 2.1355503601376684
  },
  "proxy_score": 0.8467741935483871,
  "snapshot_id": "candidate_0081",
  "source": "random_proxy_search",
  "speed_penalty": 0.01012351696976177
}
