{
  "created_process_s": 5.424423989,
  "created_wall_s": 10.535332777988515,
  "label": "spsa_18_plus",
  "objective": 0.7696208191185191,
  "paired_score": 0.0,
  "params": {
    "access_bonus": 1.5671526767465909,
    "china_asia_target_bonus": 1.4511595416080645,
    "china_early_penalty": -2.4922240688251245,
    "control_break_bonus": 5.194463406006216,
    "country_battleground_bonus": 7.070166604225811,
    "country_europe_core_bonus": 1.9598316875609678,
    "country_mid_war_entry_bonus": 2.0789757610991164,
    "country_non_battleground_bonus": 0.8404585251636074,
    "country_region_scale": 4.958790216942853,
    "country_stability_scale": 0.6946834135613601,
    "country_thailand_early_bonus": 5.826882255843637,
    "coup_battleground_bonus": 2.4689577265578255,
    "coup_defcon2_penalty": -7.694764269715879,
    "coup_defcon3_penalty": -2.8774237756782997,
    "coup_mode_bonus": 3.929327544932253,
    "early_region_weights": [
      0.8810169561082858,
      1.2372644174736793,
      0.9094037416035327,
      0.44961754120378006,
      0.5883957314413558,
      0.599801482288657,
      1.243323386591052
    ],
    "headline_friendly_bonus": 2.0044371526844387,
    "headline_ops_scale": 0.7679221799583578,
    "influence_mode_bonus": 5.819312308809642,
    "late_region_weights": [
      1.1986079436586123,
      0.9729425337350037,
      0.9014734417657985,
      1.119933929781471,
      1.1095550991607985,
      0.8987083855233302,
      0.8978794834656078
    ],
    "mid_region_weights": [
      1.0751668414382627,
      1.0817084182671708,
      0.9449264721380055,
      0.8169856509398881,
      1.189938138073663,
      1.2743210422804063,
      0.8990255962806157
    ],
    "ops_card_penalty": 0.16909998756373268,
    "realign_base_penalty": -3.8236018898637747,
    "realign_country_scale": 0.5944162665553326,
    "realign_defcon2_bonus": 1.8912985388126569,
    "realign_mode_bonus": -0.910553446181934,
    "space_early_bonus": 0.8177079494409146,
    "space_mode_bonus": 0.9385339994967605,
    "space_offside_bonus": 1.863206941885327,
    "space_when_behind_bonus": 1.9396762518676065
  },
  "proxy_score": 0.8145161290322581,
  "snapshot_id": "candidate_0155",
  "source": "proxy_spsa",
  "speed_penalty": 0.4489530991373898
}
