{
  "created_process_s": 1.409663903,
  "created_wall_s": 6.513408247992629,
  "label": "spsa_3_minus",
  "objective": 0.7192146189826425,
  "paired_score": 0.0,
  "params": {
    "access_bonus": 1.5569032364827675,
    "china_asia_target_bonus": 1.4443265814321824,
    "china_early_penalty": -2.5247461700085303,
    "control_break_bonus": 5.173964525478569,
    "country_battleground_bonus": 7.0530842037861055,
    "country_europe_core_bonus": 1.96666464773685,
    "country_mid_war_entry_bonus": 2.0627147105074135,
    "country_non_battleground_bonus": 0.8648501010511617,
    "country_region_scale": 4.975872617382558,
    "country_stability_scale": 0.7028139388572116,
    "country_thailand_early_bonus": 5.859404357027043,
    "coup_battleground_bonus": 2.4826236469095897,
    "coup_defcon2_penalty": -7.6297200673490675,
    "coup_defcon3_penalty": -2.9180764021575567,
    "coup_mode_bonus": 3.9781106967073616,
    "early_region_weights": [
      0.864755905516583,
      1.2535254680653822,
      0.9256647921952355,
      0.46587859179548285,
      0.572134680849653,
      0.6160625328803598,
      1.259584437182755
    ],
    "headline_friendly_bonus": 2.028828728571993,
    "headline_ops_scale": 0.7713386600462988,
    "influence_mode_bonus": 5.798813428281995,
    "late_region_weights": [
      1.1917749834827303,
      0.9661095735591215,
      0.8946404815899163,
      1.103672879189768,
      1.1027221389849164,
      0.9055413456992124,
      0.8910465232897256
    ],
    "mid_region_weights": [
      1.0589057908465598,
      1.0979694688588737,
      0.9286654215463027,
      0.8007246003481853,
      1.1967710982495452,
      1.2811540024562884,
      0.8921926361047335
    ],
    "ops_card_penalty": 0.1739783027412435,
    "realign_base_penalty": -3.7829492633845176,
    "realign_country_scale": 0.6025467918511841,
    "realign_defcon2_bonus": 1.8810490985488335,
    "realign_mode_bonus": -0.8968875258301696,
    "space_early_bonus": 0.8339690000326174,
    "space_mode_bonus": 0.9248680791449961,
    "space_offside_bonus": 1.8875985177728813,
    "space_when_behind_bonus": 1.9640678277551609
  },
  "proxy_score": 0.8467741935483871,
  "snapshot_id": "candidate_0126",
  "source": "proxy_spsa",
  "speed_penalty": 1.2755957456574465
}
