{
  "created_process_s": 0.283887532,
  "created_wall_s": 5.386303134990158,
  "label": "random_54",
  "objective": 0.8467741935483871,
  "paired_score": 0.0,
  "params": {
    "access_bonus": 1.4044147058503786,
    "china_asia_target_bonus": 1.576456279470766,
    "china_early_penalty": -2.1296365040069642,
    "control_break_bonus": 4.986484453123956,
    "country_battleground_bonus": 7.0900693654113685,
    "country_europe_core_bonus": 1.857659187956866,
    "country_mid_war_entry_bonus": 2.0004551600421814,
    "country_non_battleground_bonus": 0.7793920456449013,
    "country_region_scale": 4.8529361950076,
    "country_stability_scale": 0.6031240659620292,
    "country_thailand_early_bonus": 6.127767536178092,
    "coup_battleground_bonus": 2.856343696130141,
    "coup_defcon2_penalty": -8.193253543919797,
    "coup_defcon3_penalty": -2.381445643439285,
    "coup_mode_bonus": 3.9642131496207575,
    "early_region_weights": [
      0.9844208264248178,
      1.3329832096807697,
      1.0557164938015537,
      0.5427029130606033,
      0.828456984372689,
      0.7870323310435768,
      1.295338333656102
    ],
    "headline_friendly_bonus": 1.8812725536929606,
    "headline_ops_scale": 0.748639285380852,
    "influence_mode_bonus": 6.041227583285835,
    "late_region_weights": [
      1.1225470881927697,
      1.0933286456916278,
      0.896187525675485,
      0.9886334013518348,
      0.9771192395419042,
      0.9529982583313491,
      0.632538116141685
    ],
    "mid_region_weights": [
      0.9251146416547363,
      1.0336238374263682,
      0.9785660221374914,
      0.9256148901233526,
      1.1558330796868157,
      1.2414277533808822,
      0.8006911517487845
    ],
    "ops_card_penalty": 0.0909453660650669,
    "realign_base_penalty": -4.1346186983786986,
    "realign_country_scale": 0.46888792854523786,
    "realign_defcon2_bonus": 2.0884627277539614,
    "realign_mode_bonus": -1.1408261694560276,
    "space_early_bonus": 0.9904402181878929,
    "space_mode_bonus": 1.2443787196122673,
    "space_offside_bonus": 2.03319098430071,
    "space_when_behind_bonus": 2.0558357158632714
  },
  "proxy_score": 0.8467741935483871,
  "snapshot_id": "candidate_0054",
  "source": "random_proxy_search",
  "speed_penalty": 0.0
}
