{
  "created_process_s": 0.251699573,
  "created_wall_s": 5.354076712988899,
  "label": "random_2",
  "objective": 0.8451760405192672,
  "paired_score": 0.0,
  "params": {
    "access_bonus": 1.4547450041794323,
    "china_asia_target_bonus": 1.6432357322796085,
    "china_early_penalty": -2.7698196920457567,
    "control_break_bonus": 5.205965573477239,
    "country_battleground_bonus": 7.046335931495045,
    "country_europe_core_bonus": 1.999563937078054,
    "country_mid_war_entry_bonus": 1.916723890176932,
    "country_non_battleground_bonus": 1.0466955469970867,
    "country_region_scale": 4.369915626627648,
    "country_stability_scale": 0.49917035630864015,
    "country_thailand_early_bonus": 5.933496552962193,
    "coup_battleground_bonus": 2.623344948957209,
    "coup_defcon2_penalty": -7.620869238335625,
    "coup_defcon3_penalty": -2.5303260344590965,
    "coup_mode_bonus": 3.743692871585582,
    "early_region_weights": [
      0.9634873436735375,
      1.3495969976503202,
      0.9388332916170652,
      0.6576673873763639,
      0.6186161680847422,
      0.5534013500370352,
      1.185053285908635
    ],
    "headline_friendly_bonus": 1.9930956979207577,
    "headline_ops_scale": 0.6578284034973985,
    "influence_mode_bonus": 6.021857245320063,
    "late_region_weights": [
      1.0904342319748517,
      0.876776191605195,
      0.831875989459386,
      0.9001613176347396,
      1.2029497060921415,
      0.7560242417839341,
      0.6919967676865973
    ],
    "mid_region_weights": [
      1.0256365614860319,
      0.9877324553112656,
      0.9648692469881834,
      0.995271837330268,
      1.1737272297552748,
      1.1430872509561174,
      0.791096867996578
    ],
    "ops_card_penalty": 0.19521577530159004,
    "realign_base_penalty": -3.9159717383140333,
    "realign_country_scale": 0.571787865076144,
    "realign_defcon2_bonus": 1.8749610716723182,
    "realign_mode_bonus": -1.1593833032357597,
    "space_early_bonus": 1.0501126979888928,
    "space_mode_bonus": 1.0268814328091396,
    "space_offside_bonus": 1.917755626397492,
    "space_when_behind_bonus": 2.1260565682099237
  },
  "proxy_score": 0.8467741935483871,
  "snapshot_id": "candidate_0002",
  "source": "random_proxy_search",
  "speed_penalty": 0.015981530291199197
}
