{
  "created_process_s": 0.26520766300000004,
  "created_wall_s": 5.3676026679895585,
  "label": "random_24",
  "objective": 0.782258064516129,
  "paired_score": 0.0,
  "params": {
    "access_bonus": 1.4928383084813632,
    "china_asia_target_bonus": 1.5383460521389207,
    "china_early_penalty": -2.3322803311609843,
    "control_break_bonus": 5.180366157654373,
    "country_battleground_bonus": 6.8557664694925515,
    "country_europe_core_bonus": 2.158647829350856,
    "country_mid_war_entry_bonus": 1.862358520253286,
    "country_non_battleground_bonus": 1.067346579398914,
    "country_region_scale": 4.983971620317247,
    "country_stability_scale": 0.6482278835632673,
    "country_thailand_early_bonus": 6.353079481840886,
    "coup_battleground_bonus": 2.473480813835064,
    "coup_defcon2_penalty": -8.075128168781106,
    "coup_defcon3_penalty": -2.258276327831778,
    "coup_mode_bonus": 4.349608827114155,
    "early_region_weights": [
      1.009541952076801,
      1.5303446837783519,
      1.0928806648286498,
      0.5108435719447617,
      0.5397189055136272,
      0.7944931408622539,
      1.155978778192782
    ],
    "headline_friendly_bonus": 1.7298517178365516,
    "headline_ops_scale": 0.7673704186133851,
    "influence_mode_bonus": 6.238964891898648,
    "late_region_weights": [
      1.1917264133377805,
      0.6974009776512731,
      1.0027151350891614,
      1.0970021655551956,
      0.9838625843572745,
      0.9056531337103813,
      0.808623384260549
    ],
    "mid_region_weights": [
      0.9626411558264806,
      1.1978924514576825,
      0.9292756704486506,
      0.9818912207107297,
      1.0760524216496556,
      1.2131464573402415,
      1.0463368461525058
    ],
    "ops_card_penalty": 0.13962290571559055,
    "realign_base_penalty": -3.823222346281619,
    "realign_country_scale": 0.636964039036566,
    "realign_defcon2_bonus": 1.9455454000007852,
    "realign_mode_bonus": -1.0621084099198863,
    "space_early_bonus": 1.0797368621005747,
    "space_mode_bonus": 1.0065346379083038,
    "space_offside_bonus": 2.1593824082318633,
    "space_when_behind_bonus": 2.02522597817615
  },
  "proxy_score": 0.782258064516129,
  "snapshot_id": "candidate_0024",
  "source": "random_proxy_search",
  "speed_penalty": 0.0
}
