{
  "created_process_s": 0.28744447,
  "created_wall_s": 5.389915659994585,
  "label": "random_58",
  "objective": 0.7582894546758312,
  "paired_score": 0.0,
  "params": {
    "access_bonus": 1.7057173888073347,
    "china_asia_target_bonus": 1.6287381058388937,
    "china_early_penalty": -2.1732662836590073,
    "control_break_bonus": 4.967957049953298,
    "country_battleground_bonus": 6.8576065676782685,
    "country_europe_core_bonus": 2.09387855507255,
    "country_mid_war_entry_bonus": 2.029469126166804,
    "country_non_battleground_bonus": 0.9236695155992966,
    "country_region_scale": 5.051837161750416,
    "country_stability_scale": 0.6202127609406417,
    "country_thailand_early_bonus": 5.979980224808753,
    "coup_battleground_bonus": 2.768623963921286,
    "coup_defcon2_penalty": -8.186314821482364,
    "coup_defcon3_penalty": -2.670189722199809,
    "coup_mode_bonus": 4.603231715357713,
    "early_region_weights": [
      0.6767059401258472,
      1.4919052953375445,
      1.0559998818109606,
      0.5446164463256842,
      0.7363645715721093,
      0.7156757182255803,
      1.1205939923843475
    ],
    "headline_friendly_bonus": 2.2133678147552405,
    "headline_ops_scale": 0.7095713194585693,
    "influence_mode_bonus": 6.137240562996978,
    "late_region_weights": [
      1.1339280163104128,
      0.9291326735007158,
      0.8813441262429144,
      1.172529122669439,
      0.9196146232248862,
      0.8092246987918115,
      0.9990442159403429
    ],
    "mid_region_weights": [
      0.9784669137632543,
      0.9595803916089588,
      0.8797734516580624,
      0.9859209978544965,
      1.2039041670527122,
      1.106426912666546,
      0.8894530897292657
    ],
    "ops_card_penalty": 0.19516276802271632,
    "realign_base_penalty": -4.324443443472152,
    "realign_country_scale": 0.541052012502389,
    "realign_defcon2_bonus": 1.7975445510164012,
    "realign_mode_bonus": -1.1885084178141265,
    "space_early_bonus": 1.0508039056814955,
    "space_mode_bonus": 0.9778969859353122,
    "space_offside_bonus": 1.9724423453841358,
    "space_when_behind_bonus": 1.8523811298234285
  },
  "proxy_score": 0.782258064516129,
  "snapshot_id": "candidate_0058",
  "source": "random_proxy_search",
  "speed_penalty": 0.2396860984029785
}
