{
  "created_process_s": 3.9859896210000003,
  "created_wall_s": 9.09534869599156,
  "label": "spsa_12_minus",
  "objective": 0.7799512894728504,
  "paired_score": 0.0,
  "params": {
    "access_bonus": 1.5828839985963008,
    "china_asia_target_bonus": 1.4501000841240785,
    "china_early_penalty": -2.513199164624738,
    "control_break_bonus": 5.191285033554258,
    "country_battleground_bonus": 7.096385473975327,
    "country_europe_core_bonus": 1.949344139661161,
    "country_mid_war_entry_bonus": 2.0800352185831024,
    "country_non_battleground_bonus": 0.8388693389376285,
    "country_region_scale": 4.961438860652818,
    "country_stability_scale": 0.6941536848193671,
    "country_thailand_early_bonus": 5.824763340875665,
    "coup_battleground_bonus": 2.447982630758212,
    "coup_defcon2_penalty": -7.699002099651823,
    "coup_defcon3_penalty": -2.903642645427816,
    "coup_mode_bonus": 3.9607901886316728,
    "early_region_weights": [
      0.8705294082084792,
      1.2362049599896934,
      0.9083442841195467,
      0.4485580837197941,
      0.5894551889253418,
      0.6102890301884636,
      1.242263929107066
    ],
    "headline_friendly_bonus": 2.0028479664584595,
    "headline_ops_scale": 0.7684519087003507,
    "influence_mode_bonus": 5.816133936357684,
    "late_region_weights": [
      1.209095491558419,
      0.9834300816348103,
      0.911960989665605,
      1.120993387265457,
      1.1200426470606053,
      0.8997678430073162,
      0.9083670313654143
    ],
    "mid_region_weights": [
      1.0762262989222486,
      1.0806489607831848,
      0.9459859296219915,
      0.818045108423874,
      1.190997595557649,
      1.2753804997643923,
      0.8979661387966298
    ],
    "ops_card_penalty": 0.16878215031853688,
    "realign_base_penalty": -3.8262505335737393,
    "realign_country_scale": 0.5938865378133397,
    "realign_defcon2_bonus": 1.9070298606623668,
    "realign_mode_bonus": -0.9315285419815471,
    "space_early_bonus": 0.8166484919569287,
    "space_mode_bonus": 0.9595090952963736,
    "space_offside_bonus": 1.878938263735037,
    "space_when_behind_bonus": 1.9380870656416276
  },
  "proxy_score": 0.8467741935483871,
  "snapshot_id": "candidate_0144",
  "source": "proxy_spsa",
  "speed_penalty": 0.6682290407553675
}
