{
  "created_process_s": 0.286462166,
  "created_wall_s": 5.388936326999101,
  "label": "random_57",
  "objective": 0.5589602561322657,
  "paired_score": 0.0,
  "params": {
    "access_bonus": 1.8588104952736053,
    "china_asia_target_bonus": 1.5752406547000009,
    "china_early_penalty": -2.4289676717641697,
    "control_break_bonus": 5.13321278098064,
    "country_battleground_bonus": 6.90945539330499,
    "country_europe_core_bonus": 2.184024144992775,
    "country_mid_war_entry_bonus": 1.8717402358756774,
    "country_non_battleground_bonus": 0.89053911234324,
    "country_region_scale": 4.82163607060366,
    "country_stability_scale": 0.5993754389172985,
    "country_thailand_early_bonus": 6.093032496720162,
    "coup_battleground_bonus": 2.548073674799076,
    "coup_defcon2_penalty": -8.588489303230519,
    "coup_defcon3_penalty": -2.3857044899499638,
    "coup_mode_bonus": 3.6447815423562866,
    "early_region_weights": [
      0.75788799278019,
      1.3640114037774622,
      1.0164636470378354,
      0.4401032144756532,
      0.5645222954304526,
      0.5937249978941505,
      1.4700915919511106
    ],
    "headline_friendly_bonus": 2.147951180952699,
    "headline_ops_scale": 0.777412343117704,
    "influence_mode_bonus": 5.890997415540444,
    "late_region_weights": [
      1.3352595306427535,
      0.8843214572762236,
      1.073801025376399,
      0.8810317859248783,
      1.1165792075605592,
      0.9668689556186133,
      0.8401966197184065
    ],
    "mid_region_weights": [
      0.7728018187732022,
      1.0018388918046333,
      1.195239863273037,
      1.0090296627761144,
      1.2222081932394704,
      1.0826138473686409,
      0.8197739241784819
    ],
    "ops_card_penalty": 0.15185921759612273,
    "realign_base_penalty": -3.5592877366617803,
    "realign_country_scale": 0.5181279802251754,
    "realign_defcon2_bonus": 1.9442753095676504,
    "realign_mode_bonus": -1.2323096984451627,
    "space_early_bonus": 1.09080342734894,
    "space_mode_bonus": 0.8648451945388502,
    "space_offside_bonus": 1.994321204749757,
    "space_when_behind_bonus": 1.8592758265647167
  },
  "proxy_score": 0.8145161290322581,
  "snapshot_id": "candidate_0057",
  "source": "random_proxy_search",
  "speed_penalty": 2.555558728999924
}
