{
  "created_process_s": 0.26593437600000003,
  "created_wall_s": 5.3683302579884185,
  "label": "random_26",
  "objective": 0.7773972262859382,
  "paired_score": 0.0,
  "params": {
    "access_bonus": 1.3636795535089568,
    "china_asia_target_bonus": 1.4475991272226403,
    "china_early_penalty": -2.544247137626511,
    "control_break_bonus": 5.018877523248311,
    "country_battleground_bonus": 7.3580807145949985,
    "country_europe_core_bonus": 1.9553045885962805,
    "country_mid_war_entry_bonus": 2.17533367193383,
    "country_non_battleground_bonus": 1.078431420295748,
    "country_region_scale": 5.3079236073339935,
    "country_stability_scale": 0.6422436093504328,
    "country_thailand_early_bonus": 5.926281507856065,
    "coup_battleground_bonus": 2.188280784066775,
    "coup_defcon2_penalty": -7.878877720398796,
    "coup_defcon3_penalty": -2.7109237011889684,
    "coup_mode_bonus": 3.237115079755343,
    "early_region_weights": [
      0.7606735676459864,
      1.2443434739531052,
      1.021413306203656,
      0.6487368616341114,
      0.5431047787178352,
      0.6781980852433407,
      1.37338399817908
    ],
    "headline_friendly_bonus": 1.901136841378494,
    "headline_ops_scale": 0.7362191999899628,
    "influence_mode_bonus": 6.508939204058441,
    "late_region_weights": [
      1.1400287353042835,
      0.9825907667115759,
      1.118438295026044,
      0.8356173951657736,
      1.0374952979920216,
      1.096999330594262,
      0.874968859968613
    ],
    "mid_region_weights": [
      0.7941467580201076,
      0.7370888771733173,
      0.985483799241143,
      1.0931616360022374,
      1.109627813023478,
      1.1758593491885916,
      0.8025609209135675
    ],
    "ops_card_penalty": 0.1196232168469841,
    "realign_base_penalty": -4.228285601809841,
    "realign_country_scale": 0.5129291800405762,
    "realign_defcon2_bonus": 1.9940262518025653,
    "realign_mode_bonus": -0.8450916075427388,
    "space_early_bonus": 1.0308682347461877,
    "space_mode_bonus": 1.1517585411088798,
    "space_offside_bonus": 2.0764455236341397,
    "space_when_behind_bonus": 2.1654742365388717
  },
  "proxy_score": 0.782258064516129,
  "snapshot_id": "candidate_0026",
  "source": "random_proxy_search",
  "speed_penalty": 0.04860838230190767
}
