{
  "created_process_s": 0.32056476700000003,
  "created_wall_s": 5.4230785759864375,
  "label": "random_112",
  "objective": 0.8145161290322581,
  "paired_score": 0.0,
  "params": {
    "access_bonus": 1.700656422035713,
    "china_asia_target_bonus": 1.519037926867667,
    "china_early_penalty": -2.733420882043463,
    "control_break_bonus": 4.918514186618435,
    "country_battleground_bonus": 7.26181180575112,
    "country_europe_core_bonus": 2.0732794787959605,
    "country_mid_war_entry_bonus": 2.014954302799617,
    "country_non_battleground_bonus": 0.8713386423178455,
    "country_region_scale": 5.09619733788939,
    "country_stability_scale": 0.6591516764720261,
    "country_thailand_early_bonus": 6.40894253290043,
    "coup_battleground_bonus": 2.9780458069598255,
    "coup_defcon2_penalty": -8.283509803094498,
    "coup_defcon3_penalty": -2.5880166608637794,
    "coup_mode_bonus": 4.261800271628178,
    "early_region_weights": [
      0.8588156727030276,
      1.4568477117043273,
      1.0491990398536932,
      0.6258561866487018,
      0.45769444524699704,
      0.542265782538564,
      1.2752336698789923
    ],
    "headline_friendly_bonus": 1.8794405437454824,
    "headline_ops_scale": 0.6592647045593812,
    "influence_mode_bonus": 6.59609555345702,
    "late_region_weights": [
      1.1608503050166283,
      0.8267439447797653,
      0.6979943464427127,
      0.9244717016351848,
      1.0509111468061412,
      1.05868884943377,
      0.6339238764428716
    ],
    "mid_region_weights": [
      1.0355032015930197,
      0.9875610467972469,
      0.9679036486083263,
      1.0284406014814542,
      1.0499133758415917,
      1.262884098806128,
      0.858585123902554
    ],
    "ops_card_penalty": 0.14372601150082667,
    "realign_base_penalty": -4.112341751011249,
    "realign_country_scale": 0.6110720185283192,
    "realign_defcon2_bonus": 1.7370351719675248,
    "realign_mode_bonus": -1.06030481135913,
    "space_early_bonus": 0.9421481065340529,
    "space_mode_bonus": 1.1925603406239702,
    "space_offside_bonus": 1.8874409490384478,
    "space_when_behind_bonus": 1.8024247689396504
  },
  "proxy_score": 0.8145161290322581,
  "snapshot_id": "candidate_0112",
  "source": "random_proxy_search",
  "speed_penalty": 0.0
}
