{
  "created_process_s": 0.317894234,
  "created_wall_s": 5.420405236000079,
  "label": "random_107",
  "objective": 0.8790322580645161,
  "paired_score": 0.0,
  "params": {
    "access_bonus": 1.4662920823623915,
    "china_asia_target_bonus": 1.2977129625466755,
    "china_early_penalty": -2.1776551085320386,
    "control_break_bonus": 5.2408486849025895,
    "country_battleground_bonus": 6.867399185024034,
    "country_europe_core_bonus": 2.1324076639035607,
    "country_mid_war_entry_bonus": 2.019390665068435,
    "country_non_battleground_bonus": 0.8668197419929681,
    "country_region_scale": 4.739981380851942,
    "country_stability_scale": 0.5112279933931994,
    "country_thailand_early_bonus": 5.8701635866251225,
    "coup_battleground_bonus": 2.4541557148148967,
    "coup_defcon2_penalty": -8.607568669166199,
    "coup_defcon3_penalty": -2.6537806212032735,
    "coup_mode_bonus": 3.90744173212309,
    "early_region_weights": [
      0.6566414917260094,
      1.392550377466221,
      1.0200974279198234,
      0.536675397047668,
      0.43050465878796385,
      0.35331309572079883,
      1.2318312727611263
    ],
    "headline_friendly_bonus": 2.2906824937207166,
    "headline_ops_scale": 0.7794579902834904,
    "influence_mode_bonus": 5.97896963355536,
    "late_region_weights": [
      1.0528792488339664,
      1.0412914112659786,
      0.9895108740752508,
      0.9834727121205267,
      1.0555578854033623,
      0.9735403809277573,
      0.7665228155006539
    ],
    "mid_region_weights": [
      0.982930277692242,
      1.0084305157839393,
      1.165561359093717,
      0.9205623957190451,
      1.1786608764802808,
      1.3517026050672416,
      0.817899255640411
    ],
    "ops_card_penalty": 0.14305442568358265,
    "realign_base_penalty": -4.086932747507843,
    "realign_country_scale": 0.556183154788328,
    "realign_defcon2_bonus": 1.8370913378189033,
    "realign_mode_bonus": -0.7750561216055141,
    "space_early_bonus": 1.123250616303286,
    "space_mode_bonus": 0.9930570530775185,
    "space_offside_bonus": 2.243772310266554,
    "space_when_behind_bonus": 1.9487998689768788
  },
  "proxy_score": 0.8790322580645161,
  "snapshot_id": "candidate_0107",
  "source": "random_proxy_search",
  "speed_penalty": 0.0
}
