{
  "created_process_s": 0.30315784700000004,
  "created_wall_s": 5.405651848996058,
  "label": "random_82",
  "objective": 0.8145161290322581,
  "paired_score": 0.0,
  "params": {
    "access_bonus": 1.461949549168577,
    "china_asia_target_bonus": 1.3407534469783486,
    "china_early_penalty": -2.649417667712821,
    "control_break_bonus": 4.592175521811114,
    "country_battleground_bonus": 7.273441706852102,
    "country_europe_core_bonus": 2.118059416400875,
    "country_mid_war_entry_bonus": 1.8898739744270525,
    "country_non_battleground_bonus": 0.9343945975779082,
    "country_region_scale": 5.02822556546799,
    "country_stability_scale": 0.5590474894933266,
    "country_thailand_early_bonus": 6.197604950724817,
    "coup_battleground_bonus": 2.3052609608470975,
    "coup_defcon2_penalty": -8.903870123453528,
    "coup_defcon3_penalty": -2.55168859075977,
    "coup_mode_bonus": 3.5607696720509057,
    "early_region_weights": [
      0.8456324538655104,
      1.3177106206579674,
      1.0027139720929357,
      0.5516271349694402,
      0.5909792786969513,
      0.5487478521715907,
      1.0847280347200465
    ],
    "headline_friendly_bonus": 2.057585277000584,
    "headline_ops_scale": 0.7029471562940984,
    "influence_mode_bonus": 5.920387793751384,
    "late_region_weights": [
      1.0492998975242962,
      0.924240669140512,
      0.8703258168527894,
      1.2383966299798557,
      1.2243327956696959,
      0.9798386493914766,
      0.7763410390699347
    ],
    "mid_region_weights": [
      1.1811806083866232,
      1.118360341939166,
      0.8505735221392244,
      1.0907697255421351,
      1.1232198669009779,
      1.2072323486445564,
      0.8742495893265293
    ],
    "ops_card_penalty": 0.1582726158776658,
    "realign_base_penalty": -3.879519595196899,
    "realign_country_scale": 0.45091461759028284,
    "realign_defcon2_bonus": 1.7956167477783682,
    "realign_mode_bonus": -0.8597688245120435,
    "space_early_bonus": 0.8511647831136272,
    "space_mode_bonus": 0.9495762832821119,
    "space_offside_bonus": 1.8896622268105019,
    "space_when_behind_bonus": 2.1178307229810884
  },
  "proxy_score": 0.8145161290322581,
  "snapshot_id": "candidate_0082",
  "source": "random_proxy_search",
  "speed_penalty": 0.0
}
