{
  "created_process_s": 0.26384421,
  "created_wall_s": 5.366237394991913,
  "label": "random_21",
  "objective": 0.806954597957911,
  "paired_score": 0.0,
  "params": {
    "access_bonus": 1.6992234259177812,
    "china_asia_target_bonus": 1.3631957802907828,
    "china_early_penalty": -2.4401848194413542,
    "control_break_bonus": 5.190295092044288,
    "country_battleground_bonus": 6.989300866034283,
    "country_europe_core_bonus": 2.1049474095518454,
    "country_mid_war_entry_bonus": 1.9955364756651037,
    "country_non_battleground_bonus": 1.1720799264231154,
    "country_region_scale": 4.845705290535435,
    "country_stability_scale": 0.595651966460037,
    "country_thailand_early_bonus": 5.823164064269753,
    "coup_battleground_bonus": 2.6605719837191053,
    "coup_defcon2_penalty": -7.95304674610918,
    "coup_defcon3_penalty": -2.440763095785695,
    "coup_mode_bonus": 3.822606769967191,
    "early_region_weights": [
      0.85810520613355,
      1.3904761839216988,
      1.3749343357081394,
      0.5955837320950003,
      0.5309050945990308,
      0.5894803635937496,
      1.074087217306853
    ],
    "headline_friendly_bonus": 1.8670223449333714,
    "headline_ops_scale": 0.7890120340928247,
    "influence_mode_bonus": 5.985209228582385,
    "late_region_weights": [
      0.97447144897458,
      0.7660423561611939,
      0.8536592159848679,
      1.0278320399148502,
      0.9976622758457617,
      1.0306667397154827,
      0.7812339150372625
    ],
    "mid_region_weights": [
      1.1346736515069036,
      0.9662843138940284,
      1.0683164200866373,
      0.960518476581729,
      1.213243555891194,
      1.1017280890504,
      0.9020967780122923
    ],
    "ops_card_penalty": 0.20044345189035562,
    "realign_base_penalty": -3.969826615210918,
    "realign_country_scale": 0.5396876407317117,
    "realign_defcon2_bonus": 1.9059632751100293,
    "realign_mode_bonus": -1.1092788060312895,
    "space_early_bonus": 1.0842493592950238,
    "space_mode_bonus": 0.8633065886949689,
    "space_offside_bonus": 2.126586765974437,
    "space_when_behind_bonus": 2.068486194298449
  },
  "proxy_score": 0.8145161290322581,
  "snapshot_id": "candidate_0021",
  "source": "random_proxy_search",
  "speed_penalty": 0.07561531074347094
}
