{
  "created_process_s": 0.312728954,
  "created_wall_s": 5.415233684994746,
  "label": "random_98",
  "objective": 0.8000497234135401,
  "paired_score": 0.0,
  "params": {
    "access_bonus": 1.6717792157607412,
    "china_asia_target_bonus": 1.3582223367012274,
    "china_early_penalty": -2.6933971662518337,
    "control_break_bonus": 5.572221725681001,
    "country_battleground_bonus": 6.957969077695306,
    "country_europe_core_bonus": 1.9370700032103665,
    "country_mid_war_entry_bonus": 2.0566747482222834,
    "country_non_battleground_bonus": 1.0678475352606627,
    "country_region_scale": 4.826028399646328,
    "country_stability_scale": 0.6728189611135047,
    "country_thailand_early_bonus": 6.109950334432371,
    "coup_battleground_bonus": 2.3050617533075126,
    "coup_defcon2_penalty": -8.084963993090668,
    "coup_defcon3_penalty": -2.1230475155749,
    "coup_mode_bonus": 3.88967060388986,
    "early_region_weights": [
      0.8920518573796419,
      1.3226730850400856,
      1.0826787746916098,
      0.45499094035320264,
      0.6382400621372776,
      0.8344101171799765,
      1.202923768743151
    ],
    "headline_friendly_bonus": 1.748838521461067,
    "headline_ops_scale": 0.7493863693580605,
    "influence_mode_bonus": 5.499820537765357,
    "late_region_weights": [
      1.103524070569349,
      0.9445475616387949,
      0.6845367568050271,
      0.961618222371186,
      1.0518510942748904,
      1.001304903623452,
      0.5590173885928047
    ],
    "mid_region_weights": [
      0.9403989403319446,
      0.8917311929732056,
      1.0274485072225712,
      0.7933649609258216,
      1.1572492029097972,
      1.2076600174512035,
      0.9136726468554689
    ],
    "ops_card_penalty": 0.15961133807250022,
    "realign_base_penalty": -3.5490764621394386,
    "realign_country_scale": 0.5398809901000485,
    "realign_defcon2_bonus": 2.2272879998581137,
    "realign_mode_bonus": -0.96070823358783,
    "space_early_bonus": 0.8848253255938053,
    "space_mode_bonus": 1.1803160831071677,
    "space_offside_bonus": 1.965166207950084,
    "space_when_behind_bonus": 2.0811262322404316
  },
  "proxy_score": 0.8145161290322581,
  "snapshot_id": "candidate_0098",
  "source": "random_proxy_search",
  "speed_penalty": 0.1446640561871808
}
