{
  "created_process_s": 5.904909875,
  "created_wall_s": 11.016328091995092,
  "label": "spsa_20_plus",
  "objective": 0.8411144910952534,
  "paired_score": 0.0,
  "params": {
    "access_bonus": 1.567515540625957,
    "china_asia_target_bonus": 1.4514014508609754,
    "china_early_penalty": -2.5105964311509443,
    "control_break_bonus": 5.195189133764948,
    "country_battleground_bonus": 7.093132057133086,
    "country_europe_core_bonus": 1.950645506398058,
    "country_mid_war_entry_bonus": 2.0697895799362067,
    "country_non_battleground_bonus": 0.8542377969079723,
    "country_region_scale": 4.935824764035578,
    "country_stability_scale": 0.6992765041428151,
    "country_thailand_early_bonus": 5.845254618169457,
    "coup_battleground_bonus": 2.4505853642320057,
    "coup_defcon2_penalty": -7.6937966327042355,
    "coup_defcon3_penalty": -2.9003892285855746,
    "coup_mode_bonus": 3.9300532726909854,
    "early_region_weights": [
      0.8718307749453759,
      1.2375063267265902,
      0.9096456508564433,
      0.4498594504566908,
      0.5881538221884451,
      0.608987663451567,
      1.252509567753962
    ],
    "headline_friendly_bonus": 2.0048000165638045,
    "headline_ops_scale": 0.7633290893769028,
    "influence_mode_bonus": 5.8200380365683735,
    "late_region_weights": [
      1.2077941248215223,
      0.9731844429879144,
      0.9017153510187091,
      1.110747748618561,
      1.1097970084137094,
      0.8895222043604203,
      0.9070656646285177
    ],
    "mid_region_weights": [
      1.0749249321853518,
      1.0819503275200817,
      0.9357402909750956,
      0.8077994697769781,
      1.1896962288207522,
      1.2651348611174964,
      0.9082117774435257
    ],
    "ops_card_penalty": 0.17185584191260564,
    "realign_base_penalty": -3.822997116731498,
    "realign_country_scale": 0.5945372211817881,
    "realign_defcon2_bonus": 1.9050778105570216,
    "realign_mode_bonus": -0.9110372646877555,
    "space_early_bonus": 0.8268941306038246,
    "space_mode_bonus": 0.939017818002582,
    "space_offside_bonus": 1.8635698057646932,
    "space_when_behind_bonus": 1.9534555236119713
  },
  "proxy_score": 0.8790322580645161,
  "snapshot_id": "candidate_0159",
  "source": "proxy_spsa",
  "speed_penalty": 0.37917766969262723
}
