{
  "created_process_s": 1.6093598789999999,
  "created_wall_s": 6.713340771995718,
  "label": "spsa_4_plus",
  "objective": 0.683670049214464,
  "paired_score": 0.0,
  "params": {
    "access_bonus": 1.5892237445584563,
    "china_asia_target_bonus": 1.4458735868159749,
    "china_early_penalty": -2.4816521592409453,
    "control_break_bonus": 5.178605541629946,
    "country_battleground_bonus": 7.106951717245587,
    "country_europe_core_bonus": 1.9451176423530574,
    "country_mid_war_entry_bonus": 2.0642617158912064,
    "country_non_battleground_bonus": 0.8625295929754729,
    "country_region_scale": 4.9720051039230775,
    "country_stability_scale": 0.7020404361653153,
    "country_thailand_early_bonus": 5.856310346259457,
    "coup_battleground_bonus": 2.4795296361420047,
    "coup_defcon2_penalty": -7.7159080888842375,
    "coup_defcon3_penalty": -2.8642088886980757,
    "coup_mode_bonus": 3.9734696805559837,
    "early_region_weights": [
      0.8863029109003755,
      1.2519784626815897,
      0.924117786811443,
      0.44433158641169035,
      0.5936816862334455,
      0.5945155274965673,
      1.2380374317989624
    ],
    "headline_friendly_bonus": 2.026508220496304,
    "headline_ops_scale": 0.7605651573544026,
    "influence_mode_bonus": 5.863454444433373,
    "late_region_weights": [
      1.1933219888665227,
      0.987656578942914,
      0.9161874869737088,
      1.1252198845735606,
      1.104269144368709,
      0.9039943403154199,
      0.892593528673518
    ],
    "mid_region_weights": [
      1.0804527962303523,
      1.0764224634750812,
      0.9302124269300952,
      0.8222716057319778,
      1.1752240928657527,
      1.279606997072496,
      0.893739641488526
    ],
    "ops_card_penalty": 0.17351420112610577,
    "realign_base_penalty": -3.786816776843999,
    "realign_country_scale": 0.5917732891592878,
    "realign_defcon2_bonus": 1.8833696066245225,
    "realign_mode_bonus": -0.9399815365977546,
    "space_early_bonus": 0.8324219946488249,
    "space_mode_bonus": 0.9679620899125811,
    "space_offside_bonus": 1.8552780096971926,
    "space_when_behind_bonus": 1.961747319679472
  },
  "proxy_score": 0.8145161290322581,
  "snapshot_id": "candidate_0127",
  "source": "proxy_spsa",
  "speed_penalty": 1.3084607981779417
}
