{
  "created_process_s": 0.321742162,
  "created_wall_s": 5.424257842998486,
  "label": "random_114",
  "objective": 0.8790322580645161,
  "paired_score": 0.0,
  "params": {
    "access_bonus": 1.7411641134337343,
    "china_asia_target_bonus": 1.5137510626966892,
    "china_early_penalty": -2.820768737911031,
    "control_break_bonus": 4.964003648579674,
    "country_battleground_bonus": 6.810810128206967,
    "country_europe_core_bonus": 2.004205616189955,
    "country_mid_war_entry_bonus": 1.952622030444961,
    "country_non_battleground_bonus": 0.963775673548046,
    "country_region_scale": 4.71211395614313,
    "country_stability_scale": 0.6215797148456563,
    "country_thailand_early_bonus": 5.756184886011471,
    "coup_battleground_bonus": 2.234165701350687,
    "coup_defcon2_penalty": -8.325468678831495,
    "coup_defcon3_penalty": -2.758645262076161,
    "coup_mode_bonus": 4.014227307803382,
    "early_region_weights": [
      0.8356767520452518,
      1.6501863892156532,
      1.0168245791601154,
      0.3947106285660177,
      0.5194354321597924,
      0.7879469393637476,
      1.3394916739007972
    ],
    "headline_friendly_bonus": 2.101009827006183,
    "headline_ops_scale": 0.7490986079261402,
    "influence_mode_bonus": 6.292595452255518,
    "late_region_weights": [
      0.9287432698430136,
      0.9603612129129244,
      0.9891826651979587,
      0.9663169098980214,
      1.1176853702821659,
      0.9326834464171346,
      0.7273257406192543
    ],
    "mid_region_weights": [
      0.8452979142688631,
      1.059541081289309,
      1.1201261988687135,
      0.8662726499701727,
      1.1337918339767599,
      1.2484156234353916,
      0.7297307552012974
    ],
    "ops_card_penalty": 0.1296286976917541,
    "realign_base_penalty": -3.342376789303725,
    "realign_country_scale": 0.6592548418732133,
    "realign_defcon2_bonus": 1.9886900904709375,
    "realign_mode_bonus": -1.3914536892146518,
    "space_early_bonus": 0.8916308633120976,
    "space_mode_bonus": 0.6336559880298499,
    "space_offside_bonus": 1.9725964079729756,
    "space_when_behind_bonus": 2.040821741862203
  },
  "proxy_score": 0.8790322580645161,
  "snapshot_id": "candidate_0114",
  "source": "random_proxy_search",
  "speed_penalty": 0.0
}
