{
  "created_process_s": 0.290566473,
  "created_wall_s": 5.393045511998935,
  "label": "random_61",
  "objective": 0.6145299015300802,
  "paired_score": 0.0,
  "params": {
    "access_bonus": 1.6893444785057825,
    "china_asia_target_bonus": 1.5078304852089621,
    "china_early_penalty": -2.5570535462811845,
    "control_break_bonus": 4.9346237593516715,
    "country_battleground_bonus": 7.270803644119374,
    "country_europe_core_bonus": 2.08364255989595,
    "country_mid_war_entry_bonus": 2.0393985520103874,
    "country_non_battleground_bonus": 0.9943807390358484,
    "country_region_scale": 5.3623249785850975,
    "country_stability_scale": 0.5809856469333216,
    "country_thailand_early_bonus": 5.9851513643851275,
    "coup_battleground_bonus": 2.6742202521690412,
    "coup_defcon2_penalty": -7.69088187835867,
    "coup_defcon3_penalty": -2.5139745956502195,
    "coup_mode_bonus": 3.7500364115825082,
    "early_region_weights": [
      0.7916753033430457,
      1.497534223584276,
      1.0422871311312905,
      0.5498533040057394,
      0.5625545567452734,
      0.5830139141251852,
      1.3375399697731591
    ],
    "headline_friendly_bonus": 2.0964712838884116,
    "headline_ops_scale": 0.791649467616041,
    "influence_mode_bonus": 6.200022348182868,
    "late_region_weights": [
      1.1769208610370472,
      0.8884386334462765,
      0.8695247102471718,
      0.8557947861932014,
      1.0798329382633103,
      1.004625279178411,
      0.7554205229769442
    ],
    "mid_region_weights": [
      0.926502720901896,
      1.0948853208202436,
      1.0420536654076489,
      0.8471712473376793,
      1.1774318327218891,
      1.0972038838090912,
      0.880710027058416
    ],
    "ops_card_penalty": 0.10448639127935286,
    "realign_base_penalty": -3.888684097176291,
    "realign_country_scale": 0.5423010409437863,
    "realign_defcon2_bonus": 2.2419021761097806,
    "realign_mode_bonus": -1.278238120287693,
    "space_early_bonus": 0.7538772295041818,
    "space_mode_bonus": 0.7899592140339157,
    "space_offside_bonus": 1.8986203957765326,
    "space_when_behind_bonus": 2.0917200147724686
  },
  "proxy_score": 0.8145161290322581,
  "snapshot_id": "candidate_0061",
  "source": "random_proxy_search",
  "speed_penalty": 1.9998622750217785
}
