{
  "created_process_s": 0.293437013,
  "created_wall_s": 5.395919105998473,
  "label": "random_66",
  "objective": 0.7082192513988272,
  "paired_score": 0.0,
  "params": {
    "access_bonus": 1.5175162119780414,
    "china_asia_target_bonus": 1.3408429782512554,
    "china_early_penalty": -2.5974919361024282,
    "control_break_bonus": 4.913415638294302,
    "country_battleground_bonus": 6.891604761312373,
    "country_europe_core_bonus": 1.9803096240336913,
    "country_mid_war_entry_bonus": 1.9449018918699164,
    "country_non_battleground_bonus": 1.1607003099192088,
    "country_region_scale": 4.949072677485589,
    "country_stability_scale": 0.5983365898439345,
    "country_thailand_early_bonus": 6.187886723108035,
    "coup_battleground_bonus": 2.54378685047028,
    "coup_defcon2_penalty": -8.163786625152888,
    "coup_defcon3_penalty": -2.589019605194065,
    "coup_mode_bonus": 4.265599846220003,
    "early_region_weights": [
      0.9624790994403859,
      1.5001637714963585,
      1.1681195481100577,
      0.6320253637301596,
      0.5041815680345156,
      0.6428119963814142,
      1.2250100648655171
    ],
    "headline_friendly_bonus": 2.033544030501951,
    "headline_ops_scale": 0.7452833701360744,
    "influence_mode_bonus": 5.977209063261439,
    "late_region_weights": [
      1.1041312217554562,
      0.7899790060500362,
      0.9955728083928022,
      1.0898991670793279,
      1.0379159713978185,
      0.921720972325911,
      0.8556333645426212
    ],
    "mid_region_weights": [
      0.9681575932368311,
      0.9378432322967266,
      0.9423670063140782,
      0.8596249389042944,
      1.2611715638474914,
      1.3526038768675441,
      0.9497892700645211
    ],
    "ops_card_penalty": 0.13328923047342842,
    "realign_base_penalty": -4.279469137391437,
    "realign_country_scale": 0.5728685624044749,
    "realign_defcon2_bonus": 2.1237709013564996,
    "realign_mode_bonus": -0.9540572624559919,
    "space_early_bonus": 1.1191549565657501,
    "space_mode_bonus": 1.13202090361417,
    "space_offside_bonus": 1.9301126796109658,
    "space_when_behind_bonus": 1.6943665633157954
  },
  "proxy_score": 0.782258064516129,
  "snapshot_id": "candidate_0066",
  "source": "random_proxy_search",
  "speed_penalty": 0.7403881311730178
}
