{
  "created_process_s": 0.26661385800000004,
  "created_wall_s": 5.369009467991418,
  "label": "random_27",
  "objective": 0.8026203156479412,
  "paired_score": 0.0,
  "params": {
    "access_bonus": 1.5336830634078922,
    "china_asia_target_bonus": 1.5064390129901855,
    "china_early_penalty": -2.533440213735001,
    "control_break_bonus": 4.262836839404762,
    "country_battleground_bonus": 7.250635984856719,
    "country_europe_core_bonus": 2.25194650350217,
    "country_mid_war_entry_bonus": 2.0015199546394125,
    "country_non_battleground_bonus": 1.1261596608414932,
    "country_region_scale": 5.562639532870253,
    "country_stability_scale": 0.5443052663137544,
    "country_thailand_early_bonus": 5.60553549950218,
    "coup_battleground_bonus": 2.438517032158958,
    "coup_defcon2_penalty": -8.025491278145807,
    "coup_defcon3_penalty": -2.6872671077181387,
    "coup_mode_bonus": 4.317705946450889,
    "early_region_weights": [
      0.9596006987841976,
      1.42993571530334,
      1.183525579203944,
      0.6527702941181175,
      0.7063813592881744,
      0.6946597117818049,
      1.2926618668845538
    ],
    "headline_friendly_bonus": 1.9791396011048894,
    "headline_ops_scale": 0.7721237514136412,
    "influence_mode_bonus": 5.983169638429705,
    "late_region_weights": [
      1.1273313203746453,
      0.9737095995010415,
      1.085163305495062,
      1.092542824197198,
      1.1374525884623956,
      0.8289613748808045,
      0.8055345103310396
    ],
    "mid_region_weights": [
      1.0505637463347108,
      1.2605086665382128,
      0.9605626336045682,
      1.0048666391117775,
      1.201809086685635,
      1.2848021042115285,
      0.9610117452489092
    ],
    "ops_card_penalty": 0.19554930317144564,
    "realign_base_penalty": -4.100494230717615,
    "realign_country_scale": 0.6009542191583153,
    "realign_defcon2_bonus": 1.833967366438979,
    "realign_mode_bonus": -0.6356256710577162,
    "space_early_bonus": 1.0700722845299753,
    "space_mode_bonus": 0.9289318078467914,
    "space_offside_bonus": 2.0084111435525642,
    "space_when_behind_bonus": 1.7049385056596575
  },
  "proxy_score": 0.8145161290322581,
  "snapshot_id": "candidate_0027",
  "source": "random_proxy_search",
  "speed_penalty": 0.11895813384316911
}
