{
  "created_process_s": 0.254584552,
  "created_wall_s": 5.356963272992289,
  "label": "random_6",
  "objective": 0.8141018640309965,
  "paired_score": 0.0,
  "params": {
    "access_bonus": 1.6083029858912454,
    "china_asia_target_bonus": 1.6075773903848252,
    "china_early_penalty": -2.7839680615264513,
    "control_break_bonus": 4.947167302480219,
    "country_battleground_bonus": 7.1033112968321666,
    "country_europe_core_bonus": 1.9544635110404158,
    "country_mid_war_entry_bonus": 2.1239238458159533,
    "country_non_battleground_bonus": 1.2061634689182457,
    "country_region_scale": 5.1888321781602755,
    "country_stability_scale": 0.6029142199789226,
    "country_thailand_early_bonus": 6.059776834439216,
    "coup_battleground_bonus": 2.207743409608643,
    "coup_defcon2_penalty": -7.961692315141793,
    "coup_defcon3_penalty": -2.3100268359443454,
    "coup_mode_bonus": 3.9649325508899147,
    "early_region_weights": [
      0.789411592779153,
      1.363298114970509,
      1.1151623233613748,
      0.596775961674335,
      0.5596448065638727,
      0.6124148552496117,
      1.2522916419244627
    ],
    "headline_friendly_bonus": 1.9132844685106554,
    "headline_ops_scale": 0.74673945653525,
    "influence_mode_bonus": 5.648505442979333,
    "late_region_weights": [
      0.9280168927190882,
      0.8054795452598403,
      0.8902104631789861,
      1.2781105198686136,
      1.0727156488421061,
      0.955019634683108,
      0.9172567574048577
    ],
    "mid_region_weights": [
      0.8540161547298426,
      0.9548278071962165,
      0.8092131732275247,
      0.9982228380283139,
      1.019517112798245,
      1.1057841968927549,
      0.8432769978558334
    ],
    "ops_card_penalty": 0.1562812833310745,
    "realign_base_penalty": -4.133374982332323,
    "realign_country_scale": 0.5122250370037137,
    "realign_defcon2_bonus": 1.876442665911969,
    "realign_mode_bonus": -0.9603118173020975,
    "space_early_bonus": 0.9836153246384975,
    "space_mode_bonus": 0.9201893810695437,
    "space_offside_bonus": 2.0859239271427925,
    "space_when_behind_bonus": 2.1248207986868977
  },
  "proxy_score": 0.8145161290322581,
  "snapshot_id": "candidate_0006",
  "source": "random_proxy_search",
  "speed_penalty": 0.004142650012616045
}
