{
  "created_process_s": 0.292847462,
  "created_wall_s": 5.3953296589897946,
  "label": "random_65",
  "objective": 0.6318085905545566,
  "paired_score": 0.0,
  "params": {
    "access_bonus": 1.62201321926063,
    "china_asia_target_bonus": 1.6200494995941703,
    "china_early_penalty": -2.7444626168264894,
    "control_break_bonus": 5.11257060292252,
    "country_battleground_bonus": 7.125240725733587,
    "country_europe_core_bonus": 2.0107229132391287,
    "country_mid_war_entry_bonus": 1.9439215810955062,
    "country_non_battleground_bonus": 0.9848787077070186,
    "country_region_scale": 4.861656653051989,
    "country_stability_scale": 0.6201973044617978,
    "country_thailand_early_bonus": 6.236082559838863,
    "coup_battleground_bonus": 2.5592801987275955,
    "coup_defcon2_penalty": -8.122416591282676,
    "coup_defcon3_penalty": -2.3011510214168376,
    "coup_mode_bonus": 4.4923085831403835,
    "early_region_weights": [
      0.6848399301461491,
      1.2243914927569415,
      1.064614981851875,
      0.3877038936089655,
      0.47601541440722417,
      0.5102401678971014,
      1.4367355052105104
    ],
    "headline_friendly_bonus": 2.0439749065655795,
    "headline_ops_scale": 0.7661724983013587,
    "influence_mode_bonus": 5.841185397752848,
    "late_region_weights": [
      0.9624506667307295,
      0.8378888361112072,
      0.841687401486298,
      0.9347305828007683,
      1.0101400169033181,
      0.9622214670731538,
      0.746549614165818
    ],
    "mid_region_weights": [
      0.9538218554088116,
      0.8563378021730704,
      1.0792101963057288,
      0.993647705410496,
      1.1712096953476079,
      1.3158807918845945,
      0.8868439291356163
    ],
    "ops_card_penalty": 0.14736551481995938,
    "realign_base_penalty": -3.8950821313817228,
    "realign_country_scale": 0.5548643667700577,
    "realign_defcon2_bonus": 1.9487627857309189,
    "realign_mode_bonus": -0.8048378175196215,
    "space_early_bonus": 0.8160921784642667,
    "space_mode_bonus": 0.8159996977592301,
    "space_offside_bonus": 1.8332901367370737,
    "space_when_behind_bonus": 2.258804590667713
  },
  "proxy_score": 0.782258064516129,
  "snapshot_id": "candidate_0065",
  "source": "random_proxy_search",
  "speed_penalty": 1.5044947396157236
}
