{
  "created_process_s": 3.047695214,
  "created_wall_s": 8.155981658987002,
  "label": "spsa_9_plus",
  "objective": 0.7557879642959736,
  "paired_score": 0.0,
  "params": {
    "access_bonus": 1.5842237445584564,
    "china_asia_target_bonus": 1.4492069201493083,
    "china_early_penalty": -2.5149854925742785,
    "control_break_bonus": 5.188605541629947,
    "country_battleground_bonus": 7.098618383912253,
    "country_europe_core_bonus": 1.9484509756863908,
    "country_mid_war_entry_bonus": 2.080928382557873,
    "country_non_battleground_bonus": 0.8375295929754729,
    "country_region_scale": 4.963671770589744,
    "country_stability_scale": 0.7003737694986486,
    "country_thailand_early_bonus": 5.822977012926124,
    "coup_battleground_bonus": 2.472862969475338,
    "coup_defcon2_penalty": -7.649241422217571,
    "coup_defcon3_penalty": -2.905875555364742,
    "coup_mode_bonus": 3.963469680555984,
    "early_region_weights": [
      0.8829695775670422,
      1.2486451293482563,
      0.9074511201447762,
      0.4476649197450237,
      0.5903483529001122,
      0.5978488608299006,
      1.2413707651322958
    ],
    "headline_friendly_bonus": 2.0215082204963037,
    "headline_ops_scale": 0.7622318240210693,
    "influence_mode_bonus": 5.813454444433373,
    "late_region_weights": [
      1.2099886555331894,
      0.9709899122762473,
      0.8995208203070421,
      1.1218865512402272,
      1.1209358110353755,
      0.8873276736487532,
      0.9092601953401848
    ],
    "mid_region_weights": [
      1.0637861295636857,
      1.0797557968084146,
      0.9335457602634285,
      0.8189382723986445,
      1.178557426199086,
      1.2762736637391625,
      0.8970729748218593
    ],
    "ops_card_penalty": 0.17251420112610577,
    "realign_base_penalty": -3.795150110177332,
    "realign_country_scale": 0.5934399558259545,
    "realign_defcon2_bonus": 1.9083696066245224,
    "realign_mode_bonus": -0.9333148699310879,
    "space_early_bonus": 0.8157553279821582,
    "space_mode_bonus": 0.9612954232459144,
    "space_offside_bonus": 1.8602780096971925,
    "space_when_behind_bonus": 1.956747319679472
  },
  "proxy_score": 0.8145161290322581,
  "snapshot_id": "candidate_0137",
  "source": "proxy_spsa",
  "speed_penalty": 0.5872816473628448
}
