{
  "created_process_s": 1.212246625,
  "created_wall_s": 6.315772534988355,
  "label": "spsa_3_plus",
  "objective": 0.7447970594747939,
  "paired_score": 0.0,
  "params": {
    "access_bonus": 1.5915442526341452,
    "china_asia_target_bonus": 1.4674205921997674,
    "china_early_penalty": -2.4785581484733603,
    "control_break_bonus": 5.243246557781324,
    "country_battleground_bonus": 7.110819230705068,
    "country_europe_core_bonus": 1.943570636969265,
    "country_mid_war_entry_bonus": 2.085808721274999,
    "country_non_battleground_bonus": 0.8302090848997842,
    "country_region_scale": 4.918137590463596,
    "country_stability_scale": 0.691266933473419,
    "country_thailand_early_bonus": 5.813216335491872,
    "coup_battleground_bonus": 2.4364356253744197,
    "coup_defcon2_penalty": -7.7220961104194075,
    "coup_defcon3_penalty": -2.8603413752385944,
    "coup_mode_bonus": 3.908828664404606,
    "early_region_weights": [
      0.887849916284168,
      1.2304314572977972,
      0.9025707814276505,
      0.44278458102789786,
      0.595228691617238,
      0.5929685221127748,
      1.23649042641517
    ],
    "headline_friendly_bonus": 1.994187712420615,
    "headline_ops_scale": 0.7597916546625063,
    "influence_mode_bonus": 5.86809546058475,
    "late_region_weights": [
      1.2148689942503152,
      0.9892035843267065,
      0.9177344923575013,
      1.126766889957353,
      1.1258161497525014,
      0.8824473349316274,
      0.9141405340573105
    ],
    "mid_region_weights": [
      1.0819998016141448,
      1.0748754580912887,
      0.9517594323138877,
      0.8238186111157703,
      1.1736770874819602,
      1.2580599916887034,
      0.9152866468723185
    ],
    "ops_card_penalty": 0.16705009951096803,
    "realign_base_penalty": -3.84068429030348,
    "realign_country_scale": 0.5909997864673916,
    "realign_defcon2_bonus": 1.9156901147002112,
    "realign_mode_bonus": -0.9430755473653396,
    "space_early_bonus": 0.8108749892650324,
    "space_mode_bonus": 0.9710561006801661,
    "space_offside_bonus": 1.8529575016215036,
    "space_when_behind_bonus": 1.9294268116037832
  },
  "proxy_score": 0.8467741935483871,
  "snapshot_id": "candidate_0125",
  "source": "proxy_spsa",
  "speed_penalty": 1.019771340735932
}
