{
  "created_process_s": 0.252249394,
  "created_wall_s": 5.354628965986194,
  "label": "random_3",
  "objective": 0.8095274657409472,
  "paired_score": 0.0,
  "params": {
    "access_bonus": 1.5562343252223394,
    "china_asia_target_bonus": 1.4530117456356548,
    "china_early_penalty": -1.7827985187061643,
    "control_break_bonus": 4.532850888377117,
    "country_battleground_bonus": 6.943911576666712,
    "country_europe_core_bonus": 2.047122466601162,
    "country_mid_war_entry_bonus": 2.0152026935219816,
    "country_non_battleground_bonus": 0.9999648659848344,
    "country_region_scale": 5.0245250721308645,
    "country_stability_scale": 0.6285878685139289,
    "country_thailand_early_bonus": 6.280682190286001,
    "coup_battleground_bonus": 2.827747667597636,
    "coup_defcon2_penalty": -8.251821507316707,
    "coup_defcon3_penalty": -2.0700344963480304,
    "coup_mode_bonus": 4.268350897590614,
    "early_region_weights": [
      0.7527195762428721,
      1.3247118833493878,
      1.1615785167441113,
      0.6239433761130917,
      0.5018819775501915,
      0.5262413833495285,
      1.173114958933988
    ],
    "headline_friendly_bonus": 2.156430902145993,
    "headline_ops_scale": 0.7428690272971716,
    "influence_mode_bonus": 5.857237620062821,
    "late_region_weights": [
      0.8532737051696209,
      0.8145696836944872,
      1.036115642315077,
      0.8840069912036677,
      1.2337329051792316,
      0.9383709155440494,
      0.629601327111202
    ],
    "mid_region_weights": [
      0.8510945305939346,
      0.9019154427525725,
      0.9710890751695288,
      0.9132260659951068,
      1.1362676868816428,
      1.270406956429533,
      1.1010721009218756
    ],
    "ops_card_penalty": 0.1397241380464009,
    "realign_base_penalty": -3.9079404752628037,
    "realign_country_scale": 0.6106578228382823,
    "realign_defcon2_bonus": 2.0078868809563817,
    "realign_mode_bonus": -0.7435345108436432,
    "space_early_bonus": 1.0584406889898175,
    "space_mode_bonus": 1.366036871176924,
    "space_offside_bonus": 2.0313758278518703,
    "space_when_behind_bonus": 2.1878416014163635
  },
  "proxy_score": 0.8145161290322581,
  "snapshot_id": "candidate_0003",
  "source": "random_proxy_search",
  "speed_penalty": 0.049886632913108464
}
