{
  "created_process_s": 0.253174258,
  "created_wall_s": 5.355553623987362,
  "label": "random_4",
  "objective": 0.8085231550525604,
  "paired_score": 0.0,
  "params": {
    "access_bonus": 1.4685808235335738,
    "china_asia_target_bonus": 1.369809826709044,
    "china_early_penalty": -2.6867672743718356,
    "control_break_bonus": 4.9968040092573975,
    "country_battleground_bonus": 6.897937267184927,
    "country_europe_core_bonus": 2.065392564253334,
    "country_mid_war_entry_bonus": 2.0680904587725917,
    "country_non_battleground_bonus": 0.7485178221673416,
    "country_region_scale": 5.428371601205655,
    "country_stability_scale": 0.5755589648852576,
    "country_thailand_early_bonus": 5.876921760938793,
    "coup_battleground_bonus": 2.6566160713070683,
    "coup_defcon2_penalty": -7.821621908652816,
    "coup_defcon3_penalty": -2.1302635609761547,
    "coup_mode_bonus": 3.9854745533334395,
    "early_region_weights": [
      0.821959304630173,
      1.5233856999414699,
      1.0543648537735935,
      0.5350861543945407,
      0.7134978510087985,
      0.6556918773852093,
      1.2875115430223958
    ],
    "headline_friendly_bonus": 1.9269260629302092,
    "headline_ops_scale": 0.7309873301118577,
    "influence_mode_bonus": 6.036269549761617,
    "late_region_weights": [
      1.1391390589959491,
      1.0920829608668567,
      1.1006008636917033,
      0.9488959700717494,
      1.1403443412142922,
      0.8927903366183272,
      0.7049029627624079
    ],
    "mid_region_weights": [
      1.0014152018812157,
      0.9189449096197142,
      0.9701118448661523,
      0.7370242759450041,
      1.3373436773261909,
      1.3791177781763921,
      0.9769971870558251
    ],
    "ops_card_penalty": 0.10334635959524963,
    "realign_base_penalty": -4.14084768639843,
    "realign_country_scale": 0.5947544961536109,
    "realign_defcon2_bonus": 1.912828487923959,
    "realign_mode_bonus": -1.2800684350617266,
    "space_early_bonus": 0.9320001324800467,
    "space_mode_bonus": 0.8051131527025674,
    "space_offside_bonus": 1.667776601454879,
    "space_when_behind_bonus": 2.1457886321362403
  },
  "proxy_score": 0.8145161290322581,
  "snapshot_id": "candidate_0004",
  "source": "random_proxy_search",
  "speed_penalty": 0.05992973979697669
}
