{
  "created_process_s": 2.912664392,
  "created_wall_s": 8.020804155996302,
  "label": "spsa_8_minus",
  "objective": 0.7568664209492982,
  "paired_score": 0.0,
  "params": {
    "access_bonus": 1.5636171428406582,
    "china_asia_target_bonus": 1.4629446546278404,
    "china_early_penalty": -2.5157942948646763,
    "control_break_bonus": 5.229818745065543,
    "country_battleground_bonus": 7.064274047715923,
    "country_europe_core_bonus": 1.962188710164923,
    "country_mid_war_entry_bonus": 2.0813327837030715,
    "country_non_battleground_bonus": 0.8369229912576747,
    "country_region_scale": 4.964682773452741,
    "country_stability_scale": 0.6935049022593825,
    "country_thailand_early_bonus": 5.822168210635727,
    "coup_battleground_bonus": 2.4736717717657357,
    "coup_defcon2_penalty": -7.7041923601316995,
    "coup_defcon3_penalty": -2.871531219168412,
    "coup_mode_bonus": 3.96468288399158,
    "early_region_weights": [
      0.86923184308851,
      1.2349073948697242,
      0.9070467189995775,
      0.4614026542235558,
      0.57661061842158,
      0.6115865953084328,
      1.255108499610828
    ],
    "headline_friendly_bonus": 2.0221148222141023,
    "headline_ops_scale": 0.7691006912603353,
    "influence_mode_bonus": 5.854667647868969,
    "late_region_weights": [
      1.1962509210546572,
      0.9705855111310485,
      0.9132585547855743,
      1.122290952385426,
      1.1071980765568434,
      0.9010654081272854,
      0.8955224608616525
    ],
    "mid_region_weights": [
      1.0633817284184868,
      1.0793513956632157,
      0.9331413591182297,
      0.8052005379201123,
      1.1781530250538872,
      1.2625359292606304,
      0.9108107093003915
    ],
    "ops_card_penalty": 0.1726355214696654,
    "realign_base_penalty": -3.8294944463736624,
    "realign_country_scale": 0.5932377552533551,
    "realign_defcon2_bonus": 1.9089762083423205,
    "realign_mode_bonus": -0.9058394009740237,
    "space_early_bonus": 0.8294930624606904,
    "space_mode_bonus": 0.9338199542888502,
    "space_offside_bonus": 1.8808846114149906,
    "space_when_behind_bonus": 1.9361407179616739
  },
  "proxy_score": 0.8145161290322581,
  "snapshot_id": "candidate_0136",
  "source": "proxy_spsa",
  "speed_penalty": 0.5764970808295993
}
