{
  "created_process_s": 2.3584587249999998,
  "created_wall_s": 7.463398148000124,
  "label": "spsa_6_minus",
  "objective": 0.744227060781372,
  "paired_score": 0.0,
  "params": {
    "access_bonus": 1.5619762958445405,
    "china_asia_target_bonus": 1.4640385526252522,
    "china_early_penalty": -2.5179820908595,
    "control_break_bonus": 5.233100439057778,
    "country_battleground_bonus": 7.10236413176878,
    "country_europe_core_bonus": 1.9469526765437801,
    "country_mid_war_entry_bonus": 2.066096750081929,
    "country_non_battleground_bonus": 0.835282144261557,
    "country_region_scale": 4.96741751844627,
    "country_stability_scale": 0.6929579532606767,
    "country_thailand_early_bonus": 5.852640277878012,
    "coup_battleground_bonus": 2.4758595677605593,
    "coup_defcon2_penalty": -7.708567952121347,
    "coup_defcon3_penalty": -2.9096213032212686,
    "coup_mode_bonus": 3.9679645779838157,
    "early_region_weights": [
      0.8681379450910982,
      1.2338134968723125,
      0.9222827526207202,
      0.46249655222096764,
      0.5755167204241682,
      0.5963505616872901,
      1.2398724659896851
    ],
    "headline_friendly_bonus": 2.0237556692102197,
    "headline_ops_scale": 0.7696476402590412,
    "influence_mode_bonus": 5.857949341861204,
    "late_region_weights": [
      1.2114869546758,
      0.9694916131336367,
      0.8980225211644315,
      1.1233848503828379,
      1.1224341101779862,
      0.8858293745061426,
      0.8944285628642408
    ],
    "mid_region_weights": [
      1.062287830421075,
      1.0945874292843585,
      0.9320474611208179,
      0.8041066399227005,
      1.19338905867503,
      1.2614420312632186,
      0.9119046072978033
    ],
    "ops_card_penalty": 0.1680647113833226,
    "realign_base_penalty": -3.791404362320806,
    "realign_country_scale": 0.5926908062546492,
    "realign_defcon2_bonus": 1.8861221579106064,
    "realign_mode_bonus": -0.9363114682163092,
    "space_early_bonus": 0.8142570288395476,
    "space_mode_bonus": 0.9642920215311357,
    "space_offside_bonus": 1.8825254584111084,
    "space_when_behind_bonus": 1.934499870965556
  },
  "proxy_score": 0.8145161290322581,
  "snapshot_id": "candidate_0132",
  "source": "proxy_spsa",
  "speed_penalty": 0.702890682508861
}
