{
  "created_process_s": 0.31566937,
  "created_wall_s": 5.418177833998925,
  "label": "random_103",
  "objective": 0.8467741935483871,
  "paired_score": 0.0,
  "params": {
    "access_bonus": 1.5616722722212204,
    "china_asia_target_bonus": 1.4969635282788478,
    "china_early_penalty": -2.276727871330951,
    "control_break_bonus": 5.24249315107816,
    "country_battleground_bonus": 6.9736910683021485,
    "country_europe_core_bonus": 2.02689879751685,
    "country_mid_war_entry_bonus": 1.939632921078711,
    "country_non_battleground_bonus": 1.277301583473102,
    "country_region_scale": 5.26152176779455,
    "country_stability_scale": 0.5628273861575795,
    "country_thailand_early_bonus": 6.025758823749938,
    "coup_battleground_bonus": 2.4347718257760618,
    "coup_defcon2_penalty": -8.40328201427143,
    "coup_defcon3_penalty": -2.780556881065314,
    "coup_mode_bonus": 3.3251931143151694,
    "early_region_weights": [
      0.9456315576229812,
      1.2287398370539728,
      1.3545622117127492,
      0.7030247031859443,
      0.43027192966959216,
      0.7267970836937073,
      1.1349125626343894
    ],
    "headline_friendly_bonus": 2.0062328375553427,
    "headline_ops_scale": 0.682123247818552,
    "influence_mode_bonus": 5.985753227186149,
    "late_region_weights": [
      0.9203272625171526,
      0.8763313738835371,
      0.7559115561712374,
      1.043921686231016,
      1.1310457435534857,
      0.9176631640519531,
      0.6387893708684698
    ],
    "mid_region_weights": [
      0.9949218380244609,
      1.0499900767925494,
      1.1678981076034143,
      0.8959044965024126,
      1.2165743222897296,
      1.4101665327457131,
      0.8688642063838719
    ],
    "ops_card_penalty": 0.13678527844260427,
    "realign_base_penalty": -4.109975546193646,
    "realign_country_scale": 0.5391436754490144,
    "realign_defcon2_bonus": 2.1077402174923785,
    "realign_mode_bonus": -0.9096011909893253,
    "space_early_bonus": 0.9136474113988511,
    "space_mode_bonus": 1.0273836251479838,
    "space_offside_bonus": 2.0119339082147323,
    "space_when_behind_bonus": 2.177973636755684
  },
  "proxy_score": 0.8467741935483871,
  "snapshot_id": "candidate_0103",
  "source": "random_proxy_search",
  "speed_penalty": 0.0
}
