{
  "created_process_s": 0.273618021,
  "created_wall_s": 5.37602177298686,
  "label": "random_38",
  "objective": 0.8790322580645161,
  "paired_score": 0.0,
  "params": {
    "access_bonus": 1.4705539968879175,
    "china_asia_target_bonus": 1.468242735828588,
    "china_early_penalty": -2.3248672742939096,
    "control_break_bonus": 5.205954131625838,
    "country_battleground_bonus": 7.128467625495002,
    "country_europe_core_bonus": 1.886391984421939,
    "country_mid_war_entry_bonus": 1.8786712682575997,
    "country_non_battleground_bonus": 1.0702229862422847,
    "country_region_scale": 4.955190330296006,
    "country_stability_scale": 0.5854887923310412,
    "country_thailand_early_bonus": 6.041396382723508,
    "coup_battleground_bonus": 2.7210615003001637,
    "coup_defcon2_penalty": -8.400382401082876,
    "coup_defcon3_penalty": -2.083585750367785,
    "coup_mode_bonus": 3.523149664312717,
    "early_region_weights": [
      0.8564037988073363,
      1.2576982532407868,
      1.2439140495786956,
      0.5508486385479264,
      0.49913779977329376,
      0.7558350407636542,
      1.1524282283342937
    ],
    "headline_friendly_bonus": 2.1135482770221805,
    "headline_ops_scale": 0.8470770127363737,
    "influence_mode_bonus": 6.402323643094091,
    "late_region_weights": [
      1.2191397738393672,
      0.9367883741010908,
      1.121528715934079,
      1.0041994504230027,
      1.1347597449733215,
      0.9796342724067961,
      1.0112681646984087
    ],
    "mid_region_weights": [
      0.7884371930879229,
      1.03851174827469,
      0.7782873066619443,
      0.8865895908669705,
      1.2616509105402736,
      1.2897618209107196,
      0.8465422673269817
    ],
    "ops_card_penalty": 0.11512704534378795,
    "realign_base_penalty": -4.249114280902248,
    "realign_country_scale": 0.5544844933695989,
    "realign_defcon2_bonus": 2.03933857079884,
    "realign_mode_bonus": -1.0945673766770727,
    "space_early_bonus": 0.8848697993836391,
    "space_mode_bonus": 1.0354544019829621,
    "space_offside_bonus": 1.9801671002104415,
    "space_when_behind_bonus": 1.7377815193851416
  },
  "proxy_score": 0.8790322580645161,
  "snapshot_id": "candidate_0038",
  "source": "random_proxy_search",
  "speed_penalty": 0.0
}
