{
  "created_process_s": 1.938251607,
  "created_wall_s": 7.042719289995148,
  "label": "spsa_5_plus",
  "objective": 0.8006888162204111,
  "paired_score": 0.0,
  "params": {
    "access_bonus": 1.5876401524234551,
    "china_asia_target_bonus": 1.4648178587259741,
    "china_early_penalty": -2.519540703060944,
    "control_break_bonus": 5.1817727258999495,
    "country_battleground_bonus": 7.104312397020585,
    "country_europe_core_bonus": 1.9461733704430582,
    "country_mid_war_entry_bonus": 2.0832059878012053,
    "country_non_battleground_bonus": 0.8341131851104742,
    "country_region_scale": 4.969365783698075,
    "country_stability_scale": 0.7015125721203149,
    "country_thailand_early_bonus": 5.854198890079456,
    "coup_battleground_bonus": 2.441641092322006,
    "coup_defcon2_penalty": -7.6401310012442405,
    "coup_defcon3_penalty": -2.8668482089230776,
    "coup_mode_bonus": 3.9166368648259864,
    "early_region_weights": [
      0.8673586389903764,
      1.250922734591589,
      0.9051735149014438,
      0.4453873145016912,
      0.5926259581434447,
      0.5955712555865682,
      1.2569817037089617
    ],
    "headline_friendly_bonus": 2.0249246283613025,
    "headline_ops_scale": 0.7700372933094022,
    "influence_mode_bonus": 5.806621628703375,
    "late_region_weights": [
      1.212266260776522,
      0.9687123070329149,
      0.8972432150637096,
      1.1062756126635613,
      1.1232134162787082,
      0.8850500684054208,
      0.8936492567635189
    ],
    "mid_region_weights": [
      1.061508524320353,
      1.077478191565082,
      0.9491566988400943,
      0.8212158776419769,
      1.194168364775752,
      1.2785512689824952,
      0.8947953695785269
    ],
    "ops_card_penalty": 0.16783091955310603,
    "realign_base_penalty": -3.834177456618997,
    "realign_country_scale": 0.5923011532042882,
    "realign_defcon2_bonus": 1.9117860144895211,
    "realign_mode_bonus": -0.9378700804177529,
    "space_early_bonus": 0.8313662665588241,
    "space_mode_bonus": 0.9658506337325794,
    "space_offside_bonus": 1.8836944175621912,
    "space_when_behind_bonus": 1.9601637275444708
  },
  "proxy_score": 0.8790322580645161,
  "snapshot_id": "candidate_0129",
  "source": "proxy_spsa",
  "speed_penalty": 0.7834344184410504
}
