{
  "created_process_s": 4.377972366000001,
  "created_wall_s": 9.487752622997505,
  "label": "spsa_14_plus",
  "objective": 0.8251245042210478,
  "paired_score": 0.0,
  "params": {
    "access_bonus": 1.582241581815829,
    "china_asia_target_bonus": 1.4505283619777265,
    "china_early_penalty": -2.4909617095644485,
    "control_break_bonus": 5.192569867115201,
    "country_battleground_bonus": 7.095314779341208,
    "country_europe_core_bonus": 1.949772417514809,
    "country_mid_war_entry_bonus": 2.079606940729455,
    "country_non_battleground_bonus": 0.8555474302328456,
    "country_region_scale": 4.960368166018698,
    "country_stability_scale": 0.6943678237461911,
    "country_thailand_early_bonus": 5.847000795935955,
    "coup_battleground_bonus": 2.4702200858185015,
    "coup_defcon2_penalty": -7.654527189531244,
    "coup_defcon3_penalty": -2.8758458266024545,
    "coup_mode_bonus": 3.9274340060412385,
    "early_region_weights": [
      0.881648135738624,
      1.2366332378433413,
      0.9194630116496915,
      0.44898636157344185,
      0.589026911071694,
      0.5991703026583188,
      1.242692206960714
    ],
    "headline_friendly_bonus": 2.003490383238931,
    "headline_ops_scale": 0.7628925449352784,
    "influence_mode_bonus": 5.817418769918627,
    "late_region_weights": [
      1.1979767640282744,
      0.9723113541046655,
      0.9115327118119573,
      1.1098746597353122,
      1.1196143692069573,
      0.8886491154771714,
      0.9079387535117666
    ],
    "mid_region_weights": [
      1.0757980210686007,
      1.0917676883133296,
      0.9348672020918467,
      0.8176168305702263,
      1.190569317704001,
      1.2642617722342475,
      0.9090848663267745
    ],
    "ops_card_penalty": 0.16891063367463122,
    "realign_base_penalty": -3.82517983893962,
    "realign_country_scale": 0.599445901578412,
    "realign_defcon2_bonus": 1.906387443881895,
    "realign_mode_bonus": -0.9306719862742516,
    "space_early_bonus": 0.8277672194870734,
    "space_mode_bonus": 0.9372716402360841,
    "space_offside_bonus": 1.8782958469545652,
    "space_when_behind_bonus": 1.9387294824220993
  },
  "proxy_score": 0.8790322580645161,
  "snapshot_id": "candidate_0147",
  "source": "proxy_spsa",
  "speed_penalty": 0.5390775384346833
}
