{
  "created_process_s": 0.306454901,
  "created_wall_s": 5.4089523239963455,
  "label": "random_87",
  "objective": 0.8145161290322581,
  "paired_score": 0.0,
  "params": {
    "access_bonus": 1.679623839503625,
    "china_asia_target_bonus": 1.446436177121604,
    "china_early_penalty": -2.420118396229074,
    "control_break_bonus": 5.773202854159363,
    "country_battleground_bonus": 6.7294596437375995,
    "country_europe_core_bonus": 1.9562002937021488,
    "country_mid_war_entry_bonus": 1.83349067527657,
    "country_non_battleground_bonus": 0.912659976462016,
    "country_region_scale": 4.995610601578161,
    "country_stability_scale": 0.5819695088398393,
    "country_thailand_early_bonus": 5.473187297337824,
    "coup_battleground_bonus": 2.25099852663209,
    "coup_defcon2_penalty": -7.604043032608996,
    "coup_defcon3_penalty": -2.316438661623709,
    "coup_mode_bonus": 4.375830708287441,
    "early_region_weights": [
      1.0221295905231087,
      1.3819083164869352,
      1.0226919899668012,
      0.5472912347432006,
      0.34536577165463356,
      0.6356942260358189,
      1.3799419901897851
    ],
    "headline_friendly_bonus": 2.2821599304675444,
    "headline_ops_scale": 0.6681821580826481,
    "influence_mode_bonus": 6.168616869366256,
    "late_region_weights": [
      1.0625627601955048,
      0.8209159009149537,
      0.9722177313975904,
      1.0155109915482181,
      1.0202333833775947,
      0.8499169448520428,
      0.7910993099095189
    ],
    "mid_region_weights": [
      1.0599774529805117,
      1.0578545929259375,
      0.9050038204146656,
      1.0239220522395294,
      1.144600850367652,
      1.1986865204091828,
      0.8249638518179161
    ],
    "ops_card_penalty": 0.1704992619599802,
    "realign_base_penalty": -3.857198793397586,
    "realign_country_scale": 0.571005191828879,
    "realign_defcon2_bonus": 1.9199469492862644,
    "realign_mode_bonus": -0.6949285960127887,
    "space_early_bonus": 0.933311451990454,
    "space_mode_bonus": 1.1019246558060283,
    "space_offside_bonus": 1.5912774295236085,
    "space_when_behind_bonus": 1.7315004210932425
  },
  "proxy_score": 0.8145161290322581,
  "snapshot_id": "candidate_0087",
  "source": "random_proxy_search",
  "speed_penalty": 0.0
}
