{
  "created_process_s": 6.537012654000001,
  "created_wall_s": 11.64908570398984,
  "label": "spsa_22_minus",
  "objective": 0.7733346864985959,
  "paired_score": 0.0,
  "params": {
    "access_bonus": 1.5678277230677882,
    "china_asia_target_bonus": 1.4516095724888627,
    "china_early_penalty": -2.493124130586721,
    "control_break_bonus": 5.19581349864861,
    "country_battleground_bonus": 7.071291681427806,
    "country_europe_core_bonus": 1.9593816566801696,
    "country_mid_war_entry_bonus": 2.069997701564094,
    "country_non_battleground_bonus": 0.8411335714848046,
    "country_region_scale": 4.9576651397408575,
    "country_stability_scale": 0.6949084290017592,
    "country_thailand_early_bonus": 5.827782317605234,
    "coup_battleground_bonus": 2.468057664796229,
    "coup_defcon2_penalty": -7.658852031575789,
    "coup_defcon3_penalty": -2.878548852880295,
    "coup_mode_bonus": 3.9562617235373203,
    "early_region_weights": [
      0.8720388965732633,
      1.2377144483544775,
      0.9098537724843307,
      0.45006757208457815,
      0.5794176719063333,
      0.6002515131694551,
      1.2523014461260746
    ],
    "headline_friendly_bonus": 2.0179042419869724,
    "headline_ops_scale": 0.7634331501908465,
    "influence_mode_bonus": 5.820662401452036,
    "late_region_weights": [
      1.1990579745394105,
      0.9733925646158018,
      0.910451501300821,
      1.1194838989006728,
      1.1185331586958212,
      0.8897303259883077,
      0.8983295143464058
    ],
    "mid_region_weights": [
      1.06618878190324,
      1.082158449147969,
      0.9444764412572074,
      0.81653562005909,
      1.189488107192865,
      1.2653429827453837,
      0.9080036558156382
    ],
    "ops_card_penalty": 0.17179340542423943,
    "realign_base_penalty": -3.822476812661779,
    "realign_country_scale": 0.5946412819957317,
    "realign_defcon2_bonus": 1.9047656281151908,
    "realign_mode_bonus": -0.9114535079435302,
    "space_early_bonus": 0.8181579803217127,
    "space_mode_bonus": 0.9564901185668055,
    "space_offside_bonus": 1.8766740311878607,
    "space_when_behind_bonus": 1.9403512981888036
  },
  "proxy_score": 0.8145161290322581,
  "snapshot_id": "candidate_0164",
  "source": "proxy_spsa",
  "speed_penalty": 0.41181442533662205
}
