{
  "created_process_s": 0.319169724,
  "created_wall_s": 5.42168223898625,
  "label": "random_110",
  "objective": 0.8145161290322581,
  "paired_score": 0.0,
  "params": {
    "access_bonus": 1.6491399310394967,
    "china_asia_target_bonus": 1.5680395702139187,
    "china_early_penalty": -2.5944347323420267,
    "control_break_bonus": 5.485547965316557,
    "country_battleground_bonus": 6.785812685991935,
    "country_europe_core_bonus": 1.9545663661980222,
    "country_mid_war_entry_bonus": 2.002521376732296,
    "country_non_battleground_bonus": 0.9649858229608763,
    "country_region_scale": 5.1754773349466685,
    "country_stability_scale": 0.5899442503137653,
    "country_thailand_early_bonus": 5.696549062416568,
    "coup_battleground_bonus": 2.4446728884719597,
    "coup_defcon2_penalty": -8.21987269813185,
    "coup_defcon3_penalty": -2.6959857698777983,
    "coup_mode_bonus": 4.034333039809743,
    "early_region_weights": [
      0.7614567705375217,
      1.289755746790805,
      1.0642349510387883,
      0.571176806201762,
      0.36646489173442454,
      0.5672334342118066,
      1.2071295467212015
    ],
    "headline_friendly_bonus": 1.9272386101414887,
    "headline_ops_scale": 0.7298158112094009,
    "influence_mode_bonus": 5.61206992492705,
    "late_region_weights": [
      1.034767234029836,
      1.0354988070192104,
      0.9678307914915916,
      1.0624102729401361,
      1.0474373087998317,
      0.9718194986539141,
      0.722804676138266
    ],
    "mid_region_weights": [
      0.8674048130605769,
      1.1056950545534487,
      1.0634640650356586,
      1.1156086572680117,
      1.1288612672020193,
      1.1316440477004808,
      0.8071620732353255
    ],
    "ops_card_penalty": 0.13954787398968135,
    "realign_base_penalty": -3.943688606107607,
    "realign_country_scale": 0.6257895215864804,
    "realign_defcon2_bonus": 2.138182579425424,
    "realign_mode_bonus": -1.2475334469862511,
    "space_early_bonus": 1.0612588810095933,
    "space_mode_bonus": 0.8425406264830844,
    "space_offside_bonus": 1.7507090797459497,
    "space_when_behind_bonus": 1.909719921359898
  },
  "proxy_score": 0.8145161290322581,
  "snapshot_id": "candidate_0110",
  "source": "random_proxy_search",
  "speed_penalty": 0.0
}
