{
  "created_process_s": 4.504640312,
  "created_wall_s": 9.61455228998966,
  "label": "spsa_14_minus",
  "objective": 0.8332643524273223,
  "paired_score": 0.0,
  "params": {
    "access_bonus": 1.5662059073010837,
    "china_asia_target_bonus": 1.4612188116542233,
    "china_early_penalty": -2.512342608917442,
    "control_break_bonus": 5.2246412161446925,
    "country_battleground_bonus": 7.0685886551499655,
    "country_europe_core_bonus": 1.9604628671913058,
    "country_mid_war_entry_bonus": 2.0689164910529576,
    "country_non_battleground_bonus": 0.8395117557181002,
    "country_region_scale": 4.933642041827456,
    "country_stability_scale": 0.6997130485844395,
    "country_thailand_early_bonus": 5.82561989658296,
    "coup_battleground_bonus": 2.448839186465508,
    "coup_defcon2_penalty": -7.697288988237231,
    "coup_defcon3_penalty": -2.9025719507936967,
    "coup_mode_bonus": 3.9595053550707293,
    "early_region_weights": [
      0.870957686062127,
      1.2473236875198381,
      0.9087725619731944,
      0.45967681124993887,
      0.578336461395197,
      0.6098607523348158,
      1.2533826566372108
    ],
    "headline_friendly_bonus": 2.019526057753677,
    "headline_ops_scale": 0.7682377697735268,
    "influence_mode_bonus": 5.849490118948118,
    "late_region_weights": [
      1.2086672137047711,
      0.9830018037811625,
      0.9008422621354603,
      1.120565109411809,
      1.1089239195304605,
      0.8993395651536684,
      0.8972483038352695
    ],
    "mid_region_weights": [
      1.0651075713921039,
      1.0810772386368328,
      0.9455576517683437,
      0.8069263808937293,
      1.1798788680275043,
      1.2749522219107443,
      0.8983944166502775
    ],
    "ops_card_penalty": 0.17211776857758032,
    "realign_base_penalty": -3.7984537147483777,
    "realign_country_scale": 0.5941006767401636,
    "realign_defcon2_bonus": 1.8903517693671497,
    "realign_mode_bonus": -0.9092910869212576,
    "space_early_bonus": 0.8170767698105764,
    "space_mode_bonus": 0.9586525395890781,
    "space_offside_bonus": 1.8622601724398198,
    "space_when_behind_bonus": 1.9547651569368447
  },
  "proxy_score": 0.8790322580645161,
  "snapshot_id": "candidate_0148",
  "source": "proxy_spsa",
  "speed_penalty": 0.4576790563719384
}
