{
  "created_process_s": 0.275503502,
  "created_wall_s": 5.377909609989729,
  "label": "random_41",
  "objective": 0.840529566090765,
  "paired_score": 0.0,
  "params": {
    "access_bonus": 1.4938224496474033,
    "china_asia_target_bonus": 1.47068335894258,
    "china_early_penalty": -2.2900902771479403,
    "control_break_bonus": 5.126968577111668,
    "country_battleground_bonus": 6.826737118909523,
    "country_europe_core_bonus": 1.7944246964011126,
    "country_mid_war_entry_bonus": 2.0054786579973034,
    "country_non_battleground_bonus": 0.8252734895112241,
    "country_region_scale": 5.009404329594226,
    "country_stability_scale": 0.6217059649058948,
    "country_thailand_early_bonus": 6.072054874515659,
    "coup_battleground_bonus": 2.4759475722967164,
    "coup_defcon2_penalty": -8.281260895377976,
    "coup_defcon3_penalty": -2.709216420631814,
    "coup_mode_bonus": 4.054008625013674,
    "early_region_weights": [
      0.6959005889265144,
      1.2125945347421128,
      1.2596842867579399,
      0.6443800447953153,
      0.6593142229942986,
      0.6248269455652905,
      1.236104952178509
    ],
    "headline_friendly_bonus": 1.8249673895879008,
    "headline_ops_scale": 0.7382760968731901,
    "influence_mode_bonus": 6.3326779715475086,
    "late_region_weights": [
      1.13476877877973,
      0.8757392520595033,
      0.912912923200808,
      1.051494619816312,
      1.2074614878918903,
      0.9638487750782602,
      0.9500453403442818
    ],
    "mid_region_weights": [
      0.8488370644531085,
      1.0005198617407534,
      1.1401748016304254,
      0.8227907951199567,
      1.202021765170248,
      1.3357431474737285,
      0.8422678872235996
    ],
    "ops_card_penalty": 0.11926605652969449,
    "realign_base_penalty": -3.883947849807218,
    "realign_country_scale": 0.5065699998212636,
    "realign_defcon2_bonus": 2.0729675384296233,
    "realign_mode_bonus": -1.1986683181077125,
    "space_early_bonus": 1.0024246541082562,
    "space_mode_bonus": 1.3652505407528326,
    "space_offside_bonus": 2.07770885213388,
    "space_when_behind_bonus": 2.2168283207736565
  },
  "proxy_score": 0.8467741935483871,
  "snapshot_id": "candidate_0041",
  "source": "random_proxy_search",
  "speed_penalty": 0.062446274576221095
}
