{
  "created_process_s": 5.787433807,
  "created_wall_s": 10.898729502994684,
  "label": "spsa_19_minus",
  "objective": 0.8045241561156471,
  "paired_score": 0.0,
  "params": {
    "access_bonus": 1.5811062165745733,
    "china_asia_target_bonus": 1.4604619014933862,
    "china_early_penalty": -2.4924755298861228,
    "control_break_bonus": 5.22237048566218,
    "country_battleground_bonus": 7.093422503939115,
    "country_europe_core_bonus": 1.9597059570304687,
    "country_mid_war_entry_bonus": 2.0788500305686175,
    "country_non_battleground_bonus": 0.8544120649915897,
    "country_region_scale": 4.958475890616605,
    "country_stability_scale": 0.6947462788266097,
    "country_thailand_early_bonus": 5.827133716904635,
    "coup_battleground_bonus": 2.450353006787182,
    "coup_defcon2_penalty": -7.657554830174592,
    "coup_defcon3_penalty": -2.9006796753916038,
    "coup_mode_bonus": 3.92970473652375,
    "early_region_weights": [
      0.8808912255777868,
      1.2373901480041785,
      0.9095294721340317,
      0.4589199010891016,
      0.5790933715560342,
      0.5999272128191561,
      1.2526257464763737
    ],
    "headline_friendly_bonus": 2.004625748480187,
    "headline_ops_scale": 0.7678593146931082,
    "influence_mode_bonus": 5.847219388465606,
    "late_region_weights": [
      1.1987336741891115,
      0.9730682642655027,
      0.9015991722962975,
      1.1198081992509719,
      1.1188574590461202,
      0.8894060256380086,
      0.9071818433509293
    ],
    "mid_region_weights": [
      1.065864481552941,
      1.0910107781524925,
      0.9356241122526839,
      0.8076832910545665,
      1.1806357781883414,
      1.2741953117499072,
      0.9083279561659373
    ],
    "ops_card_penalty": 0.17189069552932915,
    "realign_base_penalty": -3.823287563537527,
    "realign_country_scale": 0.5990674464979935,
    "realign_defcon2_bonus": 1.9052520786406393,
    "realign_mode_bonus": -0.929158165952577,
    "space_early_bonus": 0.8270103093262362,
    "space_mode_bonus": 0.9387854605577587,
    "space_offside_bonus": 1.8633955376810756,
    "space_when_behind_bonus": 1.953629791695589
  },
  "proxy_score": 0.8467741935483871,
  "snapshot_id": "candidate_0158",
  "source": "proxy_spsa",
  "speed_penalty": 0.42250037432740006
}
