{
  "created_process_s": 0.276145552,
  "created_wall_s": 5.3785523749975255,
  "label": "random_42",
  "objective": 0.8790322580645161,
  "paired_score": 0.0,
  "params": {
    "access_bonus": 1.3871913182094586,
    "china_asia_target_bonus": 1.4771391899002813,
    "china_early_penalty": -2.475177267071533,
    "control_break_bonus": 4.899246013648561,
    "country_battleground_bonus": 7.218145446021387,
    "country_europe_core_bonus": 1.9815241542128101,
    "country_mid_war_entry_bonus": 2.040295048042362,
    "country_non_battleground_bonus": 0.9322630922874674,
    "country_region_scale": 4.857373708393325,
    "country_stability_scale": 0.5748972493872082,
    "country_thailand_early_bonus": 5.859054101587957,
    "coup_battleground_bonus": 2.165084079597176,
    "coup_defcon2_penalty": -7.848460683744496,
    "coup_defcon3_penalty": -2.873232540549888,
    "coup_mode_bonus": 3.8701699053998984,
    "early_region_weights": [
      0.8796238706866808,
      1.446664593042842,
      1.0254108715821972,
      0.5781674833807031,
      0.5414722907472699,
      0.48949176651224946,
      1.224272640592204
    ],
    "headline_friendly_bonus": 2.1393879598666308,
    "headline_ops_scale": 0.6787997101218228,
    "influence_mode_bonus": 5.663549561967981,
    "late_region_weights": [
      1.046332210187335,
      0.8691620798985565,
      0.8940914655420392,
      0.9689833301574242,
      0.9562352991655398,
      0.8771944859507195,
      0.8419332221982126
    ],
    "mid_region_weights": [
      0.7756869129482057,
      1.18517451130253,
      1.0267552785330187,
      1.0982700758585884,
      1.1899065127019426,
      1.2675016771638399,
      0.8326378986369063
    ],
    "ops_card_penalty": 0.1556063039659019,
    "realign_base_penalty": -3.708384225359422,
    "realign_country_scale": 0.574267820966153,
    "realign_defcon2_bonus": 1.8449906468514745,
    "realign_mode_bonus": -0.8709964908522789,
    "space_early_bonus": 1.0416938662275088,
    "space_mode_bonus": 0.9881441526896142,
    "space_offside_bonus": 1.9792233714388316,
    "space_when_behind_bonus": 2.034384987246451
  },
  "proxy_score": 0.8790322580645161,
  "snapshot_id": "candidate_0042",
  "source": "random_proxy_search",
  "speed_penalty": 0.0
}
