{
  "created_process_s": 0.292320927,
  "created_wall_s": 5.394802730996162,
  "label": "random_64",
  "objective": 0.6665431128282648,
  "paired_score": 0.0,
  "params": {
    "access_bonus": 1.6908322375038831,
    "china_asia_target_bonus": 1.5746204442863947,
    "china_early_penalty": -2.5860272096597106,
    "control_break_bonus": 5.128809852100035,
    "country_battleground_bonus": 6.966859981695485,
    "country_europe_core_bonus": 1.981480754471737,
    "country_mid_war_entry_bonus": 2.0677124381314944,
    "country_non_battleground_bonus": 1.0419719174994688,
    "country_region_scale": 5.117415719392255,
    "country_stability_scale": 0.5384229050069792,
    "country_thailand_early_bonus": 6.137608843231365,
    "coup_battleground_bonus": 2.3580433185747056,
    "coup_defcon2_penalty": -8.894974497012086,
    "coup_defcon3_penalty": -2.3309422948093546,
    "coup_mode_bonus": 4.116426873087493,
    "early_region_weights": [
      0.7412570117703297,
      1.3507146145554971,
      1.1138694669105473,
      0.7108396968008945,
      0.618291179463019,
      0.46170170645597386,
      1.290132089999499
    ],
    "headline_friendly_bonus": 2.1896436372495742,
    "headline_ops_scale": 0.7532066184232844,
    "influence_mode_bonus": 5.384611992818899,
    "late_region_weights": [
      1.1023735309242835,
      0.9482275243670955,
      0.9270598045377415,
      0.9739243806287949,
      1.120388412905139,
      0.9764387560932566,
      0.6457569153777429
    ],
    "mid_region_weights": [
      0.8893682306867514,
      1.0684558977070004,
      0.9425758438810528,
      0.8092210137028016,
      1.2736333488808271,
      1.101525018262732,
      1.0657397797362642
    ],
    "ops_card_penalty": 0.12783458291756772,
    "realign_base_penalty": -3.5763229332523174,
    "realign_country_scale": 0.5178603991295406,
    "realign_defcon2_bonus": 2.0534642908824035,
    "realign_mode_bonus": -0.9853036301890187,
    "space_early_bonus": 0.9759495253113696,
    "space_mode_bonus": 0.7977046640523762,
    "space_offside_bonus": 2.015580031285507,
    "space_when_behind_bonus": 2.045350066632695
  },
  "proxy_score": 0.8467741935483871,
  "snapshot_id": "candidate_0064",
  "source": "random_proxy_search",
  "speed_penalty": 1.802310807201223
}
