{
  "created_process_s": 0.25713320300000003,
  "created_wall_s": 5.35951785799989,
  "label": "random_10",
  "objective": 0.8120795359954306,
  "paired_score": 0.0,
  "params": {
    "access_bonus": 1.6125479850403828,
    "china_asia_target_bonus": 1.5774877833671042,
    "china_early_penalty": -2.7128475872146542,
    "control_break_bonus": 5.057135655126662,
    "country_battleground_bonus": 6.924107912239148,
    "country_europe_core_bonus": 1.9285665213057417,
    "country_mid_war_entry_bonus": 2.1229953906560426,
    "country_non_battleground_bonus": 0.9468254377062216,
    "country_region_scale": 5.055291186350232,
    "country_stability_scale": 0.6473905148911312,
    "country_thailand_early_bonus": 6.012581618908936,
    "coup_battleground_bonus": 2.551174968822022,
    "coup_defcon2_penalty": -7.659938949680995,
    "coup_defcon3_penalty": -2.5514828110277654,
    "coup_mode_bonus": 4.172618956558401,
    "early_region_weights": [
      0.8735955098700774,
      1.3658842557472175,
      1.0963008777629835,
      0.4836386598506089,
      0.4889129324629242,
      0.61034830781669,
      1.1593317999004686
    ],
    "headline_friendly_bonus": 2.288015102907433,
    "headline_ops_scale": 0.8132163562333242,
    "influence_mode_bonus": 5.912233946446755,
    "late_region_weights": [
      0.8907709188258226,
      0.9597365846184284,
      0.9139827257512576,
      1.022730667814244,
      1.2299909132414835,
      1.0320962997035945,
      0.863600222636326
    ],
    "mid_region_weights": [
      0.8201318011819546,
      0.8061488560440778,
      1.074514324595587,
      1.0511691624094919,
      1.0695768090314322,
      1.3662278543753144,
      0.8220804384737193
    ],
    "ops_card_penalty": 0.18159365801525476,
    "realign_base_penalty": -3.761999137663733,
    "realign_country_scale": 0.5109036553769526,
    "realign_defcon2_bonus": 2.0485060481271073,
    "realign_mode_bonus": -1.368058498494221,
    "space_early_bonus": 0.755155319807897,
    "space_mode_bonus": 0.9098167053950027,
    "space_offside_bonus": 1.994032081676989,
    "space_when_behind_bonus": 1.6179391470661446
  },
  "proxy_score": 0.8145161290322581,
  "snapshot_id": "candidate_0010",
  "source": "random_proxy_search",
  "speed_penalty": 0.024365930368274835
}
