{
  "created_process_s": 6.419292923,
  "created_wall_s": 11.53125022999302,
  "label": "spsa_22_plus",
  "objective": 0.8287763573905008,
  "paired_score": 0.0,
  "params": {
    "access_bonus": 1.5806197660491246,
    "china_asia_target_bonus": 1.460137601143087,
    "china_early_penalty": -2.5101801878951697,
    "control_break_bonus": 5.2213975846112834,
    "country_battleground_bonus": 7.092611753063367,
    "country_europe_core_bonus": 1.9508536280259452,
    "country_mid_war_entry_bonus": 2.0785257302183187,
    "country_non_battleground_bonus": 0.8539256144661412,
    "country_region_scale": 4.936345068105297,
    "country_stability_scale": 0.6991724433288714,
    "country_thailand_early_bonus": 5.844838374913682,
    "coup_battleground_bonus": 2.4510016074877803,
    "coup_defcon2_penalty": -7.692964146192686,
    "coup_defcon3_penalty": -2.899868924515856,
    "coup_mode_bonus": 3.9306776375746475,
    "early_region_weights": [
      0.8805669252274877,
      1.246242477008702,
      0.9183818011385552,
      0.45859560073880257,
      0.5879457005605577,
      0.6087795418236795,
      1.2437734174718502
    ],
    "headline_friendly_bonus": 2.0051121990056355,
    "headline_ops_scale": 0.7676971645179587,
    "influence_mode_bonus": 5.846246487414709,
    "late_region_weights": [
      1.207586003193635,
      0.9819205932700262,
      0.9019234726465966,
      1.1109558702464484,
      1.1100051300415967,
      0.8982583546425321,
      0.9068575430006303
    ],
    "mid_region_weights": [
      1.0747168105574645,
      1.0906864778021934,
      0.935948412602983,
      0.8080075914048656,
      1.1809600785386405,
      1.2738710113996081,
      0.8994756271614138
    ],
    "ops_card_penalty": 0.1692349968279721,
    "realign_base_penalty": -3.8011567410262184,
    "realign_country_scale": 0.598905296322844,
    "realign_defcon2_bonus": 1.891973585133854,
    "realign_mode_bonus": -0.928509565251979,
    "space_early_bonus": 0.8266860089759371,
    "space_mode_bonus": 0.9394340612583567,
    "space_offside_bonus": 1.8638819882065243,
    "space_when_behind_bonus": 1.9531433411701404
  },
  "proxy_score": 0.8790322580645161,
  "snapshot_id": "candidate_0163",
  "source": "proxy_spsa",
  "speed_penalty": 0.5025590067401535
}
