{
  "created_process_s": 6.661633496,
  "created_wall_s": 11.773848042997997,
  "label": "spsa_23_plus",
  "objective": 0.7917779681758398,
  "paired_score": 0.0,
  "params": {
    "access_bonus": 1.567968312136744,
    "china_asia_target_bonus": 1.4600438750971163,
    "china_early_penalty": -2.509992735803228,
    "control_break_bonus": 5.196094676786522,
    "country_battleground_bonus": 7.071525996542733,
    "country_europe_core_bonus": 1.950947354071916,
    "country_mid_war_entry_bonus": 2.0784320041723476,
    "country_non_battleground_bonus": 0.8412741605537607,
    "country_region_scale": 4.957430824625931,
    "country_stability_scale": 0.6949552920247446,
    "country_thailand_early_bonus": 5.827969769697175,
    "coup_battleground_bonus": 2.451189059579722,
    "coup_defcon2_penalty": -7.692589242008803,
    "coup_defcon3_penalty": -2.899634609400929,
    "coup_mode_bonus": 3.9559805453994086,
    "early_region_weights": [
      0.880473199181517,
      1.2461487509627311,
      0.9182880750925845,
      0.4585018746928319,
      0.587851974514587,
      0.6003452392154258,
      1.243867143517821
    ],
    "headline_friendly_bonus": 2.005252788074592,
    "headline_ops_scale": 0.7676503014949733,
    "influence_mode_bonus": 5.845965309276797,
    "late_region_weights": [
      1.2074922771476642,
      0.9734862906617725,
      0.9020171986925672,
      1.119390172854702,
      1.1184394326498504,
      0.8981646285965614,
      0.8984232403923765
    ],
    "mid_region_weights": [
      1.0746230845114937,
      1.0822521751939398,
      0.9443827152112367,
      0.8164418940131193,
      1.189394381146894,
      1.2654367087913545,
      0.8995693532073845
    ],
    "ops_card_penalty": 0.1717652876104482,
    "realign_base_penalty": -3.8222424975468523,
    "realign_country_scale": 0.5946881450187171,
    "realign_defcon2_bonus": 1.89211417420281,
    "realign_mode_bonus": -0.9283221131600377,
    "space_early_bonus": 0.8182517063676834,
    "space_mode_bonus": 0.9396215133502981,
    "space_offside_bonus": 1.8765334421189048,
    "space_when_behind_bonus": 1.9404918872577597
  },
  "proxy_score": 0.8467741935483871,
  "snapshot_id": "candidate_0165",
  "source": "proxy_spsa",
  "speed_penalty": 0.5499622537254736
}
