{
  "created_process_s": 5.023408043000001,
  "created_wall_s": 10.13387286599027,
  "label": "spsa_16_minus",
  "objective": 0.798138672298954,
  "paired_score": 0.0,
  "params": {
    "access_bonus": 1.5817237445584564,
    "china_asia_target_bonus": 1.450873586815975,
    "china_early_penalty": -2.4916521592409455,
    "control_break_bonus": 5.193605541629947,
    "country_battleground_bonus": 7.094451717245587,
    "country_europe_core_bonus": 1.9501176423530575,
    "country_mid_war_entry_bonus": 2.0692617158912063,
    "country_non_battleground_bonus": 0.840029592975473,
    "country_region_scale": 4.934505103923077,
    "country_stability_scale": 0.6945404361653154,
    "country_thailand_early_bonus": 5.8463103462594574,
    "coup_battleground_bonus": 2.449529636142005,
    "coup_defcon2_penalty": -7.695908088884237,
    "coup_defcon3_penalty": -2.8767088886980754,
    "coup_mode_bonus": 3.958469680555984,
    "early_region_weights": [
      0.8713029109003755,
      1.2469784626815896,
      0.909117786811443,
      0.44933158641169035,
      0.5886816862334455,
      0.5995155274965673,
      1.2430374317989625
    ],
    "headline_friendly_bonus": 2.019008220496304,
    "headline_ops_scale": 0.7630651573544026,
    "influence_mode_bonus": 5.848454444433372,
    "late_region_weights": [
      1.2083219888665226,
      0.982656578942914,
      0.9011874869737088,
      1.1202198845735605,
      1.109269144368709,
      0.8989943403154199,
      0.9075935286735181
    ],
    "mid_region_weights": [
      1.0754527962303522,
      1.0814224634750813,
      0.9452124269300952,
      0.8172716057319778,
      1.1802240928657528,
      1.264606997072496,
      0.908739641488526
    ],
    "ops_card_penalty": 0.17201420112610577,
    "realign_base_penalty": -3.7993167768439986,
    "realign_country_scale": 0.5942732891592879,
    "realign_defcon2_bonus": 1.9058696066245224,
    "realign_mode_bonus": -0.9099815365977546,
    "space_early_bonus": 0.8274219946488249,
    "space_mode_bonus": 0.9379620899125811,
    "space_offside_bonus": 1.8777780096971926,
    "space_when_behind_bonus": 1.954247319679472
  },
  "proxy_score": 0.8790322580645161,
  "snapshot_id": "candidate_0152",
  "source": "proxy_spsa",
  "speed_penalty": 0.8089358576556216
}
