{
  "created_process_s": 0.32275370200000003,
  "created_wall_s": 5.425270124993403,
  "label": "random_116",
  "objective": 0.782258064516129,
  "paired_score": 0.0,
  "params": {
    "access_bonus": 1.4003550880502447,
    "china_asia_target_bonus": 1.316396248528927,
    "china_early_penalty": -2.3867642794701793,
    "control_break_bonus": 5.170409380436762,
    "country_battleground_bonus": 7.056429178102136,
    "country_europe_core_bonus": 2.10379575368682,
    "country_mid_war_entry_bonus": 1.8034937050359,
    "country_non_battleground_bonus": 1.071688701695951,
    "country_region_scale": 5.27113033424372,
    "country_stability_scale": 0.5912252992870165,
    "country_thailand_early_bonus": 5.970086094178682,
    "coup_battleground_bonus": 2.5163298856938026,
    "coup_defcon2_penalty": -8.315622076940059,
    "coup_defcon3_penalty": -2.2194686183825736,
    "coup_mode_bonus": 4.094282049438204,
    "early_region_weights": [
      1.083864869289763,
      1.3735725760519082,
      1.1355208597614879,
      0.6772716829620087,
      0.4921947666052078,
      0.8086565885152176,
      1.1012933814784476
    ],
    "headline_friendly_bonus": 2.0611599916300176,
    "headline_ops_scale": 0.820346579663786,
    "influence_mode_bonus": 6.16010360445697,
    "late_region_weights": [
      1.0185079147609841,
      0.9493660184990697,
      0.8444205741173372,
      1.0347299422243428,
      1.1587483613790832,
      1.183736152200439,
      0.7558543365704794
    ],
    "mid_region_weights": [
      0.9935752688218505,
      0.9262785003775592,
      1.0750924989142625,
      1.0722928353455936,
      1.0512923706799464,
      1.1252628628974943,
      1.0310649894977808
    ],
    "ops_card_penalty": 0.19083089800322484,
    "realign_base_penalty": -3.858121208268564,
    "realign_country_scale": 0.5447533191383152,
    "realign_defcon2_bonus": 1.8615267855844453,
    "realign_mode_bonus": -0.6156416743010849,
    "space_early_bonus": 0.9128079849817315,
    "space_mode_bonus": 0.8684092802543288,
    "space_offside_bonus": 1.9349442484351143,
    "space_when_behind_bonus": 1.983787601425732
  },
  "proxy_score": 0.782258064516129,
  "snapshot_id": "candidate_0116",
  "source": "random_proxy_search",
  "speed_penalty": 0.0
}
