{
  "created_process_s": 0.269502252,
  "created_wall_s": 5.37190112999815,
  "label": "random_31",
  "objective": 0.8790322580645161,
  "paired_score": 0.0,
  "params": {
    "access_bonus": 1.5742237445584564,
    "china_asia_target_bonus": 1.455873586815975,
    "china_early_penalty": -2.5016521592409453,
    "control_break_bonus": 5.208605541629947,
    "country_battleground_bonus": 7.081951717245587,
    "country_europe_core_bonus": 1.9551176423530574,
    "country_mid_war_entry_bonus": 2.0742617158912062,
    "country_non_battleground_bonus": 0.8475295929754729,
    "country_region_scale": 4.947005103923077,
    "country_stability_scale": 0.6970404361653153,
    "country_thailand_early_bonus": 5.836310346259458,
    "coup_battleground_bonus": 2.4595296361420047,
    "coup_defcon2_penalty": -7.6759080888842375,
    "coup_defcon3_penalty": -2.8892088886980756,
    "coup_mode_bonus": 3.943469680555984,
    "early_region_weights": [
      0.8763029109003755,
      1.2419784626815897,
      0.914117786811443,
      0.45433158641169036,
      0.5836816862334455,
      0.6045155274965673,
      1.2480374317989624
    ],
    "headline_friendly_bonus": 2.011508220496304,
    "headline_ops_scale": 0.7655651573544026,
    "influence_mode_bonus": 5.8334544444333725,
    "late_region_weights": [
      1.2033219888665228,
      0.977656578942914,
      0.9061874869737088,
      1.1152198845735606,
      1.114269144368709,
      0.8939943403154199,
      0.902593528673518
    ],
    "mid_region_weights": [
      1.0704527962303523,
      1.0864224634750812,
      0.9402124269300952,
      0.8122716057319778,
      1.1852240928657527,
      1.269606997072496,
      0.903739641488526
    ],
    "ops_card_penalty": 0.17051420112610577,
    "realign_base_penalty": -3.8118167768439988,
    "realign_country_scale": 0.5967732891592878,
    "realign_defcon2_bonus": 1.8983696066245224,
    "realign_mode_bonus": -0.9199815365977546,
    "space_early_bonus": 0.8224219946488249,
    "space_mode_bonus": 0.9479620899125811,
    "space_offside_bonus": 1.8702780096971925,
    "space_when_behind_bonus": 1.946747319679472
  },
  "proxy_score": 0.8790322580645161,
  "snapshot_id": "candidate_0031",
  "source": "random_proxy_search",
  "speed_penalty": 0.0
}
