{
  "created_process_s": 0.264252708,
  "created_wall_s": 5.3666467029979685,
  "label": "random_22",
  "objective": 0.8467741935483871,
  "paired_score": 0.0,
  "params": {
    "access_bonus": 1.470129313899532,
    "china_asia_target_bonus": 1.5967723668615255,
    "china_early_penalty": -2.366356881958267,
    "control_break_bonus": 4.6421922851011,
    "country_battleground_bonus": 6.752293511659899,
    "country_europe_core_bonus": 2.0591755261295366,
    "country_mid_war_entry_bonus": 1.9663207718965952,
    "country_non_battleground_bonus": 1.0075452206326658,
    "country_region_scale": 5.197440419477493,
    "country_stability_scale": 0.7558335064896673,
    "country_thailand_early_bonus": 6.133008815758551,
    "coup_battleground_bonus": 2.5657641310960564,
    "coup_defcon2_penalty": -7.510148632809036,
    "coup_defcon3_penalty": -2.5637154328971183,
    "coup_mode_bonus": 3.270169626918953,
    "early_region_weights": [
      0.7005720076802221,
      1.3734861379989443,
      1.0416865747196111,
      0.4498673905276378,
      0.6500165048288934,
      0.6804903966643521,
      1.2905260494755344
    ],
    "headline_friendly_bonus": 1.8706554373128748,
    "headline_ops_scale": 0.7745083513525947,
    "influence_mode_bonus": 6.25814085653582,
    "late_region_weights": [
      0.8257053113571908,
      0.9477100831750054,
      1.0451175799819135,
      1.025527369544058,
      1.1168395892310932,
      0.9537534544444756,
      0.7413672957015824
    ],
    "mid_region_weights": [
      0.9665868886713553,
      0.8006941663713731,
      0.9963703795134092,
      1.0443920815586138,
      1.1389828147542258,
      1.1349296049757123,
      0.9135789569950636
    ],
    "ops_card_penalty": 0.11728636444910792,
    "realign_base_penalty": -3.7347312966433686,
    "realign_country_scale": 0.5122544811137695,
    "realign_defcon2_bonus": 1.929278975067608,
    "realign_mode_bonus": -1.5828699550729963,
    "space_early_bonus": 0.848329941404423,
    "space_mode_bonus": 0.8415896091718403,
    "space_offside_bonus": 1.8489483653339802,
    "space_when_behind_bonus": 2.062192937067083
  },
  "proxy_score": 0.8467741935483871,
  "snapshot_id": "candidate_0022",
  "source": "random_proxy_search",
  "speed_penalty": 0.0
}
