{
  "created_process_s": 5.159833196,
  "created_wall_s": 10.270450885000173,
  "label": "spsa_17_plus",
  "objective": 0.816271959248623,
  "paired_score": 0.0,
  "params": {
    "access_bonus": 1.5814998133095464,
    "china_asia_target_bonus": 1.4607242993167016,
    "china_early_penalty": -2.491950734239492,
    "control_break_bonus": 5.223157679132126,
    "country_battleground_bonus": 7.06982493599377,
    "country_europe_core_bonus": 1.9502669298523307,
    "country_mid_war_entry_bonus": 2.079112428391933,
    "country_non_battleground_bonus": 0.8402535242243829,
    "country_region_scale": 4.934878322671261,
    "country_stability_scale": 0.6994657924156786,
    "country_thailand_early_bonus": 5.846011771260911,
    "coup_battleground_bonus": 2.4498282111405514,
    "coup_defcon2_penalty": -7.695310938887144,
    "coup_defcon3_penalty": -2.901335669949892,
    "coup_mode_bonus": 3.928917543053804,
    "early_region_weights": [
      0.8714521983996488,
      1.237127750180863,
      0.9092670743107163,
      0.4494808739109637,
      0.5788309737327189,
      0.609366239997294,
      1.2431867192982358
    ],
    "headline_friendly_bonus": 2.0187842892473937,
    "headline_ops_scale": 0.7631398011040392,
    "influence_mode_bonus": 5.818902306931193,
    "late_region_weights": [
      1.198471276365796,
      0.9825072914436407,
      0.9110381994744354,
      1.110369172072834,
      1.1094184318679823,
      0.8891436278146932,
      0.8977428161727914
    ],
    "mid_region_weights": [
      1.0656020837296256,
      1.0815717509743545,
      0.9450631394308219,
      0.8171223182327044,
      1.180373380365026,
      1.2744577095732226,
      0.8988889289877994
    ],
    "ops_card_penalty": 0.16905898737588776,
    "realign_base_penalty": -3.823943558095815,
    "realign_country_scale": 0.5991986454096512,
    "realign_defcon2_bonus": 1.8910935378734324,
    "realign_mode_bonus": -0.9102801115963013,
    "space_early_bonus": 0.8175712821480983,
    "space_mode_bonus": 0.9576635149140345,
    "space_offside_bonus": 1.8775540784482825,
    "space_when_behind_bonus": 1.954023388430562
  },
  "proxy_score": 0.8790322580645161,
  "snapshot_id": "candidate_0153",
  "source": "proxy_spsa",
  "speed_penalty": 0.6276029881589318
}
