{
  "created_process_s": 6.919828307,
  "created_wall_s": 12.032303283995134,
  "label": "spsa_24_plus",
  "objective": 0.7611552304248362,
  "paired_score": 0.0,
  "params": {
    "access_bonus": 1.5681000202014985,
    "china_asia_target_bonus": 1.4599560697206135,
    "china_early_penalty": -2.493487193431668,
    "control_break_bonus": 5.220852990343863,
    "country_battleground_bonus": 7.092157924507183,
    "country_europe_core_bonus": 1.959200125257696,
    "country_mid_war_entry_bonus": 2.070179232986568,
    "country_non_battleground_bonus": 0.8536533173324309,
    "country_region_scale": 4.936798896661481,
    "country_stability_scale": 0.6990816776176346,
    "country_thailand_early_bonus": 5.828145380450181,
    "coup_battleground_bonus": 2.4513646703327274,
    "coup_defcon2_penalty": -7.692238020502792,
    "coup_defcon3_penalty": -2.899415095959672,
    "coup_mode_bonus": 3.9557171292698996,
    "early_region_weights": [
      0.8722204279957368,
      1.237895979776951,
      0.9182002697160816,
      0.458414069316329,
      0.5795992033288069,
      0.6004330445919287,
      1.2439549488943238
    ],
    "headline_friendly_bonus": 2.005384496139346,
    "headline_ops_scale": 0.7676063988067219,
    "influence_mode_bonus": 5.821206995719456,
    "late_region_weights": [
      1.1992395059618841,
      0.9735740960382754,
      0.9021050040690701,
      1.1193023674781992,
      1.1183516272733476,
      0.8899118574107813,
      0.9066760115781567
    ],
    "mid_region_weights": [
      1.074535279134991,
      1.0823399805704426,
      0.9361299440254566,
      0.8163540886366164,
      1.1893065757703913,
      1.2655245141678573,
      0.9078221243931647
    ],
    "ops_card_penalty": 0.16928945625471417,
    "realign_base_penalty": -3.8220229841055953,
    "realign_country_scale": 0.5947320477069685,
    "realign_defcon2_bonus": 1.8922458822675645,
    "realign_mode_bonus": -0.9281465024070319,
    "space_early_bonus": 0.8265044775534636,
    "space_mode_bonus": 0.9561270557218584,
    "space_offside_bonus": 1.8641542853402346,
    "space_when_behind_bonus": 1.9406235953225142
  },
  "proxy_score": 0.8145161290322581,
  "snapshot_id": "candidate_0167",
  "source": "proxy_spsa",
  "speed_penalty": 0.5336089860742186
}
