{
  "created_process_s": 4.887785792000001,
  "created_wall_s": 9.998111700988375,
  "label": "spsa_16_plus",
  "objective": 0.7919141624654502,
  "paired_score": 0.0,
  "params": {
    "access_bonus": 1.5667237445584563,
    "china_asia_target_bonus": 1.4608735868159748,
    "china_early_penalty": -2.511652159240945,
    "control_break_bonus": 5.223605541629946,
    "country_battleground_bonus": 7.069451717245586,
    "country_europe_core_bonus": 1.9601176423530573,
    "country_mid_war_entry_bonus": 2.079261715891206,
    "country_non_battleground_bonus": 0.8550295929754729,
    "country_region_scale": 4.959505103923077,
    "country_stability_scale": 0.6995404361653152,
    "country_thailand_early_bonus": 5.826310346259458,
    "coup_battleground_bonus": 2.4695296361420045,
    "coup_defcon2_penalty": -7.655908088884238,
    "coup_defcon3_penalty": -2.9017088886980758,
    "coup_mode_bonus": 3.928469680555984,
    "early_region_weights": [
      0.8813029109003755,
      1.2369784626815898,
      0.919117786811443,
      0.45933158641169036,
      0.5786816862334455,
      0.6095155274965673,
      1.2530374317989623
    ],
    "headline_friendly_bonus": 2.004008220496304,
    "headline_ops_scale": 0.7680651573544025,
    "influence_mode_bonus": 5.818454444433373,
    "late_region_weights": [
      1.1983219888665229,
      0.972656578942914,
      0.9111874869737088,
      1.1102198845735607,
      1.1192691443687088,
      0.8889943403154199,
      0.897593528673518
    ],
    "mid_region_weights": [
      1.0654527962303524,
      1.091422463475081,
      0.9352124269300952,
      0.8072716057319778,
      1.1902240928657526,
      1.2746069970724958,
      0.898739641488526
    ],
    "ops_card_penalty": 0.16901420112610577,
    "realign_base_penalty": -3.824316776843999,
    "realign_country_scale": 0.5992732891592878,
    "realign_defcon2_bonus": 1.8908696066245223,
    "realign_mode_bonus": -0.9299815365977546,
    "space_early_bonus": 0.8174219946488249,
    "space_mode_bonus": 0.9579620899125811,
    "space_offside_bonus": 1.8627780096971924,
    "space_when_behind_bonus": 1.939247319679472
  },
  "proxy_score": 0.8467741935483871,
  "snapshot_id": "candidate_0151",
  "source": "proxy_spsa",
  "speed_penalty": 0.5486003108293693
}
