{
  "created_process_s": 0.270108149,
  "created_wall_s": 5.372507669992046,
  "label": "random_32",
  "objective": 0.799343470024231,
  "paired_score": 0.0,
  "params": {
    "access_bonus": 1.6201914166098899,
    "china_asia_target_bonus": 1.359338335605522,
    "china_early_penalty": -2.372697956009829,
    "control_break_bonus": 5.44088644152537,
    "country_battleground_bonus": 7.024978587423683,
    "country_europe_core_bonus": 1.9866081300414282,
    "country_mid_war_entry_bonus": 2.0150547454090493,
    "country_non_battleground_bonus": 1.295477838334644,
    "country_region_scale": 5.107930391363391,
    "country_stability_scale": 0.6187520198659955,
    "country_thailand_early_bonus": 5.56293986149065,
    "coup_battleground_bonus": 2.8970282191245738,
    "coup_defcon2_penalty": -7.348997064077962,
    "coup_defcon3_penalty": -2.8129978109854026,
    "coup_mode_bonus": 3.767413015699968,
    "early_region_weights": [
      0.6393264217605928,
      1.414938347929513,
      1.1245225183206033,
      0.7174122786015954,
      0.4659396355602697,
      0.6314671071936888,
      1.2635399394140774
    ],
    "headline_friendly_bonus": 1.9709698209146147,
    "headline_ops_scale": 0.6563064966634222,
    "influence_mode_bonus": 5.936925680826891,
    "late_region_weights": [
      0.9713713836733328,
      0.9094957002900459,
      0.9671413339720917,
      1.1039351436497928,
      1.101400091046835,
      1.1596390340833258,
      0.8062801865464192
    ],
    "mid_region_weights": [
      0.957931585001274,
      1.014308012644462,
      1.115113334451007,
      0.8080443303226781,
      1.0962341646339249,
      1.1861358029074074,
      1.0012449900880491
    ],
    "ops_card_penalty": 0.18753622851255508,
    "realign_base_penalty": -4.22457258813267,
    "realign_country_scale": 0.5326616709926433,
    "realign_defcon2_bonus": 2.1174228787511793,
    "realign_mode_bonus": -0.7323439586342404,
    "space_early_bonus": 1.0043436261663332,
    "space_mode_bonus": 0.8591534379265717,
    "space_offside_bonus": 1.933524177346328,
    "space_when_behind_bonus": 1.9526680775254224
  },
  "proxy_score": 0.8145161290322581,
  "snapshot_id": "candidate_0032",
  "source": "random_proxy_search",
  "speed_penalty": 0.1517265900802709
}
