{
  "created_process_s": 0.272169579,
  "created_wall_s": 5.374572193992208,
  "label": "random_36",
  "objective": 0.8126978688599656,
  "paired_score": 0.0,
  "params": {
    "access_bonus": 1.0780297897409756,
    "china_asia_target_bonus": 1.4029782406614,
    "china_early_penalty": -2.4582422177687397,
    "control_break_bonus": 5.282540456842565,
    "country_battleground_bonus": 7.291841682365587,
    "country_europe_core_bonus": 2.060672709804995,
    "country_mid_war_entry_bonus": 2.051634661015286,
    "country_non_battleground_bonus": 1.0201450287928369,
    "country_region_scale": 5.527387925561569,
    "country_stability_scale": 0.7579361211048062,
    "country_thailand_early_bonus": 6.307287442180391,
    "coup_battleground_bonus": 2.4285153770001084,
    "coup_defcon2_penalty": -8.32692227848365,
    "coup_defcon3_penalty": -2.2072715491456636,
    "coup_mode_bonus": 3.7948229526106805,
    "early_region_weights": [
      0.8308153866554184,
      1.4047527725071893,
      1.0819374410484601,
      0.525104722469923,
      0.709106334887331,
      0.804664838635766,
      1.4176916795318646
    ],
    "headline_friendly_bonus": 1.8203894292307172,
    "headline_ops_scale": 0.7573207505479888,
    "influence_mode_bonus": 5.727462955649543,
    "late_region_weights": [
      0.9368540823075359,
      0.8739278819018526,
      0.7705835445094054,
      1.0642372649473708,
      1.0595783847322355,
      0.9423148653170709,
      0.7705888718106282
    ],
    "mid_region_weights": [
      0.8035935950280471,
      1.0586621454606204,
      1.0635933835930638,
      0.9601100929015883,
      1.196525518397419,
      1.196779961086651,
      0.9646324936395556
    ],
    "ops_card_penalty": 0.1112470347943337,
    "realign_base_penalty": -4.110169298675027,
    "realign_country_scale": 0.46432344940887915,
    "realign_defcon2_bonus": 1.981260746911193,
    "realign_mode_bonus": -1.0154436131180522,
    "space_early_bonus": 1.0984798767214738,
    "space_mode_bonus": 0.7615666518711973,
    "space_offside_bonus": 1.8968221607841107,
    "space_when_behind_bonus": 2.0344868836627166
  },
  "proxy_score": 0.8145161290322581,
  "snapshot_id": "candidate_0036",
  "source": "random_proxy_search",
  "speed_penalty": 0.018182601722924963
}
