{
  "created_process_s": 0.313808951,
  "created_wall_s": 5.4163147889921675,
  "label": "random_100",
  "objective": 0.8433802650159017,
  "paired_score": 0.0,
  "params": {
    "access_bonus": 1.6549802129335218,
    "china_asia_target_bonus": 1.3299233006124918,
    "china_early_penalty": -2.510995781862349,
    "control_break_bonus": 5.5199979719064185,
    "country_battleground_bonus": 7.290015927997268,
    "country_europe_core_bonus": 2.0712346800665298,
    "country_mid_war_entry_bonus": 1.9017118146611998,
    "country_non_battleground_bonus": 1.2089729016908421,
    "country_region_scale": 5.265697771756992,
    "country_stability_scale": 0.6234734015959568,
    "country_thailand_early_bonus": 5.920079668943697,
    "coup_battleground_bonus": 2.6667084820820097,
    "coup_defcon2_penalty": -7.994171432872803,
    "coup_defcon3_penalty": -2.4532192622311437,
    "coup_mode_bonus": 3.870360244924837,
    "early_region_weights": [
      0.8581163651917328,
      1.3628434216684762,
      1.0706881081189523,
      0.4810802214518799,
      0.25,
      0.6679900012458164,
      1.2472913708136182
    ],
    "headline_friendly_bonus": 2.0625668831346946,
    "headline_ops_scale": 0.7394477666190639,
    "influence_mode_bonus": 6.306139581649276,
    "late_region_weights": [
      1.0568391827631594,
      0.8646727250785995,
      0.9519571425473017,
      0.935039801827705,
      1.1327756350504963,
      0.8565896445678005,
      0.6962283368750384
    ],
    "mid_region_weights": [
      1.087982411713872,
      1.0031567021642724,
      0.7310538213827871,
      1.121476319239871,
      1.1250244201853343,
      1.2532751422782955,
      0.9419503073876423
    ],
    "ops_card_penalty": 0.147301807528226,
    "realign_base_penalty": -3.6987911655540113,
    "realign_country_scale": 0.6176181369922094,
    "realign_defcon2_bonus": 1.8673668423742311,
    "realign_mode_bonus": -1.2577594001963641,
    "space_early_bonus": 0.8545585828992732,
    "space_mode_bonus": 1.2976184630563752,
    "space_offside_bonus": 2.0378571377428623,
    "space_when_behind_bonus": 1.653630300995929
  },
  "proxy_score": 0.8467741935483871,
  "snapshot_id": "candidate_0100",
  "source": "random_proxy_search",
  "speed_penalty": 0.03393928532485413
}
