{
  "created_process_s": 0.30041681800000003,
  "created_wall_s": 5.402906928997254,
  "label": "random_77",
  "objective": 0.84380520489254,
  "paired_score": 0.0,
  "params": {
    "access_bonus": 1.5377184263063122,
    "china_asia_target_bonus": 1.425523505246858,
    "china_early_penalty": -2.4169408715291993,
    "control_break_bonus": 5.095050828979408,
    "country_battleground_bonus": 6.721941746505822,
    "country_europe_core_bonus": 2.045239737248697,
    "country_mid_war_entry_bonus": 2.0487093237740357,
    "country_non_battleground_bonus": 1.1607473294429425,
    "country_region_scale": 5.098076752158893,
    "country_stability_scale": 0.6065583761621803,
    "country_thailand_early_bonus": 5.97757372489777,
    "coup_battleground_bonus": 2.1910856108457852,
    "coup_defcon2_penalty": -8.238494544993527,
    "coup_defcon3_penalty": -2.2565691716507565,
    "coup_mode_bonus": 4.041258983479715,
    "early_region_weights": [
      0.7304563347136586,
      1.4235410494273641,
      1.0324550160640598,
      0.5718140261412444,
      0.5810205386256283,
      0.6293318439846438,
      1.1277759616591068
    ],
    "headline_friendly_bonus": 2.220912924501209,
    "headline_ops_scale": 0.7852978061159351,
    "influence_mode_bonus": 6.140405401770649,
    "late_region_weights": [
      0.9878330073139296,
      1.1447637561092159,
      0.7703791536840963,
      1.0496303799224747,
      1.2953025800504656,
      1.1250505177114911,
      0.6794247708331368
    ],
    "mid_region_weights": [
      0.9690131916892063,
      0.9295245614149654,
      0.9988741543559772,
      0.9868103224580664,
      1.057697312188269,
      1.1389010039361742,
      0.8182926098637683
    ],
    "ops_card_penalty": 0.1952312085798202,
    "realign_base_penalty": -3.862075055716244,
    "realign_country_scale": 0.6043942596799884,
    "realign_defcon2_bonus": 2.0596427996739375,
    "realign_mode_bonus": -1.195777211911395,
    "space_early_bonus": 0.9231189039882179,
    "space_mode_bonus": 1.0399208014618868,
    "space_offside_bonus": 1.8922110222003918,
    "space_when_behind_bonus": 2.1334756937920556
  },
  "proxy_score": 0.8467741935483871,
  "snapshot_id": "candidate_0077",
  "source": "random_proxy_search",
  "speed_penalty": 0.029689886558472045
}
