{
  "created_process_s": 0.288586572,
  "created_wall_s": 5.391060533991549,
  "label": "random_59",
  "objective": 0.7713212445428559,
  "paired_score": 0.0,
  "params": {
    "access_bonus": 1.5444954325028961,
    "china_asia_target_bonus": 1.3369103978367995,
    "china_early_penalty": -2.2255336716823355,
    "control_break_bonus": 4.944695327346162,
    "country_battleground_bonus": 7.272160671353073,
    "country_europe_core_bonus": 2.0761878565266088,
    "country_mid_war_entry_bonus": 2.0218361492055736,
    "country_non_battleground_bonus": 1.16027813729889,
    "country_region_scale": 4.845303341832947,
    "country_stability_scale": 0.6216323975919008,
    "country_thailand_early_bonus": 5.515716144521067,
    "coup_battleground_bonus": 2.356365284574353,
    "coup_defcon2_penalty": -7.553235276880767,
    "coup_defcon3_penalty": -2.6562787229709657,
    "coup_mode_bonus": 4.605232604305591,
    "early_region_weights": [
      0.782388121432948,
      1.3714944591758746,
      1.0406085214683085,
      0.4184884775416218,
      0.7981880202812099,
      0.8313630581986806,
      1.3073669614860741
    ],
    "headline_friendly_bonus": 2.3419607470299852,
    "headline_ops_scale": 0.7600704682211469,
    "influence_mode_bonus": 5.307348327932933,
    "late_region_weights": [
      1.0558450846918972,
      1.0072623658842919,
      0.8105261307269312,
      0.9876952701984564,
      1.1270202206826347,
      0.9735789866879235,
      0.8273436371652781
    ],
    "mid_region_weights": [
      0.9032349549696238,
      1.0380707837133187,
      0.8774707375673155,
      1.1073492513077312,
      1.046619211187903,
      1.2703188821550668,
      0.8033420387846464
    ],
    "ops_card_penalty": 0.13715530733262818,
    "realign_base_penalty": -4.122948781177944,
    "realign_country_scale": 0.5695205650249465,
    "realign_defcon2_bonus": 1.915129386675055,
    "realign_mode_bonus": -0.7184997024876658,
    "space_early_bonus": 1.0761074460406947,
    "space_mode_bonus": 0.6519627806350323,
    "space_offside_bonus": 1.9897490119560488,
    "space_when_behind_bonus": 2.005488389146725
  },
  "proxy_score": 0.8145161290322581,
  "snapshot_id": "candidate_0059",
  "source": "random_proxy_search",
  "speed_penalty": 0.4319488448940223
}
