{
  "created_process_s": 0.274198313,
  "created_wall_s": 5.376602946998901,
  "label": "random_39",
  "objective": 0.8119182381558948,
  "paired_score": 0.0,
  "params": {
    "access_bonus": 1.4351262289595774,
    "china_asia_target_bonus": 1.4382500023046054,
    "china_early_penalty": -2.489764704486406,
    "control_break_bonus": 5.237533476449213,
    "country_battleground_bonus": 7.191395798102967,
    "country_europe_core_bonus": 1.9522924752229873,
    "country_mid_war_entry_bonus": 1.9658282021903444,
    "country_non_battleground_bonus": 0.8963765389054941,
    "country_region_scale": 5.3050802243394815,
    "country_stability_scale": 0.6651845296901802,
    "country_thailand_early_bonus": 6.092892755903271,
    "coup_battleground_bonus": 2.4588345642400236,
    "coup_defcon2_penalty": -7.861521417129746,
    "coup_defcon3_penalty": -2.1261290019750048,
    "coup_mode_bonus": 3.9941182594399116,
    "early_region_weights": [
      0.8766407133771771,
      1.4876732771486723,
      1.0814608932952126,
      0.658128697419177,
      0.5389745076965716,
      0.8246739032744622,
      1.1276472230608003
    ],
    "headline_friendly_bonus": 1.8339390736192873,
    "headline_ops_scale": 0.7276774573146704,
    "influence_mode_bonus": 6.511627362421327,
    "late_region_weights": [
      1.1150686076892564,
      0.8931600377130348,
      1.0117025920769862,
      0.996914583385151,
      1.0480497984682142,
      1.081094215150392,
      0.7648865188549233
    ],
    "mid_region_weights": [
      1.0105569994669121,
      0.9914815001138962,
      1.1492273252339456,
      0.9483377340490678,
      1.071196736665082,
      1.2083751504927842,
      0.8171243957109817
    ],
    "ops_card_penalty": 0.16697856684133083,
    "realign_base_penalty": -3.5673119674736773,
    "realign_country_scale": 0.5474472282923349,
    "realign_defcon2_bonus": 1.9549047743428911,
    "realign_mode_bonus": -0.7667878128230371,
    "space_early_bonus": 1.1740295899268174,
    "space_mode_bonus": 1.1367149773479732,
    "space_offside_bonus": 1.9671029511293143,
    "space_when_behind_bonus": 1.8332577365428093
  },
  "proxy_score": 0.8145161290322581,
  "snapshot_id": "candidate_0039",
  "source": "random_proxy_search",
  "speed_penalty": 0.02597890876363329
}
