{
  "created_process_s": 0.265567932,
  "created_wall_s": 5.367963561991928,
  "label": "random_25",
  "objective": 0.8145161290322581,
  "paired_score": 0.0,
  "params": {
    "access_bonus": 1.3418864158270334,
    "china_asia_target_bonus": 1.4123245672980733,
    "china_early_penalty": -2.5645298209227616,
    "control_break_bonus": 5.01924220367658,
    "country_battleground_bonus": 7.089307480838643,
    "country_europe_core_bonus": 2.1051279735711987,
    "country_mid_war_entry_bonus": 2.0152899302042426,
    "country_non_battleground_bonus": 1.0221368653662917,
    "country_region_scale": 5.185365862433998,
    "country_stability_scale": 0.6650715917926083,
    "country_thailand_early_bonus": 6.218916930166484,
    "coup_battleground_bonus": 2.8123342675822243,
    "coup_defcon2_penalty": -7.88308519148564,
    "coup_defcon3_penalty": -2.4405876374937776,
    "coup_mode_bonus": 4.266617332676035,
    "early_region_weights": [
      0.8797534689326764,
      1.417001650087561,
      1.0838495571260556,
      0.8308238741412046,
      0.5299708660335549,
      0.7205192507543683,
      1.3904463934570064
    ],
    "headline_friendly_bonus": 1.647722588756566,
    "headline_ops_scale": 0.710865055750804,
    "influence_mode_bonus": 5.800425470179386,
    "late_region_weights": [
      1.0990937474392577,
      1.07096457976717,
      0.8497634756620731,
      1.0574747396205526,
      1.0222266871674512,
      0.9674388949335619,
      0.7343655350542418
    ],
    "mid_region_weights": [
      1.0087877917509025,
      0.9115274516836165,
      0.8512728913122654,
      1.039585218791438,
      1.009074885146962,
      1.1653796769654055,
      0.942529495237976
    ],
    "ops_card_penalty": 0.10906706758271947,
    "realign_base_penalty": -4.045909332166957,
    "realign_country_scale": 0.5937489516192113,
    "realign_defcon2_bonus": 2.079326517968717,
    "realign_mode_bonus": -0.6253303711648592,
    "space_early_bonus": 0.8928058692689984,
    "space_mode_bonus": 1.2789924150776628,
    "space_offside_bonus": 1.9826209271040816,
    "space_when_behind_bonus": 2.0888653999263807
  },
  "proxy_score": 0.8145161290322581,
  "snapshot_id": "candidate_0025",
  "source": "random_proxy_search",
  "speed_penalty": 0.0
}
