{
  "created_process_s": 0.262896795,
  "created_wall_s": 5.365288396991673,
  "label": "random_19",
  "objective": 0.8467741935483871,
  "paired_score": 0.0,
  "params": {
    "access_bonus": 1.547648639909956,
    "china_asia_target_bonus": 1.542487857417671,
    "china_early_penalty": -2.3732106617585327,
    "control_break_bonus": 4.9031609480699325,
    "country_battleground_bonus": 7.195791185351958,
    "country_europe_core_bonus": 1.9172157714315219,
    "country_mid_war_entry_bonus": 2.1457591717571574,
    "country_non_battleground_bonus": 0.9227557266131914,
    "country_region_scale": 5.016851580742497,
    "country_stability_scale": 0.5305553819551241,
    "country_thailand_early_bonus": 6.03221543384099,
    "coup_battleground_bonus": 2.2851717338140394,
    "coup_defcon2_penalty": -7.477841438122894,
    "coup_defcon3_penalty": -2.562781242783696,
    "coup_mode_bonus": 3.8466589189873694,
    "early_region_weights": [
      0.669255060522059,
      1.408343924916411,
      1.126465299485604,
      0.5667371935705502,
      0.5551825989674865,
      0.859750855524675,
      1.1469649791419647
    ],
    "headline_friendly_bonus": 2.1111597557217987,
    "headline_ops_scale": 0.6204835850041559,
    "influence_mode_bonus": 5.753601663048372,
    "late_region_weights": [
      0.9691487334624441,
      0.8703713260074233,
      0.9166770951294195,
      0.8729994743446557,
      1.2184922587296145,
      0.8823972980899044,
      0.7072586005455719
    ],
    "mid_region_weights": [
      1.0678054214049069,
      0.9039163194078322,
      1.0734443538817093,
      0.8305788019313676,
      1.3159019863404786,
      1.3049372231573868,
      0.9200836312271098
    ],
    "ops_card_penalty": 0.14354273458564706,
    "realign_base_penalty": -4.0544366332935695,
    "realign_country_scale": 0.5763543674219855,
    "realign_defcon2_bonus": 1.9682078650969699,
    "realign_mode_bonus": -0.9202957427964954,
    "space_early_bonus": 1.0110169549619108,
    "space_mode_bonus": 1.1859964410295656,
    "space_offside_bonus": 2.3718347299239357,
    "space_when_behind_bonus": 2.350258181131904
  },
  "proxy_score": 0.8467741935483871,
  "snapshot_id": "candidate_0019",
  "source": "random_proxy_search",
  "speed_penalty": 0.0
}
