{
  "created_process_s": 0.32438798,
  "created_wall_s": 5.426906660999521,
  "label": "random_119",
  "objective": 0.8467741935483871,
  "paired_score": 0.0,
  "params": {
    "access_bonus": 1.6746172311695362,
    "china_asia_target_bonus": 1.4818712716495035,
    "china_early_penalty": -2.3574672782250534,
    "control_break_bonus": 4.8422901068309665,
    "country_battleground_bonus": 6.768840008871783,
    "country_europe_core_bonus": 2.1334719195726457,
    "country_mid_war_entry_bonus": 2.131703182761546,
    "country_non_battleground_bonus": 0.9863249479118544,
    "country_region_scale": 5.1385417701395415,
    "country_stability_scale": 0.603484455329836,
    "country_thailand_early_bonus": 5.668626417845289,
    "coup_battleground_bonus": 2.255279908203626,
    "coup_defcon2_penalty": -7.867099768881588,
    "coup_defcon3_penalty": -2.6161464898966016,
    "coup_mode_bonus": 3.950800497304994,
    "early_region_weights": [
      0.8631543266258541,
      1.3492698892370352,
      1.1565414326846144,
      0.6147907151322967,
      0.7573505620431018,
      0.7153622346309356,
      1.35343251391985
    ],
    "headline_friendly_bonus": 2.0390160292052,
    "headline_ops_scale": 0.7508094434714205,
    "influence_mode_bonus": 6.293139625356086,
    "late_region_weights": [
      1.164753756473202,
      0.8880025364774897,
      1.0151237020073693,
      1.070691600947097,
      1.1163980734001453,
      1.0485927436732851,
      0.7748259239377602
    ],
    "mid_region_weights": [
      0.8522952888949282,
      1.015863938115153,
      0.7645107804758124,
      0.8463528975000997,
      1.312103432938193,
      1.211473175345389,
      1.0570962648187798
    ],
    "ops_card_penalty": 0.10708126285711861,
    "realign_base_penalty": -3.594926947356615,
    "realign_country_scale": 0.5545404306268791,
    "realign_defcon2_bonus": 1.9734126922301083,
    "realign_mode_bonus": -1.3321969967258744,
    "space_early_bonus": 0.9743561790351649,
    "space_mode_bonus": 0.731783771672083,
    "space_offside_bonus": 2.135926665417488,
    "space_when_behind_bonus": 1.8321804447471708
  },
  "proxy_score": 0.8467741935483871,
  "snapshot_id": "candidate_0119",
  "source": "random_proxy_search",
  "speed_penalty": 0.0
}
