{
  "created_process_s": 0.27814797,
  "created_wall_s": 5.380557170996326,
  "label": "random_45",
  "objective": 0.7806797745263271,
  "paired_score": 0.0,
  "params": {
    "access_bonus": 1.6665629165370883,
    "china_asia_target_bonus": 1.51769734892541,
    "china_early_penalty": -2.7122897024990316,
    "control_break_bonus": 5.4524441758622375,
    "country_battleground_bonus": 6.528103814931703,
    "country_europe_core_bonus": 2.232748800414049,
    "country_mid_war_entry_bonus": 2.054834351461951,
    "country_non_battleground_bonus": 0.969602071946913,
    "country_region_scale": 5.411419462558657,
    "country_stability_scale": 0.6002077491019792,
    "country_thailand_early_bonus": 6.0250905622859525,
    "coup_battleground_bonus": 2.6151257052499033,
    "coup_defcon2_penalty": -7.809828075010737,
    "coup_defcon3_penalty": -2.641983619553607,
    "coup_mode_bonus": 4.435769276424416,
    "early_region_weights": [
      0.6821931106300179,
      1.4038511040695918,
      1.0278922438436762,
      0.5096711669746493,
      0.6322284928578398,
      0.5886368649975641,
      1.0937796774225443
    ],
    "headline_friendly_bonus": 1.9465179777197468,
    "headline_ops_scale": 0.8596367974388651,
    "influence_mode_bonus": 6.082416459258839,
    "late_region_weights": [
      1.217658950690612,
      0.9140100805079203,
      1.1131859497078764,
      1.1636724141847914,
      1.00843424509106,
      1.0623524584995356,
      0.793873886777853
    ],
    "mid_region_weights": [
      0.9174309488452733,
      0.9792736419622016,
      1.1183035414128921,
      1.132071284289943,
      1.1373631783013496,
      1.1191983100685188,
      0.8199491754067785
    ],
    "ops_card_penalty": 0.11291123253634539,
    "realign_base_penalty": -4.053759485279264,
    "realign_country_scale": 0.5399485139195878,
    "realign_defcon2_bonus": 1.9608499652721396,
    "realign_mode_bonus": -0.6833217020468572,
    "space_early_bonus": 0.9756673446043078,
    "space_mode_bonus": 1.2361059202418363,
    "space_offside_bonus": 2.1020089114248384,
    "space_when_behind_bonus": 2.0987921439496615
  },
  "proxy_score": 0.782258064516129,
  "snapshot_id": "candidate_0045",
  "source": "random_proxy_search",
  "speed_penalty": 0.015782899898019398
}
