{
  "created_process_s": 0.27118190600000003,
  "created_wall_s": 5.373583285996574,
  "label": "random_34",
  "objective": 0.782258064516129,
  "paired_score": 0.0,
  "params": {
    "access_bonus": 1.5471883059605056,
    "china_asia_target_bonus": 1.316408942183818,
    "china_early_penalty": -2.678050885591473,
    "control_break_bonus": 4.851953386796438,
    "country_battleground_bonus": 7.182726603921094,
    "country_europe_core_bonus": 2.0873330249302313,
    "country_mid_war_entry_bonus": 2.042473503617804,
    "country_non_battleground_bonus": 1.0007923612617546,
    "country_region_scale": 5.341791184340521,
    "country_stability_scale": 0.718558828286566,
    "country_thailand_early_bonus": 5.879258449757377,
    "coup_battleground_bonus": 2.3445219312566996,
    "coup_defcon2_penalty": -8.086243477639036,
    "coup_defcon3_penalty": -2.2544841723108324,
    "coup_mode_bonus": 4.38123476070669,
    "early_region_weights": [
      0.8404782856927696,
      1.2312928668499448,
      1.0000544690507873,
      0.7072579980663813,
      0.5342406776810195,
      0.6732219578506187,
      1.3811940711995296
    ],
    "headline_friendly_bonus": 1.8995226187284184,
    "headline_ops_scale": 0.7290010652519525,
    "influence_mode_bonus": 5.5953117164496415,
    "late_region_weights": [
      1.070476668102473,
      0.8121102480192116,
      0.9912420205493694,
      1.1644201384732538,
      1.0976978768724313,
      0.9909464047093979,
      0.9708381276699213
    ],
    "mid_region_weights": [
      1.003999901906777,
      1.018525645806918,
      0.9962956380285265,
      0.9288871438788996,
      1.265620960827142,
      1.2097047923082744,
      0.7497531335878923
    ],
    "ops_card_penalty": 0.1101415112418406,
    "realign_base_penalty": -4.3698900649634655,
    "realign_country_scale": 0.4830046317378977,
    "realign_defcon2_bonus": 2.0657856186916983,
    "realign_mode_bonus": -1.1607940824047787,
    "space_early_bonus": 0.8731138055189887,
    "space_mode_bonus": 0.9140303121935216,
    "space_offside_bonus": 2.0934193752616794,
    "space_when_behind_bonus": 2.1742339789609773
  },
  "proxy_score": 0.782258064516129,
  "snapshot_id": "candidate_0034",
  "source": "random_proxy_search",
  "speed_penalty": 0.0
}
