{
  "created_process_s": 0.32111578,
  "created_wall_s": 5.423630687990226,
  "label": "random_113",
  "objective": 0.8145161290322581,
  "paired_score": 0.0,
  "params": {
    "access_bonus": 1.4956435986976302,
    "china_asia_target_bonus": 1.499265385953543,
    "china_early_penalty": -2.4695255377280576,
    "control_break_bonus": 5.3595843630417805,
    "country_battleground_bonus": 6.9078462635492635,
    "country_europe_core_bonus": 2.1747588335669947,
    "country_mid_war_entry_bonus": 1.947691592675436,
    "country_non_battleground_bonus": 1.0038458718375232,
    "country_region_scale": 4.785461857657472,
    "country_stability_scale": 0.6302963192370199,
    "country_thailand_early_bonus": 5.940058518954599,
    "coup_battleground_bonus": 2.4828558326575174,
    "coup_defcon2_penalty": -7.599513236187048,
    "coup_defcon3_penalty": -2.200679579777866,
    "coup_mode_bonus": 4.239724398271387,
    "early_region_weights": [
      0.9184777571603479,
      1.2408467492208077,
      1.0004260122466275,
      0.42433982329024983,
      0.38397351123858137,
      0.4804058560540473,
      1.3034208454991945
    ],
    "headline_friendly_bonus": 2.0535108183370934,
    "headline_ops_scale": 0.7053907065341865,
    "influence_mode_bonus": 5.6568503697807335,
    "late_region_weights": [
      0.9024271209533978,
      1.0054479575397377,
      0.9328564005268618,
      1.1092213395943367,
      1.1410870987793942,
      1.0587662305763177,
      0.7831732696391845
    ],
    "mid_region_weights": [
      0.739264948237095,
      0.9782212029029166,
      1.1024544243514103,
      1.0184352246693975,
      1.1146406931353947,
      1.1912056284683086,
      0.7722653452826357
    ],
    "ops_card_penalty": 0.15646186043156277,
    "realign_base_penalty": -4.048796133247316,
    "realign_country_scale": 0.607947020760295,
    "realign_defcon2_bonus": 2.1013621310909065,
    "realign_mode_bonus": -0.6369683667432654,
    "space_early_bonus": 1.1908034733520785,
    "space_mode_bonus": 1.084039176288784,
    "space_offside_bonus": 1.7793994441843168,
    "space_when_behind_bonus": 2.0577275674230564
  },
  "proxy_score": 0.8145161290322581,
  "snapshot_id": "candidate_0113",
  "source": "random_proxy_search",
  "speed_penalty": 0.0
}
