{
  "created_process_s": 0.304644493,
  "created_wall_s": 5.407139273986104,
  "label": "random_84",
  "objective": 0.8145161290322581,
  "paired_score": 0.0,
  "params": {
    "access_bonus": 1.4583364992501155,
    "china_asia_target_bonus": 1.4615924625803767,
    "china_early_penalty": -2.4084868037415945,
    "control_break_bonus": 5.039622145134667,
    "country_battleground_bonus": 6.942861601915653,
    "country_europe_core_bonus": 2.085097291214456,
    "country_mid_war_entry_bonus": 2.1265506623531074,
    "country_non_battleground_bonus": 1.0673881792893818,
    "country_region_scale": 5.163343063475153,
    "country_stability_scale": 0.550072549993498,
    "country_thailand_early_bonus": 6.10612889967558,
    "coup_battleground_bonus": 2.447378694865497,
    "coup_defcon2_penalty": -7.828489826900981,
    "coup_defcon3_penalty": -2.4199536568661855,
    "coup_mode_bonus": 4.339971507921082,
    "early_region_weights": [
      0.7530860328609807,
      1.3707381858788514,
      0.9242344227490715,
      0.6124032468681004,
      0.5688162849144105,
      0.6994924485633405,
      1.06380552533723
    ],
    "headline_friendly_bonus": 2.1494333941590953,
    "headline_ops_scale": 0.7645863192783021,
    "influence_mode_bonus": 5.953570250251402,
    "late_region_weights": [
      1.12050535157338,
      0.9296628451911144,
      1.0778668760566812,
      1.1739563350020765,
      1.026681246729323,
      0.7655497437315597,
      1.012015196595677
    ],
    "mid_region_weights": [
      0.8822988687999727,
      1.0001027235065232,
      1.1972098900374304,
      0.8130321458959361,
      1.2460080377497609,
      1.2306215249018646,
      0.704196751750152
    ],
    "ops_card_penalty": 0.15240226026617693,
    "realign_base_penalty": -3.9845459721986245,
    "realign_country_scale": 0.5163591007494366,
    "realign_defcon2_bonus": 1.9387436897911785,
    "realign_mode_bonus": -0.9549641271598981,
    "space_early_bonus": 1.0542313974902282,
    "space_mode_bonus": 1.2917519037826644,
    "space_offside_bonus": 2.1741344210487736,
    "space_when_behind_bonus": 1.6786485161736477
  },
  "proxy_score": 0.8145161290322581,
  "snapshot_id": "candidate_0084",
  "source": "random_proxy_search",
  "speed_penalty": 0.0
}
