{
  "created_process_s": 0.28971377800000003,
  "created_wall_s": 5.392190419996041,
  "label": "random_60",
  "objective": 0.7604274879351908,
  "paired_score": 0.0,
  "params": {
    "access_bonus": 1.4868319535732064,
    "china_asia_target_bonus": 1.5070422084782618,
    "china_early_penalty": -2.5943052886120417,
    "control_break_bonus": 4.970541868462544,
    "country_battleground_bonus": 6.9947119871168395,
    "country_europe_core_bonus": 2.0341869756909245,
    "country_mid_war_entry_bonus": 1.8047517742836243,
    "country_non_battleground_bonus": 1.0275056767227133,
    "country_region_scale": 4.862393621749283,
    "country_stability_scale": 0.6091860433779388,
    "country_thailand_early_bonus": 5.728383120665799,
    "coup_battleground_bonus": 2.318419204440443,
    "coup_defcon2_penalty": -7.915896160875314,
    "coup_defcon3_penalty": -2.683307624886592,
    "coup_mode_bonus": 3.7034251550374684,
    "early_region_weights": [
      0.8510805111015984,
      1.4715477536987436,
      1.1736733284157748,
      0.7551440656560974,
      0.5571053977174356,
      0.6100660377576776,
      1.3190821601226106
    ],
    "headline_friendly_bonus": 1.740969055245044,
    "headline_ops_scale": 0.7176002207786514,
    "influence_mode_bonus": 6.130287190545718,
    "late_region_weights": [
      1.1669605272266312,
      0.9494348632739089,
      1.0148664560646528,
      1.0172791670411208,
      0.9071153819687442,
      0.9249886765601862,
      0.7467782697556534
    ],
    "mid_region_weights": [
      0.9556002173508887,
      1.0753045458180681,
      0.8870945447229714,
      1.142162534359172,
      1.1367120139143476,
      1.1672439288041734,
      0.9285975438597358
    ],
    "ops_card_penalty": 0.17551250137357613,
    "realign_base_penalty": -3.68214130573911,
    "realign_country_scale": 0.5003370511867576,
    "realign_defcon2_bonus": 2.1628207956496146,
    "realign_mode_bonus": -0.8120085226442907,
    "space_early_bonus": 1.009331535692389,
    "space_mode_bonus": 0.7074387264707407,
    "space_offside_bonus": 1.9277357442248118,
    "space_when_behind_bonus": 2.3229431642988403
  },
  "proxy_score": 0.8145161290322581,
  "snapshot_id": "candidate_0060",
  "source": "random_proxy_search",
  "speed_penalty": 0.5408864109706737
}
