{
  "created_process_s": 0.263286673,
  "created_wall_s": 5.365679470996838,
  "label": "random_20",
  "objective": 0.8145161290322581,
  "paired_score": 0.0,
  "params": {
    "access_bonus": 1.3447109514694966,
    "china_asia_target_bonus": 1.543156794561904,
    "china_early_penalty": -2.488150443200819,
    "control_break_bonus": 4.617999846412162,
    "country_battleground_bonus": 6.949794560230676,
    "country_europe_core_bonus": 1.978722201793039,
    "country_mid_war_entry_bonus": 2.000007011293248,
    "country_non_battleground_bonus": 1.0336159129338631,
    "country_region_scale": 5.155943409113613,
    "country_stability_scale": 0.5902925596670766,
    "country_thailand_early_bonus": 6.260431135571512,
    "coup_battleground_bonus": 1.7643701420147828,
    "coup_defcon2_penalty": -7.097639138007518,
    "coup_defcon3_penalty": -2.613338366948183,
    "coup_mode_bonus": 4.3007239169485585,
    "early_region_weights": [
      0.9137762382451589,
      1.25269785655148,
      1.1743402872416344,
      0.5009226448812125,
      0.6179313763258216,
      0.6208997562526554,
      1.2683240839657746
    ],
    "headline_friendly_bonus": 2.4046229954762546,
    "headline_ops_scale": 0.8046693258769403,
    "influence_mode_bonus": 5.802711547022706,
    "late_region_weights": [
      1.0726944762010884,
      0.9638888276944236,
      0.8947599260166412,
      1.1091419459496634,
      1.1680230847231887,
      1.0445866192302247,
      0.8364318199680678
    ],
    "mid_region_weights": [
      0.9461532311387445,
      0.9463832550652054,
      0.9223625185412427,
      0.9712190771743838,
      1.3777775302844881,
      1.3326746563379952,
      0.8837579697254954
    ],
    "ops_card_penalty": 0.16470189867284388,
    "realign_base_penalty": -3.8909271435249027,
    "realign_country_scale": 0.5674045600557779,
    "realign_defcon2_bonus": 2.008804336147537,
    "realign_mode_bonus": -1.162558952264222,
    "space_early_bonus": 1.1118359920528376,
    "space_mode_bonus": 0.593496105737606,
    "space_offside_bonus": 2.034212194372515,
    "space_when_behind_bonus": 1.8560061957921676
  },
  "proxy_score": 0.8145161290322581,
  "snapshot_id": "candidate_0020",
  "source": "random_proxy_search",
  "speed_penalty": 0.0
}
