{
  "created_process_s": 2.220179484,
  "created_wall_s": 7.324964631989133,
  "label": "spsa_6_plus",
  "objective": 0.7852681676884248,
  "paired_score": 0.0,
  "params": {
    "access_bonus": 1.5864711932723723,
    "china_asia_target_bonus": 1.4477086210066976,
    "china_early_penalty": -2.4853222276223907,
    "control_break_bonus": 5.184110644202115,
    "country_battleground_bonus": 7.061539302722394,
    "country_europe_core_bonus": 1.9632826081623347,
    "country_mid_war_entry_bonus": 2.0824266817004835,
    "country_non_battleground_bonus": 0.8597770416893888,
    "country_region_scale": 4.926592689399884,
    "country_stability_scale": 0.7011229190699539,
    "country_thailand_early_bonus": 5.819980414640903,
    "coup_battleground_bonus": 2.44319970452345,
    "coup_defcon2_penalty": -7.643248225647128,
    "coup_defcon3_penalty": -2.8687964741748826,
    "coup_mode_bonus": 3.918974783128152,
    "early_region_weights": [
      0.8844678767096528,
      1.250143428490867,
      0.9059528210021657,
      0.4461666206024131,
      0.5918466520427228,
      0.6126804933058446,
      1.2562023976082397
    ],
    "headline_friendly_bonus": 1.999260771782388,
    "headline_ops_scale": 0.7614826744497639,
    "influence_mode_bonus": 5.808959547005541,
    "late_region_weights": [
      1.1951570230572455,
      0.9858215447521913,
      0.914352452782986,
      1.1070549187642833,
      1.1061041785594317,
      0.9021593061246972,
      0.9107584944827953
    ],
    "mid_region_weights": [
      1.0786177620396296,
      1.078257497665804,
      0.9483773927393725,
      0.820436571541255,
      1.1770591270564754,
      1.2777719628817732,
      0.8955746756792488
    ],
    "ops_card_penalty": 0.17296369086888894,
    "realign_base_penalty": -3.8322291913671918,
    "realign_country_scale": 0.6008557720639265,
    "realign_defcon2_bonus": 1.9106170553384383,
    "realign_mode_bonus": -0.9036516049792,
    "space_early_bonus": 0.8305869604581022,
    "space_mode_bonus": 0.9316321582940266,
    "space_offside_bonus": 1.8580305609832766,
    "space_when_behind_bonus": 1.958994768393388
  },
  "proxy_score": 0.8467741935483871,
  "snapshot_id": "candidate_0131",
  "source": "proxy_spsa",
  "speed_penalty": 0.615060258599623
}
