{
  "created_process_s": 0.250407848,
  "created_wall_s": 5.352780434986926,
  "label": "random_1",
  "objective": 0.8427486826600162,
  "paired_score": 0.0,
  "params": {
    "access_bonus": 1.4957255067092756,
    "china_asia_target_bonus": 1.4976644875959044,
    "china_early_penalty": -2.5288463852495853,
    "control_break_bonus": 4.711157121060209,
    "country_battleground_bonus": 7.200169194265046,
    "country_europe_core_bonus": 2.154635896089671,
    "country_mid_war_entry_bonus": 2.1457584118079773,
    "country_non_battleground_bonus": 0.7194763182917576,
    "country_region_scale": 4.679164729119923,
    "country_stability_scale": 0.5954186884417461,
    "country_thailand_early_bonus": 6.125410218118679,
    "coup_battleground_bonus": 2.4038413083989347,
    "coup_defcon2_penalty": -8.295511446998843,
    "coup_defcon3_penalty": -2.2459645763570983,
    "coup_mode_bonus": 3.835115913395695,
    "early_region_weights": [
      1.026463411389276,
      1.3997487157928779,
      0.94301758620245,
      0.6616336770465916,
      0.6645834734396028,
      0.6323417328216883,
      1.3857540460961335
    ],
    "headline_friendly_bonus": 2.0581525659492685,
    "headline_ops_scale": 0.7337427632921324,
    "influence_mode_bonus": 5.6883156681410965,
    "late_region_weights": [
      1.026090690480671,
      1.0692271040313388,
      0.8078752907061232,
      1.0204543544478182,
      1.2323533817623689,
      1.094120759887685,
      0.717940976579703
    ],
    "mid_region_weights": [
      0.8897037344313252,
      1.1407257876481955,
      1.0684680811091665,
      0.981111542196819,
      1.1068400367622382,
      1.2111743113962463,
      0.7764396769251896
    ],
    "ops_card_penalty": 0.12775155591137036,
    "realign_base_penalty": -4.348287672527814,
    "realign_country_scale": 0.5323542865119988,
    "realign_defcon2_bonus": 1.8609986008200292,
    "realign_mode_bonus": -1.0339986691879757,
    "space_early_bonus": 1.0964671978367477,
    "space_mode_bonus": 0.987607083157808,
    "space_offside_bonus": 2.0976778506098515,
    "space_when_behind_bonus": 1.956161674658512
  },
  "proxy_score": 0.8467741935483871,
  "snapshot_id": "candidate_0001",
  "source": "random_proxy_search",
  "speed_penalty": 0.04025510888370909
}
