{
  "created_process_s": 4.251497438,
  "created_wall_s": 9.361143088986864,
  "label": "spsa_13_minus",
  "objective": 0.788999789871896,
  "paired_score": 0.0,
  "params": {
    "access_bonus": 1.565903241615078,
    "china_asia_target_bonus": 1.4614205887782272,
    "china_early_penalty": -2.4905581553164406,
    "control_break_bonus": 5.19196453574319,
    "country_battleground_bonus": 7.095819222151217,
    "country_europe_core_bonus": 1.949570640390805,
    "country_mid_war_entry_bonus": 2.0798087178534583,
    "country_non_battleground_bonus": 0.8392090900320945,
    "country_region_scale": 4.933137599017447,
    "country_stability_scale": 0.6942669351841891,
    "country_thailand_early_bonus": 5.8252163423349534,
    "coup_battleground_bonus": 2.4484356322175,
    "coup_defcon2_penalty": -7.698096096733247,
    "coup_defcon3_penalty": -2.9030763936037065,
    "coup_mode_bonus": 3.9601106864427407,
    "early_region_weights": [
      0.8818499128626278,
      1.2364314607193374,
      0.9085707848491906,
      0.45987858837394263,
      0.5781346842711932,
      0.598968525534315,
      1.24249042983671
    ],
    "headline_friendly_bonus": 2.0198287234396823,
    "headline_ops_scale": 0.7683386583355287,
    "influence_mode_bonus": 5.816813438546616,
    "late_region_weights": [
      1.1977749869042704,
      0.9721095769806617,
      0.9117344889359611,
      1.1096728826113083,
      1.1087221424064566,
      0.8995413422776722,
      0.8970465267112657
    ],
    "mid_region_weights": [
      1.0759997981926046,
      1.0808754615128289,
      0.9346654249678429,
      0.8067246037697254,
      1.1796770909035004,
      1.2751539990347482,
      0.9092866434507784
    ],
    "ops_card_penalty": 0.16885010053743008,
    "realign_base_penalty": -3.8256842817496297,
    "realign_country_scale": 0.5939997881781617,
    "realign_defcon2_bonus": 1.9066901095679007,
    "realign_mode_bonus": -0.9088875326732501,
    "space_early_bonus": 0.8168749926865726,
    "space_mode_bonus": 0.9368680859880766,
    "space_offside_bonus": 1.861957506753814,
    "space_when_behind_bonus": 1.9384268167360936
  },
  "proxy_score": 0.8467741935483871,
  "snapshot_id": "candidate_0146",
  "source": "proxy_spsa",
  "speed_penalty": 0.5777440367649116
}
