{
  "created_process_s": 0.32324531,
  "created_wall_s": 5.425762603990734,
  "label": "random_117",
  "objective": 0.8467741935483871,
  "paired_score": 0.0,
  "params": {
    "access_bonus": 1.7212834901878726,
    "china_asia_target_bonus": 1.476786603183986,
    "china_early_penalty": -2.4838037418331846,
    "control_break_bonus": 4.797649049905167,
    "country_battleground_bonus": 7.226327195088711,
    "country_europe_core_bonus": 2.005203368640076,
    "country_mid_war_entry_bonus": 2.0489750534204005,
    "country_non_battleground_bonus": 0.9401041639335584,
    "country_region_scale": 4.893575721035179,
    "country_stability_scale": 0.5654453128007483,
    "country_thailand_early_bonus": 6.061020184198844,
    "coup_battleground_bonus": 2.3574106209137273,
    "coup_defcon2_penalty": -7.955390320332637,
    "coup_defcon3_penalty": -2.58325101803283,
    "coup_mode_bonus": 4.112667955395124,
    "early_region_weights": [
      0.8243179771735052,
      1.3130643079520412,
      1.1034089461030356,
      0.7120486661132273,
      0.4523173606003533,
      0.6751116455473594,
      1.2340666835270404
    ],
    "headline_friendly_bonus": 1.7846066789605364,
    "headline_ops_scale": 0.7500637125198808,
    "influence_mode_bonus": 6.017176529589887,
    "late_region_weights": [
      1.1713319041161139,
      0.8868701943773082,
      0.9937031984361767,
      1.2364378605369462,
      0.8926838516772914,
      0.9830405060350699,
      0.7097154603214645
    ],
    "mid_region_weights": [
      0.8857763529688794,
      1.018501400922642,
      0.8607159427662835,
      0.8833164988381995,
      1.3655071928004585,
      1.1414096443470945,
      1.0045682996859324
    ],
    "ops_card_penalty": 0.10315620577016464,
    "realign_base_penalty": -4.280365163573436,
    "realign_country_scale": 0.5821083788974506,
    "realign_defcon2_bonus": 2.108050780301257,
    "realign_mode_bonus": -1.2420108565272499,
    "space_early_bonus": 1.0070356604917956,
    "space_mode_bonus": 0.8171550380790009,
    "space_offside_bonus": 1.8365972603469558,
    "space_when_behind_bonus": 2.088504249164174
  },
  "proxy_score": 0.8467741935483871,
  "snapshot_id": "candidate_0117",
  "source": "random_proxy_search",
  "speed_penalty": 0.0
}
