{
  "created_process_s": 0.259622412,
  "created_wall_s": 5.362010704993736,
  "label": "random_14",
  "objective": 0.8145161290322581,
  "paired_score": 0.0,
  "params": {
    "access_bonus": 1.3922347326851428,
    "china_asia_target_bonus": 1.4571038161157017,
    "china_early_penalty": -2.6767419091776525,
    "control_break_bonus": 4.993791970041139,
    "country_battleground_bonus": 6.75493561699812,
    "country_europe_core_bonus": 2.1025164416556543,
    "country_mid_war_entry_bonus": 2.2810632246677667,
    "country_non_battleground_bonus": 1.2653087139671735,
    "country_region_scale": 4.851913942627943,
    "country_stability_scale": 0.6488454375385677,
    "country_thailand_early_bonus": 5.764694088953358,
    "coup_battleground_bonus": 2.4772469751576174,
    "coup_defcon2_penalty": -8.248277368501851,
    "coup_defcon3_penalty": -2.4276459919048383,
    "coup_mode_bonus": 3.8996203913227663,
    "early_region_weights": [
      0.8742442983566421,
      1.329653131516486,
      1.1243652225167475,
      0.5896824744389649,
      0.7045373385429339,
      0.3993964776027374,
      1.328802784979349
    ],
    "headline_friendly_bonus": 2.0989932140971947,
    "headline_ops_scale": 0.7265074189301115,
    "influence_mode_bonus": 5.938660491057873,
    "late_region_weights": [
      1.1779683639458725,
      0.9589555434655518,
      0.7641309306362745,
      1.0515660675130452,
      1.188180559152634,
      0.9709677660886277,
      0.790681481310223
    ],
    "mid_region_weights": [
      0.8749125882645467,
      1.0251418647733934,
      1.0574686194067815,
      1.0644128088046396,
      1.144959666567909,
      1.1618849067159105,
      1.0907337290018975
    ],
    "ops_card_penalty": 0.1387228120024389,
    "realign_base_penalty": -4.233011842125028,
    "realign_country_scale": 0.5573793744511899,
    "realign_defcon2_bonus": 2.155629003020354,
    "realign_mode_bonus": -0.8931458322346536,
    "space_early_bonus": 1.0151762021224346,
    "space_mode_bonus": 1.0617915192605882,
    "space_offside_bonus": 1.8682679018233055,
    "space_when_behind_bonus": 1.8980198525061296
  },
  "proxy_score": 0.8145161290322581,
  "snapshot_id": "candidate_0014",
  "source": "random_proxy_search",
  "speed_penalty": 0.0
}
