{
  "created_process_s": 0.280135774,
  "created_wall_s": 5.382547518995125,
  "label": "random_49",
  "objective": 0.8145161290322581,
  "paired_score": 0.0,
  "params": {
    "access_bonus": 1.2211729644990763,
    "china_asia_target_bonus": 1.5845030748645432,
    "china_early_penalty": -2.8294767041437203,
    "control_break_bonus": 5.29624636609456,
    "country_battleground_bonus": 6.682115211108957,
    "country_europe_core_bonus": 2.0354108749863458,
    "country_mid_war_entry_bonus": 2.180655274361735,
    "country_non_battleground_bonus": 0.8530143567974953,
    "country_region_scale": 5.056053530350235,
    "country_stability_scale": 0.5698613262614571,
    "country_thailand_early_bonus": 5.7997746705883655,
    "coup_battleground_bonus": 2.33307565809271,
    "coup_defcon2_penalty": -7.845951153080718,
    "coup_defcon3_penalty": -2.546376149822143,
    "coup_mode_bonus": 4.093877791682021,
    "early_region_weights": [
      0.9916654219115232,
      1.479102128214865,
      1.141734700852814,
      0.653705199560711,
      0.5846035177480429,
      0.665401175601543,
      1.1462748277230128
    ],
    "headline_friendly_bonus": 1.883648713796547,
    "headline_ops_scale": 0.7004888138666364,
    "influence_mode_bonus": 5.764751836870022,
    "late_region_weights": [
      1.1108600590878646,
      0.924818339861621,
      0.8391454764447884,
      1.2700710173997394,
      1.2438571742624682,
      1.018228196711617,
      0.6848290319021308
    ],
    "mid_region_weights": [
      1.0048638062997086,
      1.1058597988455527,
      1.1717288791608025,
      0.8239540331608615,
      1.4523548645083786,
      1.2158786950983855,
      0.9396771437452766
    ],
    "ops_card_penalty": 0.1597462609431437,
    "realign_base_penalty": -4.236671832986022,
    "realign_country_scale": 0.5623775920681335,
    "realign_defcon2_bonus": 1.9475891704424102,
    "realign_mode_bonus": -1.0855610294801412,
    "space_early_bonus": 0.9975073981035846,
    "space_mode_bonus": 1.105770250992161,
    "space_offside_bonus": 2.115403686755417,
    "space_when_behind_bonus": 1.8017298247632612
  },
  "proxy_score": 0.8145161290322581,
  "snapshot_id": "candidate_0049",
  "source": "random_proxy_search",
  "speed_penalty": 0.0
}
