{
  "created_process_s": 3.579058362,
  "created_wall_s": 8.687923327990575,
  "label": "spsa_11_plus",
  "objective": 0.7848946861023617,
  "paired_score": 0.0,
  "params": {
    "access_bonus": 1.5651784042211234,
    "china_asia_target_bonus": 1.4498433599244196,
    "china_early_penalty": -2.513712613024056,
    "control_break_bonus": 5.190514860955281,
    "country_battleground_bonus": 7.097027284474475,
    "country_europe_core_bonus": 1.949087415461502,
    "country_mid_war_entry_bonus": 2.0802919427827615,
    "country_non_battleground_bonus": 0.83848425263814,
    "country_region_scale": 4.962080671151965,
    "country_stability_scale": 0.700055549611093,
    "country_thailand_early_bonus": 5.824249892476347,
    "coup_battleground_bonus": 2.4715900899251153,
    "coup_defcon2_penalty": -7.651787181318016,
    "coup_defcon3_penalty": -2.8741333214691873,
    "coup_mode_bonus": 3.96156036123065,
    "early_region_weights": [
      0.8702726840088202,
      1.248008689573145,
      0.9201480137029983,
      0.46036181330324566,
      0.5776514593418902,
      0.598485300605012,
      1.2540676586905177
    ],
    "headline_friendly_bonus": 2.002462880158971,
    "headline_ops_scale": 0.7625500439086249,
    "influence_mode_bonus": 5.815363763758707,
    "late_region_weights": [
      1.1972917619749675,
      0.9836868058344693,
      0.9001572600821535,
      1.1091896576820053,
      1.1082389174771536,
      0.8879641134238646,
      0.8965633017819628
    ],
    "mid_region_weights": [
      1.064422569338797,
      1.080392236583526,
      0.9341822000385399,
      0.8183018326235331,
      1.1791938659741974,
      1.2756372239640512,
      0.8977094145969707
    ],
    "ops_card_penalty": 0.16870513305863918,
    "realign_base_penalty": -3.826892344072887,
    "realign_country_scale": 0.5937581757135102,
    "realign_defcon2_bonus": 1.8893242662871894,
    "realign_mode_bonus": -0.907921082814644,
    "space_early_bonus": 0.8284522215403802,
    "space_mode_bonus": 0.9359016361294705,
    "space_offside_bonus": 1.8612326693598595,
    "space_when_behind_bonus": 1.955792660016805
  },
  "proxy_score": 0.8467741935483871,
  "snapshot_id": "candidate_0141",
  "source": "proxy_spsa",
  "speed_penalty": 0.6187950744602548
}
