{
  "created_process_s": 7.057946659000001,
  "created_wall_s": 12.170559980993858,
  "label": "spsa_24_minus",
  "objective": 0.8163006513025682,
  "paired_score": 0.0,
  "params": {
    "access_bonus": 1.5803474689154142,
    "china_asia_target_bonus": 1.4517911039113363,
    "china_early_penalty": -2.5098171250502226,
    "control_break_bonus": 5.1963580929160305,
    "country_battleground_bonus": 7.07174550998399,
    "country_europe_core_bonus": 1.9510351594484188,
    "country_mid_war_entry_bonus": 2.0783441987958446,
    "country_non_battleground_bonus": 0.841405868618515,
    "country_region_scale": 4.957211311184674,
    "country_stability_scale": 0.694999194712996,
    "country_thailand_early_bonus": 5.8444753120687345,
    "coup_battleground_bonus": 2.467694601951282,
    "coup_defcon2_penalty": -7.659578157265683,
    "coup_defcon3_penalty": -2.879002681436479,
    "coup_mode_bonus": 3.931222231842068,
    "early_region_weights": [
      0.8803853938050141,
      1.2460609455862284,
      0.9100353039068043,
      0.4502491035070517,
      0.5877641691380842,
      0.608598010401206,
      1.252119914703601
    ],
    "headline_friendly_bonus": 2.017631944853262,
    "headline_ops_scale": 0.7635239159020832,
    "influence_mode_bonus": 5.845701893147289,
    "late_region_weights": [
      1.2074044717711614,
      0.9817390618475527,
      0.9102699698783474,
      1.111137401668922,
      1.1101866614640703,
      0.8980768232200586,
      0.8985110457688794
    ],
    "mid_region_weights": [
      1.0663703133257136,
      1.0905049463797198,
      0.9442949098347339,
      0.8081891228273391,
      1.181141609961114,
      1.2736894799771346,
      0.8996571585838874
    ],
    "ops_card_penalty": 0.17173894599749737,
    "realign_base_penalty": -3.8016105695824023,
    "realign_country_scale": 0.5988145306116072,
    "realign_defcon2_bonus": 1.9044933309814802,
    "realign_mode_bonus": -0.9118165707884773,
    "space_early_bonus": 0.8183395117441863,
    "space_mode_bonus": 0.9397971241033038,
    "space_offside_bonus": 1.8764017340541503,
    "space_when_behind_bonus": 1.9528710440364299
  },
  "proxy_score": 0.8790322580645161,
  "snapshot_id": "candidate_0168",
  "source": "proxy_spsa",
  "speed_penalty": 0.6273160676194784
}
