{
  "created_process_s": 0.720776277,
  "created_wall_s": 5.823749360992224,
  "label": "spsa_1_minus",
  "objective": 0.7719515914303452,
  "paired_score": 0.0,
  "params": {
    "access_bonus": 1.6042237445584564,
    "china_asia_target_bonus": 1.475873586815975,
    "china_early_penalty": -2.5416521592409453,
    "control_break_bonus": 5.148605541629947,
    "country_battleground_bonus": 7.131951717245586,
    "country_europe_core_bonus": 1.9351176423530574,
    "country_mid_war_entry_bonus": 2.054261715891206,
    "country_non_battleground_bonus": 0.877529592975473,
    "country_region_scale": 4.897005103923077,
    "country_stability_scale": 0.6870404361653153,
    "country_thailand_early_bonus": 5.796310346259458,
    "coup_battleground_bonus": 2.4195296361420047,
    "coup_defcon2_penalty": -7.595908088884237,
    "coup_defcon3_penalty": -2.8392088886980758,
    "coup_mode_bonus": 3.883469680555984,
    "early_region_weights": [
      0.8963029109003755,
      1.2619784626815898,
      0.8941177868114429,
      0.4743315864116904,
      0.6036816862334455,
      0.5845155274965673,
      1.2280374317989624
    ],
    "headline_friendly_bonus": 2.0415082204963038,
    "headline_ops_scale": 0.7555651573544026,
    "influence_mode_bonus": 5.893454444433372,
    "late_region_weights": [
      1.2233219888665228,
      0.997656578942914,
      0.8861874869737087,
      1.1352198845735606,
      1.134269144368709,
      0.9139943403154199,
      0.9225935286735181
    ],
    "mid_region_weights": [
      1.0904527962303523,
      1.1064224634750812,
      0.9202124269300952,
      0.7922716057319777,
      1.1652240928657527,
      1.249606997072496,
      0.923739641488526
    ],
    "ops_card_penalty": 0.17651420112610577,
    "realign_base_penalty": -3.8618167768439986,
    "realign_country_scale": 0.5867732891592878,
    "realign_defcon2_bonus": 1.8683696066245223,
    "realign_mode_bonus": -0.9599815365977546,
    "space_early_bonus": 0.8024219946488249,
    "space_mode_bonus": 0.9879620899125812,
    "space_offside_bonus": 1.9002780096971925,
    "space_when_behind_bonus": 1.976747319679472
  },
  "proxy_score": 0.8790322580645161,
  "snapshot_id": "candidate_0122",
  "source": "proxy_spsa",
  "speed_penalty": 1.0708066663417086
}
