{
  "created_process_s": 0.298772062,
  "created_wall_s": 5.401261535997037,
  "label": "random_75",
  "objective": 0.741291877997297,
  "paired_score": 0.0,
  "params": {
    "access_bonus": 1.5085686955597284,
    "china_asia_target_bonus": 1.5126920831516215,
    "china_early_penalty": -2.3586782816876815,
    "control_break_bonus": 4.733405475042823,
    "country_battleground_bonus": 6.872471257769487,
    "country_europe_core_bonus": 1.9572121021653235,
    "country_mid_war_entry_bonus": 1.9166564895246396,
    "country_non_battleground_bonus": 1.163555216845555,
    "country_region_scale": 5.068701046917244,
    "country_stability_scale": 0.5437456322198667,
    "country_thailand_early_bonus": 6.294676352996565,
    "coup_battleground_bonus": 2.4988233593530396,
    "coup_defcon2_penalty": -7.637440271030736,
    "coup_defcon3_penalty": -1.8766250598859315,
    "coup_mode_bonus": 3.92749669467994,
    "early_region_weights": [
      0.8112263410000097,
      1.2106384408180897,
      1.1646487630934261,
      0.6520777031796494,
      0.5065553426221814,
      0.6123867551100639,
      1.1981153865370189
    ],
    "headline_friendly_bonus": 2.018777833712,
    "headline_ops_scale": 0.8036734219985578,
    "influence_mode_bonus": 5.660744501839208,
    "late_region_weights": [
      1.126423167462678,
      1.015422804339083,
      1.055594128968995,
      1.0911987016425295,
      1.1496102487711344,
      0.9729486153665295,
      0.65105785158037
    ],
    "mid_region_weights": [
      0.9621171895772868,
      0.8906894829946073,
      1.0509676483690975,
      0.8825884609530549,
      1.0417132005449306,
      1.1698708455059428,
      1.0898302073279738
    ],
    "ops_card_penalty": 0.13338063287531982,
    "realign_base_penalty": -3.8882872818445047,
    "realign_country_scale": 0.5197338029332494,
    "realign_defcon2_bonus": 1.8781510319985764,
    "realign_mode_bonus": -1.5774076522729774,
    "space_early_bonus": 0.9849259276913476,
    "space_mode_bonus": 1.2452688655812034,
    "space_offside_bonus": 2.0224984551878147,
    "space_when_behind_bonus": 1.8929853693446386
  },
  "proxy_score": 0.8145161290322581,
  "snapshot_id": "candidate_0075",
  "source": "random_proxy_search",
  "speed_penalty": 0.7322425103496106
}
