{
  "created_process_s": 0.3120277,
  "created_wall_s": 5.414531570990221,
  "label": "random_97",
  "objective": 0.782258064516129,
  "paired_score": 0.0,
  "params": {
    "access_bonus": 1.625295677969311,
    "china_asia_target_bonus": 1.5647830603771142,
    "china_early_penalty": -2.425494641330138,
    "control_break_bonus": 4.749188522459971,
    "country_battleground_bonus": 7.112451514994653,
    "country_europe_core_bonus": 2.0499764878647357,
    "country_mid_war_entry_bonus": 1.810375197865255,
    "country_non_battleground_bonus": 1.0042025140604887,
    "country_region_scale": 4.873250505052846,
    "country_stability_scale": 0.6884419783503537,
    "country_thailand_early_bonus": 5.643659357276549,
    "coup_battleground_bonus": 2.5838950024948644,
    "coup_defcon2_penalty": -7.727538691651674,
    "coup_defcon3_penalty": -2.5363332790056483,
    "coup_mode_bonus": 4.0327204429662435,
    "early_region_weights": [
      0.8347077699614684,
      1.2723969262525112,
      1.0801208183982038,
      0.6491717274300424,
      0.49657218390012026,
      0.8009851197260804,
      1.1419749105868546
    ],
    "headline_friendly_bonus": 1.7962194032633396,
    "headline_ops_scale": 0.7985313132871452,
    "influence_mode_bonus": 6.105272816277598,
    "late_region_weights": [
      0.9789289901550633,
      0.9529945052374178,
      0.8041615790016896,
      1.0756287037093495,
      1.0293863494002344,
      1.1192971656588764,
      0.7587812336497615
    ],
    "mid_region_weights": [
      1.0062481062580426,
      0.9948706818047303,
      1.0972106330324543,
      1.080412092085276,
      1.2943134771357951,
      1.0629218583977538,
      0.8225767078292268
    ],
    "ops_card_penalty": 0.18743682265335962,
    "realign_base_penalty": -4.348019085943846,
    "realign_country_scale": 0.5148068320141428,
    "realign_defcon2_bonus": 2.0987047226262585,
    "realign_mode_bonus": -0.746382991751986,
    "space_early_bonus": 0.9435363812914506,
    "space_mode_bonus": 0.6941253404015832,
    "space_offside_bonus": 1.875798169456039,
    "space_when_behind_bonus": 1.9102511987589526
  },
  "proxy_score": 0.782258064516129,
  "snapshot_id": "candidate_0097",
  "source": "random_proxy_search",
  "speed_penalty": 0.0
}
