{
  "created_process_s": 6.789355823,
  "created_wall_s": 11.901699208989157,
  "label": "spsa_23_minus",
  "objective": 0.831420601769948,
  "paired_score": 0.0,
  "params": {
    "access_bonus": 1.5804791769801687,
    "china_asia_target_bonus": 1.4517032985348335,
    "china_early_penalty": -2.4933115826786625,
    "control_break_bonus": 5.221116406473371,
    "country_battleground_bonus": 7.09237743794844,
    "country_europe_core_bonus": 1.9592879306341988,
    "country_mid_war_entry_bonus": 2.070091427610065,
    "country_non_battleground_bonus": 0.8537850253971851,
    "country_region_scale": 4.936579383220224,
    "country_stability_scale": 0.699125580305886,
    "country_thailand_early_bonus": 5.8446509228217405,
    "coup_battleground_bonus": 2.4678702127042875,
    "coup_defcon2_penalty": -7.659226935759672,
    "coup_defcon3_penalty": -2.878783167995222,
    "coup_mode_bonus": 3.9309588157125592,
    "early_region_weights": [
      0.872132622619234,
      1.2378081744004483,
      0.9099474985303014,
      0.45016129813054884,
      0.579511397952304,
      0.6086858157777089,
      1.2522077200801038
    ],
    "headline_friendly_bonus": 2.017763652918016,
    "headline_ops_scale": 0.7634800132138319,
    "influence_mode_bonus": 5.820943579589948,
    "late_region_weights": [
      1.1991517005853813,
      0.9818268672240555,
      0.9103577752548503,
      1.1110495962924192,
      1.1100988560875675,
      0.8898240520342784,
      0.9067638169546596
    ],
    "mid_region_weights": [
      1.0662825079492109,
      1.0905927517562226,
      0.9360421386489537,
      0.8081013174508362,
      1.1810538045846113,
      1.2737772853536373,
      0.9079099297696676
    ],
    "ops_card_penalty": 0.16926311464176333,
    "realign_base_penalty": -3.8013910561411453,
    "realign_country_scale": 0.5988584332998586,
    "realign_defcon2_bonus": 1.9046250390462347,
    "realign_mode_bonus": -0.9116409600354716,
    "space_early_bonus": 0.8265922829299664,
    "space_mode_bonus": 0.9563026664748642,
    "space_offside_bonus": 1.8640225772754802,
    "space_when_behind_bonus": 1.9530027521011843
  },
  "proxy_score": 0.8790322580645161,
  "snapshot_id": "candidate_0166",
  "source": "proxy_spsa",
  "speed_penalty": 0.4761165629456814
}
