{
  "created_process_s": 0.296569791,
  "created_wall_s": 5.399056160997134,
  "label": "random_71",
  "objective": 0.8352132506589285,
  "paired_score": 0.0,
  "params": {
    "access_bonus": 1.666042180526,
    "china_asia_target_bonus": 1.614522949192662,
    "china_early_penalty": -2.236622115017643,
    "control_break_bonus": 4.70113170589116,
    "country_battleground_bonus": 6.788257257291943,
    "country_europe_core_bonus": 2.025059579414114,
    "country_mid_war_entry_bonus": 1.9071124423058297,
    "country_non_battleground_bonus": 0.9492579949097947,
    "country_region_scale": 4.782604042917872,
    "country_stability_scale": 0.6021581670714685,
    "country_thailand_early_bonus": 6.261763148885124,
    "coup_battleground_bonus": 2.364985400614234,
    "coup_defcon2_penalty": -8.2623701252941,
    "coup_defcon3_penalty": -2.524299384984803,
    "coup_mode_bonus": 4.436378737991346,
    "early_region_weights": [
      1.0446840767978227,
      1.29101292040038,
      1.2439681429575837,
      0.7045247004863477,
      0.44305004386051006,
      0.6071905108430615,
      1.3336844118574553
    ],
    "headline_friendly_bonus": 2.0912293284904493,
    "headline_ops_scale": 0.7019058720917298,
    "influence_mode_bonus": 6.319515687934655,
    "late_region_weights": [
      0.8816523418877723,
      1.0093784556118834,
      0.8767086128864015,
      0.9612404382012224,
      1.0878398786142736,
      1.1830831695877775,
      0.6473190967652566
    ],
    "mid_region_weights": [
      0.9276458659580811,
      1.0537642968968348,
      0.9750680870674736,
      0.9624979427013317,
      1.273276487416385,
      1.3179616929853666,
      0.7331704751443451
    ],
    "ops_card_penalty": 0.15507418485962818,
    "realign_base_penalty": -3.5762843449730304,
    "realign_country_scale": 0.5698141813455521,
    "realign_defcon2_bonus": 2.1289180252860285,
    "realign_mode_bonus": -0.7509386118767128,
    "space_early_bonus": 0.8770134841604615,
    "space_mode_bonus": 1.1663997229062888,
    "space_offside_bonus": 2.0116446232831575,
    "space_when_behind_bonus": 2.1811117946569594
  },
  "proxy_score": 0.8467741935483871,
  "snapshot_id": "candidate_0071",
  "source": "random_proxy_search",
  "speed_penalty": 0.11560942889458659
}
