{
  "created_process_s": 0.31099775,
  "created_wall_s": 5.4135006299911765,
  "label": "random_95",
  "objective": 0.8351742707567867,
  "paired_score": 0.0,
  "params": {
    "access_bonus": 1.6344932712038087,
    "china_asia_target_bonus": 1.4819722101645187,
    "china_early_penalty": -2.5132414863531283,
    "control_break_bonus": 5.092211651291569,
    "country_battleground_bonus": 6.860943568798752,
    "country_europe_core_bonus": 2.0177809439384498,
    "country_mid_war_entry_bonus": 1.9011586199815194,
    "country_non_battleground_bonus": 1.1197521327407514,
    "country_region_scale": 4.802307480147871,
    "country_stability_scale": 0.665337119736271,
    "country_thailand_early_bonus": 5.851607783099057,
    "coup_battleground_bonus": 2.4380225450153596,
    "coup_defcon2_penalty": -8.556291685866848,
    "coup_defcon3_penalty": -3.196875818860276,
    "coup_mode_bonus": 3.433689020453271,
    "early_region_weights": [
      1.000208267922709,
      1.63129326060948,
      1.063667950285474,
      0.5110101053799837,
      0.46051623098314076,
      0.6431397355291155,
      1.1190293329974335
    ],
    "headline_friendly_bonus": 1.9005085133561557,
    "headline_ops_scale": 0.7769146018004365,
    "influence_mode_bonus": 6.406038313504013,
    "late_region_weights": [
      0.8881550179702434,
      1.0614083385518014,
      0.9496967651731615,
      1.1718461688879447,
      1.0886990027848182,
      0.927560436027738,
      0.7424999928210932
    ],
    "mid_region_weights": [
      0.9706166166368827,
      0.8625911283971835,
      1.1050058617928553,
      0.9682828425579882,
      1.236788033912161,
      1.1873391016971253,
      0.9676465232051746
    ],
    "ops_card_penalty": 0.1831578293496256,
    "realign_base_penalty": -4.34009570665019,
    "realign_country_scale": 0.5647841668459972,
    "realign_defcon2_bonus": 1.8871689909566007,
    "realign_mode_bonus": -0.9702823504262589,
    "space_early_bonus": 0.7996483329764453,
    "space_mode_bonus": 1.1362823368253574,
    "space_offside_bonus": 1.8441341998833447,
    "space_when_behind_bonus": 1.943709891740961
  },
  "proxy_score": 0.8467741935483871,
  "snapshot_id": "candidate_0095",
  "source": "random_proxy_search",
  "speed_penalty": 0.11599922791600381
}
