{
  "created_process_s": 0.261480482,
  "created_wall_s": 5.363870206987485,
  "label": "random_17",
  "objective": 0.8109112909223953,
  "paired_score": 0.0,
  "params": {
    "access_bonus": 1.4361445558965065,
    "china_asia_target_bonus": 1.432383616726029,
    "china_early_penalty": -2.4333710767015617,
    "control_break_bonus": 5.112266570533552,
    "country_battleground_bonus": 7.054536891354494,
    "country_europe_core_bonus": 1.9749142548114913,
    "country_mid_war_entry_bonus": 2.1822688285485246,
    "country_non_battleground_bonus": 1.065315808973071,
    "country_region_scale": 4.673136153009262,
    "country_stability_scale": 0.6035700680832375,
    "country_thailand_early_bonus": 5.944841311796268,
    "coup_battleground_bonus": 2.748489645930291,
    "coup_defcon2_penalty": -7.530973005011528,
    "coup_defcon3_penalty": -2.2624649919866884,
    "coup_mode_bonus": 4.326385516355126,
    "early_region_weights": [
      0.9305699992895855,
      1.2575519840953762,
      1.2489601055184099,
      0.6489254260279922,
      0.6177597372827796,
      0.6310056242628191,
      1.1919874639616779
    ],
    "headline_friendly_bonus": 1.9749373894770539,
    "headline_ops_scale": 0.7327468825681701,
    "influence_mode_bonus": 5.507218139528409,
    "late_region_weights": [
      1.1319199033512568,
      0.9903906202174301,
      0.9178221661150228,
      1.0982785338805316,
      1.065876936571508,
      1.0151712181111112,
      0.6386048044327628
    ],
    "mid_region_weights": [
      0.8260557907265995,
      0.8855752997082015,
      0.964269949622082,
      1.0730052915537627,
      1.094510288636064,
      1.0831786518257764,
      0.921776307655903
    ],
    "ops_card_penalty": 0.17898548514257145,
    "realign_base_penalty": -3.7503390885483996,
    "realign_country_scale": 0.5401152917923991,
    "realign_defcon2_bonus": 1.8373452362871976,
    "realign_mode_bonus": -0.8328964074034833,
    "space_early_bonus": 1.1344107945751856,
    "space_mode_bonus": 0.5977873811350336,
    "space_offside_bonus": 1.752297045736788,
    "space_when_behind_bonus": 2.1649935247545122
  },
  "proxy_score": 0.8145161290322581,
  "snapshot_id": "candidate_0017",
  "source": "random_proxy_search",
  "speed_penalty": 0.036048381098627846
}
