{
  "created_process_s": 0.298372085,
  "created_wall_s": 5.400860504989396,
  "label": "random_74",
  "objective": 0.8467741935483871,
  "paired_score": 0.0,
  "params": {
    "access_bonus": 1.533588148986301,
    "china_asia_target_bonus": 1.5252976140460714,
    "china_early_penalty": -2.5162395174764898,
    "control_break_bonus": 4.84329771521485,
    "country_battleground_bonus": 6.775956415309318,
    "country_europe_core_bonus": 1.8663600588739355,
    "country_mid_war_entry_bonus": 2.0647291528644094,
    "country_non_battleground_bonus": 1.0335908954526611,
    "country_region_scale": 5.080864671866797,
    "country_stability_scale": 0.6533100542285997,
    "country_thailand_early_bonus": 5.930081341305793,
    "coup_battleground_bonus": 2.5657185690215525,
    "coup_defcon2_penalty": -8.224066735582465,
    "coup_defcon3_penalty": -2.293678789810809,
    "coup_mode_bonus": 4.428886290149906,
    "early_region_weights": [
      0.7367676848187398,
      1.3704283312916368,
      1.2245095013450515,
      0.6324903803414015,
      0.574372823727065,
      0.8019194955588345,
      1.108301896572463
    ],
    "headline_friendly_bonus": 2.1536703166650017,
    "headline_ops_scale": 0.7714350522958909,
    "influence_mode_bonus": 6.0344038117985175,
    "late_region_weights": [
      1.0958478721264775,
      1.2199721632814278,
      0.9952102985335574,
      1.055677846628928,
      1.221772358810755,
      1.0646629287474205,
      0.7748081154335709
    ],
    "mid_region_weights": [
      0.8544069424120512,
      1.1373689322668494,
      1.007903472100671,
      1.0331395991142436,
      1.2392263757595365,
      1.2595107852184961,
      0.6353811576937625
    ],
    "ops_card_penalty": 0.15447411036943653,
    "realign_base_penalty": -4.141891536634044,
    "realign_country_scale": 0.570959970264488,
    "realign_defcon2_bonus": 2.18558738307718,
    "realign_mode_bonus": -1.1118651695209874,
    "space_early_bonus": 0.8655696790612547,
    "space_mode_bonus": 1.0891304607495276,
    "space_offside_bonus": 2.187775495534154,
    "space_when_behind_bonus": 2.2990603913876435
  },
  "proxy_score": 0.8467741935483871,
  "snapshot_id": "candidate_0074",
  "source": "random_proxy_search",
  "speed_penalty": 0.0
}
