{
  "created_process_s": 0.262066401,
  "created_wall_s": 5.364456922994577,
  "label": "random_18",
  "objective": 0.8745184397412846,
  "paired_score": 0.0,
  "params": {
    "access_bonus": 1.4253093035142517,
    "china_asia_target_bonus": 1.527934350726533,
    "china_early_penalty": -2.8549530623609436,
    "control_break_bonus": 5.101261963411267,
    "country_battleground_bonus": 6.509649441033361,
    "country_europe_core_bonus": 1.9925195065044936,
    "country_mid_war_entry_bonus": 1.9112782432655935,
    "country_non_battleground_bonus": 0.943068675326035,
    "country_region_scale": 4.795892242647279,
    "country_stability_scale": 0.5884609855875853,
    "country_thailand_early_bonus": 6.099402616188459,
    "coup_battleground_bonus": 2.613402573344167,
    "coup_defcon2_penalty": -8.037654720013672,
    "coup_defcon3_penalty": -2.871346753402543,
    "coup_mode_bonus": 3.8175760050787484,
    "early_region_weights": [
      0.8401753270410738,
      1.2932268268531373,
      1.124661369003221,
      0.44789541171403435,
      0.6942530960413542,
      0.644426836505277,
      1.280716503856381
    ],
    "headline_friendly_bonus": 1.8505349552985013,
    "headline_ops_scale": 0.7520717983111097,
    "influence_mode_bonus": 6.37155755622645,
    "late_region_weights": [
      1.047988927404182,
      1.0730516788678623,
      0.9351196467785492,
      1.0766275835356303,
      1.2033408116858249,
      1.0582534642174726,
      0.51265998358172
    ],
    "mid_region_weights": [
      0.9379697222256475,
      1.058507989585333,
      1.1254449308670378,
      0.873528739017388,
      1.2061112248010915,
      1.1404916948400163,
      0.9032342852906445
    ],
    "ops_card_penalty": 0.1545527862942683,
    "realign_base_penalty": -3.870249970173331,
    "realign_country_scale": 0.4898783684941902,
    "realign_defcon2_bonus": 1.7354624194792976,
    "realign_mode_bonus": -1.022820582982305,
    "space_early_bonus": 0.9418168478249282,
    "space_mode_bonus": 1.0749341171781608,
    "space_offside_bonus": 1.8661954474629925,
    "space_when_behind_bonus": 1.9386248064869211
  },
  "proxy_score": 0.8790322580645161,
  "snapshot_id": "candidate_0018",
  "source": "random_proxy_search",
  "speed_penalty": 0.045138183232314555
}
