{
  "created_process_s": 0.294030179,
  "created_wall_s": 5.396510424994631,
  "label": "random_67",
  "objective": 0.7539696045559134,
  "paired_score": 0.0,
  "params": {
    "access_bonus": 1.4343523846802024,
    "china_asia_target_bonus": 1.6440772774753358,
    "china_early_penalty": -2.4714500043264644,
    "control_break_bonus": 5.219987323948772,
    "country_battleground_bonus": 6.885686658541448,
    "country_europe_core_bonus": 1.996638073323893,
    "country_mid_war_entry_bonus": 2.0038702481446355,
    "country_non_battleground_bonus": 1.0971708894377445,
    "country_region_scale": 5.087693772113074,
    "country_stability_scale": 0.6043143689289281,
    "country_thailand_early_bonus": 5.6225488918971385,
    "coup_battleground_bonus": 2.5738377654870424,
    "coup_defcon2_penalty": -7.86066650273587,
    "coup_defcon3_penalty": -2.8756578288936376,
    "coup_mode_bonus": 4.680536218786006,
    "early_region_weights": [
      0.7534238940003682,
      1.4934781594990882,
      1.076725799875402,
      0.6515618423085474,
      0.5785920502793941,
      0.5407487697996334,
      1.026303275552563
    ],
    "headline_friendly_bonus": 2.026540325620798,
    "headline_ops_scale": 0.7283786193665228,
    "influence_mode_bonus": 5.900020947349214,
    "late_region_weights": [
      1.182519091035009,
      1.0113730860091352,
      0.8661128177850118,
      1.1009716898864366,
      1.0832579110343419,
      1.136249990179178,
      0.7781289948256924
    ],
    "mid_region_weights": [
      0.9362724920115638,
      0.9683012021511997,
      0.8656446546117149,
      0.8276948893824174,
      1.1622589643438277,
      1.3484258797895174,
      0.9913265016824848
    ],
    "ops_card_penalty": 0.16138608488990325,
    "realign_base_penalty": -4.1822052174910995,
    "realign_country_scale": 0.6022675623043945,
    "realign_defcon2_bonus": 2.2497318710224006,
    "realign_mode_bonus": -1.2442273472643504,
    "space_early_bonus": 0.9126762366447837,
    "space_mode_bonus": 1.0834360803512675,
    "space_offside_bonus": 1.9175339444880704,
    "space_when_behind_bonus": 2.029235231964608
  },
  "proxy_score": 0.8145161290322581,
  "snapshot_id": "candidate_0067",
  "source": "random_proxy_search",
  "speed_penalty": 0.6054652447634468
}
