{
  "created_process_s": 0.26880322100000004,
  "created_wall_s": 5.371200876994408,
  "label": "random_30",
  "objective": 0.782258064516129,
  "paired_score": 0.0,
  "params": {
    "access_bonus": 1.5307115594071268,
    "china_asia_target_bonus": 1.5127398178778286,
    "china_early_penalty": -2.245161745497678,
    "control_break_bonus": 5.114794081572159,
    "country_battleground_bonus": 7.580884618863421,
    "country_europe_core_bonus": 1.9210839625025105,
    "country_mid_war_entry_bonus": 1.9646360095526876,
    "country_non_battleground_bonus": 0.9960718950768056,
    "country_region_scale": 5.485856221757963,
    "country_stability_scale": 0.580973536384643,
    "country_thailand_early_bonus": 6.177839319833435,
    "coup_battleground_bonus": 2.523821565930869,
    "coup_defcon2_penalty": -8.013480881373795,
    "coup_defcon3_penalty": -2.993690073260122,
    "coup_mode_bonus": 3.790919962415521,
    "early_region_weights": [
      0.8335895404943547,
      1.2893608612387721,
      1.1367478446013335,
      0.7150963517796562,
      0.45617123674324545,
      0.7867395847461927,
      1.41879312374674
    ],
    "headline_friendly_bonus": 1.8409272469988882,
    "headline_ops_scale": 0.8041438932015638,
    "influence_mode_bonus": 5.871641088229799,
    "late_region_weights": [
      1.0303457234461781,
      0.9134306655358576,
      0.860392731523728,
      1.1131619635988435,
      1.0411078374676124,
      0.9548201483256166,
      0.7049829734721245
    ],
    "mid_region_weights": [
      0.9090622736689866,
      0.9557792697447068,
      0.9293193473420812,
      1.0862147122783183,
      1.2040304137727502,
      0.998050262119013,
      0.7448237887816489
    ],
    "ops_card_penalty": 0.15465010558591225,
    "realign_base_penalty": -3.865756056175634,
    "realign_country_scale": 0.6151666169935416,
    "realign_defcon2_bonus": 1.939685527698851,
    "realign_mode_bonus": -0.881762774593037,
    "space_early_bonus": 0.9672290261448483,
    "space_mode_bonus": 1.0656397272858438,
    "space_offside_bonus": 2.1678216306884113,
    "space_when_behind_bonus": 1.9866964128836797
  },
  "proxy_score": 0.782258064516129,
  "snapshot_id": "candidate_0030",
  "source": "random_proxy_search",
  "speed_penalty": 0.0
}
