{
  "created_process_s": 4.119368143,
  "created_wall_s": 9.22886713698972,
  "label": "spsa_13_plus",
  "objective": 0.8241271399890581,
  "paired_score": 0.0,
  "params": {
    "access_bonus": 1.5825442475018348,
    "china_asia_target_bonus": 1.4503265848537226,
    "china_early_penalty": -2.51274616316545,
    "control_break_bonus": 5.225246547516703,
    "country_battleground_bonus": 7.068084212339956,
    "country_europe_core_bonus": 1.9606646443153097,
    "country_mid_war_entry_bonus": 2.068714713928954,
    "country_non_battleground_bonus": 0.8558500959188513,
    "country_region_scale": 4.960872608828708,
    "country_stability_scale": 0.6998139371464415,
    "country_thailand_early_bonus": 5.847404350183962,
    "coup_battleground_bonus": 2.4706236400665094,
    "coup_defcon2_penalty": -7.653720081035228,
    "coup_defcon3_penalty": -2.8753413837924446,
    "coup_mode_bonus": 3.926828674669227,
    "early_region_weights": [
      0.8707559089381232,
      1.247525464643842,
      0.9196647887736953,
      0.4487845844494381,
      0.5892286881956978,
      0.6100625294588197,
      1.2535844337612148
    ],
    "headline_friendly_bonus": 2.0031877175529256,
    "headline_ops_scale": 0.7627916563732764,
    "influence_mode_bonus": 5.850095450320129,
    "late_region_weights": [
      1.208868990828775,
      0.9832035809051664,
      0.9006404850114564,
      1.120766886535813,
      1.1198161463309613,
      0.8884473383531676,
      0.9081405306357704
    ],
    "mid_region_weights": [
      1.0649057942681,
      1.0919694654373335,
      0.9457594288923475,
      0.8178186076942301,
      1.190771094828005,
      1.2640599951102436,
      0.8981926395262737
    ],
    "ops_card_penalty": 0.17217830171478146,
    "realign_base_penalty": -3.797949271938368,
    "realign_country_scale": 0.599546790140414,
    "realign_defcon2_bonus": 1.890049103681144,
    "realign_mode_bonus": -0.9310755405222592,
    "space_early_bonus": 0.8279689966110773,
    "space_mode_bonus": 0.9590560938370857,
    "space_offside_bonus": 1.8785985126405709,
    "space_when_behind_bonus": 1.9550678226228504
  },
  "proxy_score": 0.8790322580645161,
  "snapshot_id": "candidate_0145",
  "source": "proxy_spsa",
  "speed_penalty": 0.5490511807545808
}
