{
  "created_process_s": 3.4417471390000003,
  "created_wall_s": 11.303985801001545,
  "label": "spsa_9_minus",
  "objective": 0.8430334199592571,
  "paired_score": 0.0,
  "params": {
    "coup_mode_bonus": 3.4334584373651533,
    "early_region_weights": [
      0.9664434058083758,
      1.435738933658392,
      1.0769702191933368,
      0.47799121397966715,
      0.37880291514996,
      0.4701930358909254,
      1.397384234856831
    ],
    "influence_mode_bonus": 5.608449436891172,
    "late_region_weights": [
      1.1330280314829908,
      1.0395536258245384,
      0.8241561523746227,
      1.0788029581928966,
      1.1034845824123858,
      0.9646601816858158,
      0.648466610295474
    ],
    "mid_region_weights": [
      0.9234383342396326,
      1.0515484533401616,
      1.0197916365024613,
      0.7624552009919537,
      1.1919651485895826,
      1.1445082579032655,
      0.7519250132983559
    ],
    "ops_card_penalty": 0.1955231000227255,
    "realign_mode_bonus": -0.9771567896972878,
    "space_mode_bonus": 1.1925672837374506
  },
  "proxy_score": 0.8790322580645161,
  "snapshot_id": "candidate_0138",
  "source": "proxy_spsa",
  "speed_penalty": 0.35998838105259034
}
