{
  "created_process_s": 0.423991795,
  "created_wall_s": 8.289998139007366,
  "label": "random_117",
  "objective": 0.8145161290322581,
  "paired_score": 0.0,
  "params": {
    "coup_mode_bonus": 4.251363859509593,
    "early_region_weights": [
      0.9086445361003652,
      1.2061835049575693,
      1.1116501721947118,
      0.6509170536717018,
      0.5919281980360409,
      0.7682325691577586,
      1.4143795333006146
    ],
    "influence_mode_bonus": 5.822527693580831,
    "late_region_weights": [
      1.2550621470116832,
      0.9065643277972335,
      0.8662848092460245,
      1.0030115515983584,
      1.15466467039527,
      0.7423443336757722,
      0.7725761982486568
    ],
    "mid_region_weights": [
      0.8546241722368787,
      1.14884045065168,
      0.9435112708388975,
      0.8872524367279458,
      1.0204318854265824,
      1.1429330351622242,
      0.8302751566680528
    ],
    "ops_card_penalty": 0.16531819481296484,
    "realign_mode_bonus": -1.6765059766985364,
    "space_mode_bonus": 0.8158845841213915
  },
  "proxy_score": 0.8145161290322581,
  "snapshot_id": "candidate_0117",
  "source": "random_proxy_search",
  "speed_penalty": 0.0
}
