{
  "created_process_s": 2.8362047020000003,
  "created_wall_s": 10.699322087006294,
  "label": "spsa_7_minus",
  "objective": 0.8446481509275948,
  "paired_score": 0.0,
  "params": {
    "coup_mode_bonus": 3.436136305745707,
    "early_region_weights": [
      0.965550783014858,
      1.449964889785243,
      1.0760775963998188,
      0.4770985911861493,
      0.37791029235644213,
      0.4844189920177766,
      1.398276857650349
    ],
    "influence_mode_bonus": 5.651127305271726,
    "late_region_weights": [
      1.1339206542765088,
      1.0404462486180563,
      0.838382108501474,
      1.0645770020660454,
      1.117710538539237,
      0.9504342255589645,
      0.6342406541686227
    ],
    "mid_region_weights": [
      0.9376642903664839,
      1.0373224972133104,
      1.0188990137089433,
      0.7482292448651024,
      1.2061911047164338,
      1.1436156351097475,
      0.751032390504838
    ],
    "ops_card_penalty": 0.19979088686078086,
    "realign_mode_bonus": -0.9789420352843236,
    "space_mode_bonus": 1.164115371483748
  },
  "proxy_score": 0.8790322580645161,
  "snapshot_id": "candidate_0134",
  "source": "proxy_spsa",
  "speed_penalty": 0.3438410713692135
}
