{
  "created_process_s": 1.760091463,
  "created_wall_s": 9.62465630999941,
  "label": "spsa_4_plus",
  "objective": 0.830417678751147,
  "paired_score": 0.0,
  "params": {
    "coup_mode_bonus": 3.3834584373651535,
    "early_region_weights": [
      0.9831100724750426,
      1.4524056003250585,
      1.0936368858600034,
      0.4746578806463338,
      0.39546958181662667,
      0.46685970255759207,
      1.4007175681901645
    ],
    "influence_mode_bonus": 5.658449436891172,
    "late_region_weights": [
      1.1363613648163242,
      1.0228869591578718,
      0.8408228190412894,
      1.08213629152623,
      1.1201512490790524,
      0.9479935150191491,
      0.6317999436288073
    ],
    "mid_region_weights": [
      0.9401050009062993,
      1.034881786673495,
      1.036458303169128,
      0.745788534325287,
      1.2086318152562492,
      1.141174924569932,
      0.7485916799650226
    ],
    "ops_card_penalty": 0.1945231000227255,
    "realign_mode_bonus": -0.9438234563639545,
    "space_mode_bonus": 1.1992339504041172
  },
  "proxy_score": 0.8790322580645161,
  "snapshot_id": "candidate_0127",
  "source": "proxy_spsa",
  "speed_penalty": 0.486145793133691
}
