{
  "created_process_s": 4.825713421000001,
  "created_wall_s": 12.685726391006028,
  "label": "spsa_14_plus",
  "objective": 0.8518901690720113,
  "paired_score": 0.0,
  "params": {
    "coup_mode_bonus": 3.397422762850408,
    "early_region_weights": [
      0.9784552973132911,
      1.43706037548681,
      1.078291661021755,
      0.4793126558080853,
      0.39081480665487517,
      0.47151447771934357,
      1.385372343351916
    ],
    "influence_mode_bonus": 5.644485111405918,
    "late_region_weights": [
      1.1317065896545726,
      1.0382321839961202,
      0.8254775942030409,
      1.0667910666879816,
      1.1154964739173008,
      0.9526482901809006,
      0.6364547187905588
    ],
    "mid_region_weights": [
      0.9247597760680508,
      1.0395365618352466,
      1.0211130783308795,
      0.7611337591635355,
      1.1932865904180008,
      1.1458296997316837,
      0.7639369048032711
    ],
    "ops_card_penalty": 0.19591953257125094,
    "realign_mode_bonus": -0.9745139060404515,
    "space_mode_bonus": 1.1899244000806142
  },
  "proxy_score": 0.8790322580645161,
  "snapshot_id": "candidate_0147",
  "source": "proxy_spsa",
  "speed_penalty": 0.27142088992504765
}
