{
  "created_process_s": 0.41349677599999995,
  "created_wall_s": 8.27948640800605,
  "label": "random_92",
  "objective": 0.8313120560444905,
  "paired_score": 0.0,
  "params": {
    "coup_mode_bonus": 3.765794186406566,
    "early_region_weights": [
      0.837407963821711,
      1.4956316563360523,
      1.108824185309413,
      0.7494172793582023,
      0.3715254595301208,
      0.6312702039495971,
      1.2230980805526073
    ],
    "influence_mode_bonus": 5.851350885351266,
    "late_region_weights": [
      1.0885081840120507,
      1.0025284761701672,
      0.9662778982841556,
      1.1530068044569308,
      1.0775157659706327,
      1.009807686889364,
      0.8295501340910918
    ],
    "mid_region_weights": [
      0.9824667616898495,
      1.0420603325006965,
      1.1857636089108194,
      0.9272599524642003,
      1.341184596752426,
      1.397263914647452,
      1.0208098086700765
    ],
    "ops_card_penalty": 0.19303830406599667,
    "realign_mode_bonus": -0.6108656701056034,
    "space_mode_bonus": 0.5645366233388849
  },
  "proxy_score": 0.8467741935483871,
  "snapshot_id": "candidate_0092",
  "source": "random_proxy_search",
  "speed_penalty": 0.15462137503896578
}
