{
  "created_process_s": 0.391782951,
  "created_wall_s": 8.257757806000882,
  "label": "random_38",
  "objective": 0.782258064516129,
  "paired_score": 0.0,
  "params": {
    "coup_mode_bonus": 4.0479176974995985,
    "early_region_weights": [
      0.8010488380038056,
      1.571466501837898,
      1.0672709869360575,
      0.5662246745343202,
      0.5583432773069362,
      0.6315860066082273,
      1.3224338178123414
    ],
    "influence_mode_bonus": 5.661511140102253,
    "late_region_weights": [
      1.040154177212444,
      0.8367104883592776,
      1.0354124745078421,
      1.0966589179623616,
      1.0178858680347647,
      1.021301921253702,
      0.7639756793031036
    ],
    "mid_region_weights": [
      0.9295200377641337,
      1.000400198103806,
      0.899840444016027,
      1.0352867112493698,
      1.1805750610624115,
      1.3174282371483947,
      0.958009431911874
    ],
    "ops_card_penalty": 0.1402875269499189,
    "realign_mode_bonus": -0.889217355936462,
    "space_mode_bonus": 1.1911103289385916
  },
  "proxy_score": 0.782258064516129,
  "snapshot_id": "candidate_0038",
  "source": "random_proxy_search",
  "speed_penalty": 0.0
}
