{
  "created_process_s": 0.40442767799999996,
  "created_wall_s": 8.270426161005162,
  "label": "random_71",
  "objective": 0.745682730191113,
  "paired_score": 0.0,
  "params": {
    "coup_mode_bonus": 3.7350738439116933,
    "early_region_weights": [
      0.921641068482181,
      1.2173864848247529,
      1.1932074771002643,
      0.5261381377427928,
      0.6515523083140795,
      0.5691901138366107,
      1.4310043745217769
    ],
    "influence_mode_bonus": 5.75759225591633,
    "late_region_weights": [
      1.1200200711088946,
      0.8507985627458159,
      0.936192883618949,
      1.1037783786536761,
      1.1763345675412318,
      1.1206590953334943,
      0.6499145497707643
    ],
    "mid_region_weights": [
      0.915235646881288,
      0.939058409001667,
      0.796307599076431,
      1.0093323899191287,
      1.1643861458760503,
      1.2234244547622697,
      0.8850375271057445
    ],
    "ops_card_penalty": 0.24292873964671538,
    "realign_mode_bonus": -1.0681143545488687,
    "space_mode_bonus": 0.9978704056124059
  },
  "proxy_score": 0.75,
  "snapshot_id": "candidate_0071",
  "source": "random_proxy_search",
  "speed_penalty": 0.043172698088870254
}
