{
  "created_process_s": 0.386365627,
  "created_wall_s": 8.252344628010178,
  "label": "random_23",
  "objective": 0.8467741935483871,
  "paired_score": 0.0,
  "params": {
    "coup_mode_bonus": 4.021310875453315,
    "early_region_weights": [
      0.975961683385563,
      1.4194946245384321,
      1.0593359118412202,
      0.5593061241292306,
      0.36245874901462394,
      0.6223993098159185,
      1.1255932279823808
    ],
    "influence_mode_bonus": 5.786331455653748,
    "late_region_weights": [
      1.0876928120215648,
      1.033964398979575,
      0.9875307827537981,
      0.8857476898096361,
      1.1212752095645337,
      0.9869912686330908,
      0.8433017295812927
    ],
    "mid_region_weights": [
      0.9496118735222083,
      1.1116383721603889,
      0.8254809526909531,
      1.0903288889095923,
      1.2750993297778686,
      1.1186378341496,
      1.0091251222986988
    ],
    "ops_card_penalty": 0.20616978312485712,
    "realign_mode_bonus": -1.0617284259986342,
    "space_mode_bonus": 1.0776916769788611
  },
  "proxy_score": 0.8467741935483871,
  "snapshot_id": "candidate_0023",
  "source": "random_proxy_search",
  "speed_penalty": 0.0
}
