{
  "created_process_s": 0.412675378,
  "created_wall_s": 8.278665885998635,
  "label": "random_90",
  "objective": 0.734566707650409,
  "paired_score": 0.0,
  "params": {
    "coup_mode_bonus": 4.298274384791101,
    "early_region_weights": [
      1.067437577802901,
      1.4048381308563433,
      1.1991915172258605,
      0.6421383783938566,
      0.48263256109157787,
      0.5538588123844104,
      1.3323070065573037
    ],
    "influence_mode_bonus": 6.257937372657666,
    "late_region_weights": [
      1.258362968537703,
      1.054403950806891,
      0.7874193790881936,
      1.0076891337619875,
      0.9315773647408467,
      1.0262345487773594,
      0.6565358807753114
    ],
    "mid_region_weights": [
      0.8501766863675213,
      1.0400771579210313,
      1.0013660100539805,
      0.8975880895255887,
      1.219081893222993,
      1.0179330198334604,
      0.9948292405147392
    ],
    "ops_card_penalty": 0.08394080906741772,
    "realign_mode_bonus": -0.8796114041921164,
    "space_mode_bonus": 1.0283012884487008
  },
  "proxy_score": 0.8145161290322581,
  "snapshot_id": "candidate_0090",
  "source": "random_proxy_search",
  "speed_penalty": 0.7994942138184911
}
