{
  "created_process_s": 0.41185574199999997,
  "created_wall_s": 8.2778467330063,
  "label": "random_88",
  "objective": 0.8145161290322581,
  "paired_score": 0.0,
  "params": {
    "coup_mode_bonus": 3.5080074285568688,
    "early_region_weights": [
      0.8584740202423871,
      1.2221350872228882,
      1.1629169546239868,
      0.40238385293856227,
      0.4260178869877109,
      0.6409752357864793,
      1.2401988673568736
    ],
    "influence_mode_bonus": 6.2875780872411,
    "late_region_weights": [
      1.0276476816820816,
      0.863701789104332,
      0.8967142778844652,
      1.1843794370825174,
      1.282411001143855,
      1.1521249609527984,
      0.6958705901921338
    ],
    "mid_region_weights": [
      0.9735318939425792,
      0.9963994647653353,
      0.8503539155690072,
      1.0676810587861092,
      1.0563727356627983,
      1.1647442916300084,
      1.0136203500367942
    ],
    "ops_card_penalty": 0.20935216932061496,
    "realign_mode_bonus": -0.7829283553845028,
    "space_mode_bonus": 0.7401047243600525
  },
  "proxy_score": 0.8145161290322581,
  "snapshot_id": "candidate_0088",
  "source": "random_proxy_search",
  "speed_penalty": 0.0
}
