{
  "created_process_s": 0.382943551,
  "created_wall_s": 8.248927192005794,
  "label": "random_17",
  "objective": 0.7718908917124431,
  "paired_score": 0.0,
  "params": {
    "coup_mode_bonus": 4.43645267168619,
    "early_region_weights": [
      0.8608828374857995,
      1.276330936683348,
      1.0118359572563607,
      0.5960362602159122,
      0.3762539945967346,
      0.5597642300017885,
      1.2546725119794757
    ],
    "influence_mode_bonus": 6.087770495809617,
    "late_region_weights": [
      1.2565140978705347,
      0.8018153604697926,
      0.840576480563369,
      1.0110353247263248,
      0.8872547664882642,
      1.1786236983961231,
      0.7100123384207249
    ],
    "mid_region_weights": [
      0.9370127353719083,
      1.0784389091892763,
      1.0167750323824842,
      1.0099639622950511,
      1.1619945448377997,
      1.1873797029227733,
      0.8839338731550475
    ],
    "ops_card_penalty": 0.14964014340760257,
    "realign_mode_bonus": -0.6043100705219333,
    "space_mode_bonus": 1.0913752744554384
  },
  "proxy_score": 0.8145161290322581,
  "snapshot_id": "candidate_0017",
  "source": "random_proxy_search",
  "speed_penalty": 0.4262523731981507
}
