{
  "created_process_s": 5.988947901,
  "created_wall_s": 13.84988217400678,
  "label": "spsa_18_plus",
  "objective": 0.8483969783159205,
  "paired_score": 0.0,
  "params": {
    "coup_mode_bonus": 3.3993163017414223,
    "early_region_weights": [
      0.9778241176829529,
      1.437691555117148,
      1.078922840652093,
      0.4893719258542441,
      0.39018362702453696,
      0.4721456573496818,
      1.386003522982254
    ],
    "influence_mode_bonus": 5.614307301267441,
    "late_region_weights": [
      1.1310754100242346,
      1.0281729139499614,
      0.8355368642491997,
      1.0674222463183196,
      1.105437203871142,
      0.9532794698112388,
      0.637085898420897
    ],
    "mid_region_weights": [
      0.9348190461142096,
      1.0495958318814054,
      1.0311723483770383,
      0.7510744891173767,
      1.2033458604641596,
      1.1558889697778425,
      0.7633057251729329
    ],
    "ops_card_penalty": 0.1961088864603524,
    "realign_mode_bonus": -0.9543953659481339,
    "space_mode_bonus": 1.1886620408199378
  },
  "proxy_score": 0.8790322580645161,
  "snapshot_id": "candidate_0155",
  "source": "proxy_spsa",
  "speed_penalty": 0.3063527974859559
}
