{
  "created_process_s": 0.40473433,
  "created_wall_s": 8.27073301099881,
  "label": "random_72",
  "objective": 0.8790322580645161,
  "paired_score": 0.0,
  "params": {
    "coup_mode_bonus": 3.9601307234541454,
    "early_region_weights": [
      0.9024439015503126,
      1.4325477128628203,
      1.0344310964157897,
      0.609490629608485,
      0.5077902156628046,
      0.8358362899409064,
      1.2702363153604799
    ],
    "influence_mode_bonus": 5.92316095802713,
    "late_region_weights": [
      1.0507036562440575,
      0.8845832609211138,
      1.0557353223954924,
      0.9139605724946847,
      0.9945613506604569,
      0.8722258963880098,
      0.5993703697586013
    ],
    "mid_region_weights": [
      0.9662735649920359,
      1.0268095466843326,
      1.145524261369583,
      0.8459180574641739,
      1.2294579722557049,
      1.309798946967781,
      1.05738229362748
    ],
    "ops_card_penalty": 0.1586612997718273,
    "realign_mode_bonus": -0.9104693448654234,
    "space_mode_bonus": 1.0167860312366825
  },
  "proxy_score": 0.8790322580645161,
  "snapshot_id": "candidate_0072",
  "source": "random_proxy_search",
  "speed_penalty": 0.0
}
