{
  "created_process_s": 0.422811616,
  "created_wall_s": 8.288818394998088,
  "label": "random_114",
  "objective": 0.8145161290322581,
  "paired_score": 0.0,
  "params": {
    "coup_mode_bonus": 3.960864160483156,
    "early_region_weights": [
      0.7953279730817859,
      1.5106427708730035,
      1.0747898240171643,
      0.6109820813656567,
      0.43333634805953597,
      0.7048632103124604,
      1.2213915832788333
    ],
    "influence_mode_bonus": 5.93589196553344,
    "late_region_weights": [
      1.0341511093968474,
      0.9015732663574876,
      0.9267051077100515,
      1.0491977748562162,
      0.9343833923558387,
      0.8873846160251078,
      0.9080232893507377
    ],
    "mid_region_weights": [
      0.8766865754815225,
      0.8479891394649492,
      0.9168862882213576,
      1.0790187432344407,
      1.0674277349484822,
      1.3438895471398224,
      0.7702225883809524
    ],
    "ops_card_penalty": 0.1436466784550043,
    "realign_mode_bonus": -0.743692832321841,
    "space_mode_bonus": 0.9780546364715964
  },
  "proxy_score": 0.8145161290322581,
  "snapshot_id": "candidate_0114",
  "source": "random_proxy_search",
  "speed_penalty": 0.0
}
