{
  "created_process_s": 0.419505226,
  "created_wall_s": 8.28551558899926,
  "label": "random_106",
  "objective": 0.758064527796495,
  "paired_score": 0.0,
  "params": {
    "coup_mode_bonus": 4.138743929538212,
    "early_region_weights": [
      0.779540062500607,
      1.393605705063618,
      1.1676716822216822,
      0.5506088472734492,
      0.5881449312363158,
      0.3873051446129349,
      1.3710168468653345
    ],
    "influence_mode_bonus": 6.116559281321286,
    "late_region_weights": [
      1.3001306433204478,
      0.8956257527420806,
      0.8971878953569883,
      1.0360730851526674,
      1.0348108486856475,
      1.0730727209984798,
      0.48763009398889573
    ],
    "mid_region_weights": [
      0.8716484431001364,
      0.9848787855710603,
      1.072933465900147,
      1.0328535479909278,
      1.1268467378588602,
      1.1800335591811089,
      0.874862479245446
    ],
    "ops_card_penalty": 0.1850095505693767,
    "realign_mode_bonus": -1.2761189535031918,
    "space_mode_bonus": 0.8483308052143965
  },
  "proxy_score": 0.782258064516129,
  "snapshot_id": "candidate_0106",
  "source": "random_proxy_search",
  "speed_penalty": 0.24193536719633957
}
