{
  "created_process_s": 0.423249062,
  "created_wall_s": 8.289255780997337,
  "label": "random_115",
  "objective": 0.8467741935483871,
  "paired_score": 0.0,
  "params": {
    "coup_mode_bonus": 3.650696928394117,
    "early_region_weights": [
      0.850895669466055,
      1.3725283396956323,
      1.1230254459632665,
      0.6730517907339908,
      0.36736140792159727,
      0.5643783505009417,
      1.2097221064714587
    ],
    "influence_mode_bonus": 5.647526166689668,
    "late_region_weights": [
      1.0692449128169361,
      0.8542474386535438,
      1.0054969007700116,
      1.0089926727903251,
      1.2245452737559264,
      1.0153984558661515,
      0.8503546648954323
    ],
    "mid_region_weights": [
      0.6453128775416914,
      0.9716210364435612,
      1.0355325579195425,
      0.9126147420538566,
      1.1967087451684104,
      1.1740845934188506,
      1.0554818874879737
    ],
    "ops_card_penalty": 0.15098430595164963,
    "realign_mode_bonus": -1.089771928748325,
    "space_mode_bonus": 0.9045254379847253
  },
  "proxy_score": 0.8467741935483871,
  "snapshot_id": "candidate_0115",
  "source": "random_proxy_search",
  "speed_penalty": 0.0
}
