{
  "created_process_s": 0.381157545,
  "created_wall_s": 8.24714270500408,
  "label": "random_12",
  "objective": 0.8020303786324803,
  "paired_score": 0.0,
  "params": {
    "coup_mode_bonus": 3.5334032034269116,
    "early_region_weights": [
      0.7096649545667809,
      1.235429776176345,
      1.011338688401752,
      0.5522326852209817,
      0.5258975272773793,
      0.5996484861206155,
      1.282174083549028
    ],
    "influence_mode_bonus": 5.946651223422854,
    "late_region_weights": [
      1.0227551167884223,
      1.0053565469736863,
      0.7816881339747593,
      1.1415160885813214,
      1.0822377571328152,
      0.9323744908841485,
      0.634421160882179
    ],
    "mid_region_weights": [
      0.8310379092982715,
      1.0746896983105427,
      0.8159801408907518,
      0.9436030633210235,
      1.073537313181211,
      1.2926987730951227,
      1.021022984168593
    ],
    "ops_card_penalty": 0.1920868390798064,
    "realign_mode_bonus": -1.0910469301825043,
    "space_mode_bonus": 0.8781953590467434
  },
  "proxy_score": 0.8467741935483871,
  "snapshot_id": "candidate_0012",
  "source": "random_proxy_search",
  "speed_penalty": 0.44743814915906843
}
