{
  "created_process_s": 6.565558452,
  "created_wall_s": 14.425422446001903,
  "label": "spsa_20_plus",
  "objective": 0.8543009910165361,
  "paired_score": 0.0,
  "params": {
    "coup_mode_bonus": 3.426874845230152,
    "early_region_weights": [
      0.9686379365200429,
      1.437933464370059,
      1.088109021815003,
      0.48018574469133424,
      0.38994171777162623,
      0.4723875666025925,
      1.386245432235165
    ],
    "influence_mode_bonus": 5.641865844756171,
    "late_region_weights": [
      1.1308335007713237,
      1.0284148232028723,
      0.8263506830862898,
      1.0766084274812295,
      1.1056791131240529,
      0.9624656509741487,
      0.6373278076738077
    ],
    "mid_region_weights": [
      0.934577136861299,
      1.0404096507184954,
      1.0309304391241274,
      0.7513163983702874,
      1.1941596793012497,
      1.1467027886149326,
      0.754119544010023
    ],
    "ops_card_penalty": 0.19618145923622562,
    "realign_mode_bonus": -0.9727677282739536,
    "space_mode_bonus": 1.170289678494118
  },
  "proxy_score": 0.8790322580645161,
  "snapshot_id": "candidate_0159",
  "source": "proxy_spsa",
  "speed_penalty": 0.24731267047980032
}
