{
  "created_process_s": 0.421543862,
  "created_wall_s": 8.28755266701046,
  "label": "random_111",
  "objective": 0.8467741935483871,
  "paired_score": 0.0,
  "params": {
    "coup_mode_bonus": 4.331890254264739,
    "early_region_weights": [
      0.8459243564987852,
      1.3530225904485509,
      1.0870305093505555,
      0.49439617623738136,
      0.5879052025504096,
      0.5347237825781203,
      1.282247814228339
    ],
    "influence_mode_bonus": 5.60325227986671,
    "late_region_weights": [
      1.04498202987508,
      0.9663873777307094,
      1.1227321172876827,
      0.9072429806848468,
      1.0844358969441994,
      1.008165747208214,
      0.7794811621975206
    ],
    "mid_region_weights": [
      0.7960023409721255,
      1.063721981716522,
      1.1589689819285187,
      0.8840533800139391,
      1.1017039556493842,
      1.274986942166289,
      1.0128129980618035
    ],
    "ops_card_penalty": 0.16127769160188493,
    "realign_mode_bonus": -0.9300946872987996,
    "space_mode_bonus": 0.9686279139212444
  },
  "proxy_score": 0.8467741935483871,
  "snapshot_id": "candidate_0111",
  "source": "random_proxy_search",
  "speed_penalty": 0.0
}
