{
  "created_process_s": 0.393747078,
  "created_wall_s": 8.25971924100304,
  "label": "random_43",
  "objective": 0.8145161290322581,
  "paired_score": 0.0,
  "params": {
    "coup_mode_bonus": 4.53712716779609,
    "early_region_weights": [
      0.8073924752108239,
      1.2453455998011775,
      1.1234087679933389,
      0.4903067597632278,
      0.5320662438853425,
      0.7217512583407656,
      1.1641496551004658
    ],
    "influence_mode_bonus": 6.220130889936718,
    "late_region_weights": [
      1.1027218640475955,
      1.0921983564195707,
      1.0049833214806898,
      0.9918343866935797,
      1.1487527752751203,
      1.035152903168181,
      0.6569403683619519
    ],
    "mid_region_weights": [
      1.012277110417844,
      0.9288757291618951,
      1.0122278900137491,
      1.1747007596355103,
      1.3325985730301568,
      1.1381825550340936,
      0.6467628874142197
    ],
    "ops_card_penalty": 0.17492107154070993,
    "realign_mode_bonus": -0.8584466247988994,
    "space_mode_bonus": 1.1267069227788158
  },
  "proxy_score": 0.8145161290322581,
  "snapshot_id": "candidate_0043",
  "source": "random_proxy_search",
  "speed_penalty": 0.0
}
