{
  "created_process_s": 0.420648867,
  "created_wall_s": 8.286658190001617,
  "label": "random_108",
  "objective": 0.8145161290322581,
  "paired_score": 0.0,
  "params": {
    "coup_mode_bonus": 3.4606613092103213,
    "early_region_weights": [
      0.8093214015829037,
      1.475958555862579,
      1.224432673564221,
      0.5984332164524935,
      0.49601652492199355,
      0.6825098637933631,
      1.3091724968329517
    ],
    "influence_mode_bonus": 5.891586824835322,
    "late_region_weights": [
      1.2681546106026849,
      0.8819671075259099,
      1.031497128389722,
      0.9613661519046677,
      1.2591578289100627,
      1.0873120765701132,
      0.7102727571465791
    ],
    "mid_region_weights": [
      1.0787300783680742,
      1.0251447570021996,
      0.9772956244256787,
      0.8376845651745058,
      1.3404544018781548,
      1.3980294662638841,
      0.846223811531469
    ],
    "ops_card_penalty": 0.1824285347136808,
    "realign_mode_bonus": -0.8078120236551978,
    "space_mode_bonus": 1.1743512546422865
  },
  "proxy_score": 0.8145161290322581,
  "snapshot_id": "candidate_0108",
  "source": "random_proxy_search",
  "speed_penalty": 0.0
}
