{
  "created_process_s": 7.529457345,
  "created_wall_s": 15.38738568899862,
  "label": "spsa_23_minus",
  "objective": 0.8605816567890687,
  "paired_score": 0.0,
  "params": {
    "coup_mode_bonus": 3.4009475725217286,
    "early_region_weights": [
      0.9772803607561841,
      1.4465758886062,
      1.079466597578862,
      0.4888281689274753,
      0.3896398700977682,
      0.47268941427645056,
      1.386547279909023
    ],
    "influence_mode_bonus": 5.640960301734596,
    "late_region_weights": [
      1.1305316530974656,
      1.0287166708767304,
      0.8349931073224309,
      1.0679660032450886,
      1.105980960797911,
      0.9621638033002906,
      0.6376296553476658
    ],
    "mid_region_weights": [
      0.9342752891874408,
      1.0490520749546364,
      1.0222880148879865,
      0.7516182460441455,
      1.2028021035373906,
      1.1470046362887907,
      0.7544213916838811
    ],
    "ops_card_penalty": 0.19627201353838306,
    "realign_mode_bonus": -0.9721640329262375,
    "space_mode_bonus": 1.1708933738418341
  },
  "proxy_score": 0.8790322580645161,
  "snapshot_id": "candidate_0166",
  "source": "proxy_spsa",
  "speed_penalty": 0.18450601275447442
}
