{
  "created_process_s": 0.411474792,
  "created_wall_s": 8.277466230996652,
  "label": "random_87",
  "objective": 0.8790322580645161,
  "paired_score": 0.0,
  "params": {
    "coup_mode_bonus": 3.833615069389863,
    "early_region_weights": [
      0.6347629951058855,
      1.3187811807686127,
      1.0970602901573057,
      0.5784172858744941,
      0.5407723490310911,
      0.8127919957656184,
      1.436099794196961
    ],
    "influence_mode_bonus": 6.313792176851804,
    "late_region_weights": [
      1.0430288073938863,
      0.9546705147903867,
      0.9222134901800503,
      1.0536515839122969,
      0.954934018478082,
      1.052927081112982,
      0.6947159221439461
    ],
    "mid_region_weights": [
      0.9372483925525963,
      1.019839266347062,
      1.0837792972398925,
      0.8584396559669815,
      1.2435909464032069,
      1.3743968216249285,
      0.9622492121065158
    ],
    "ops_card_penalty": 0.12065112515973898,
    "realign_mode_bonus": -0.9104138592934929,
    "space_mode_bonus": 0.6985494128380864
  },
  "proxy_score": 0.8790322580645161,
  "snapshot_id": "candidate_0087",
  "source": "random_proxy_search",
  "speed_penalty": 0.0
}
