{
  "created_process_s": 4.530870406,
  "created_wall_s": 12.391385398004786,
  "label": "spsa_13_plus",
  "objective": 0.8418805801243666,
  "paired_score": 0.0,
  "params": {
    "coup_mode_bonus": 3.3968174314783965,
    "early_region_weights": [
      0.9786570744372949,
      1.4479526022873108,
      1.0891838878222557,
      0.47911087868408153,
      0.3799225798543744,
      0.4713127005953398,
      1.3962645701524168
    ],
    "influence_mode_bonus": 5.645090442777929,
    "late_region_weights": [
      1.1319083667785765,
      1.038433961120124,
      0.8363698210035417,
      1.0776832934884824,
      1.1046042471168,
      0.9635405169814014,
      0.6473469455910597
    ],
    "mid_region_weights": [
      0.9356520028685517,
      1.0504287886357473,
      1.0209113012068756,
      0.7502415323630347,
      1.1930848132939968,
      1.1456279226076798,
      0.7530446780027703
    ],
    "ops_card_penalty": 0.1958589994340498,
    "realign_mode_bonus": -0.95272945243945,
    "space_mode_bonus": 1.1903279543286218
  },
  "proxy_score": 0.8790322580645161,
  "snapshot_id": "candidate_0145",
  "source": "proxy_spsa",
  "speed_penalty": 0.3715167794014955
}
