{
  "created_process_s": 0.41576279299999996,
  "created_wall_s": 8.281750078007462,
  "label": "random_98",
  "objective": 0.8241104856399625,
  "paired_score": 0.0,
  "params": {
    "coup_mode_bonus": 3.6613187747694265,
    "early_region_weights": [
      0.9275008816895914,
      1.3058442028769495,
      1.0385051942796169,
      0.711701315359589,
      0.6046421771159242,
      0.670341011338608,
      1.207337803382553
    ],
    "influence_mode_bonus": 5.779976754323308,
    "late_region_weights": [
      1.0746438244552798,
      0.8402707609319577,
      0.933982142463307,
      1.113886396086548,
      1.3594257204568827,
      0.9548694108539902,
      0.5692511114848604
    ],
    "mid_region_weights": [
      0.8897990699073324,
      1.1506006499154156,
      0.9218860689290422,
      0.9553592865517309,
      1.205346959980225,
      1.4186399433379526,
      1.0019409209882553
    ],
    "ops_card_penalty": 0.11108060515518581,
    "realign_mode_bonus": -0.8659953298899444,
    "space_mode_bonus": 1.2711239631110633
  },
  "proxy_score": 0.8467741935483871,
  "snapshot_id": "candidate_0098",
  "source": "random_proxy_search",
  "speed_penalty": 0.22663707908424668
}
