{
  "created_process_s": 0.64914805,
  "created_wall_s": 8.514936061998014,
  "label": "spsa_1_plus",
  "objective": 0.7876648594756535,
  "paired_score": 0.0,
  "params": {
    "coup_mode_bonus": 3.4734584373651534,
    "early_region_weights": [
      0.9531100724750425,
      1.4624056003250585,
      1.0636368858600034,
      0.4646578806463338,
      0.4054695818166267,
      0.4968597025575921,
      1.3707175681901644
    ],
    "influence_mode_bonus": 5.6884494368911716,
    "late_region_weights": [
      1.1463613648163242,
      1.0128869591578717,
      0.8108228190412894,
      1.09213629152623,
      1.0901512490790524,
      0.9779935150191491,
      0.6617999436288073
    ],
    "mid_region_weights": [
      0.9501050009062993,
      1.064881786673495,
      1.046458303169128,
      0.735788534325287,
      1.1786318152562492,
      1.171174924569932,
      0.7385916799650226
    ],
    "ops_card_penalty": 0.1915231000227255,
    "realign_mode_bonus": -0.9238234563639545,
    "space_mode_bonus": 1.2192339504041172
  },
  "proxy_score": 0.8790322580645161,
  "snapshot_id": "candidate_0121",
  "source": "proxy_spsa",
  "speed_penalty": 0.9136739858886271
}
