{
  "created_process_s": 0.388490931,
  "created_wall_s": 8.254469095001696,
  "label": "random_30",
  "objective": 0.7714997082080786,
  "paired_score": 0.0,
  "params": {
    "coup_mode_bonus": 4.186516929734728,
    "early_region_weights": [
      0.9439525143317893,
      1.4021306120833619,
      1.183698451216382,
      0.5512352843020702,
      0.4584718438474649,
      0.5343692089684018,
      1.2825621650257677
    ],
    "influence_mode_bonus": 5.818538605097933,
    "late_region_weights": [
      1.2393564472206613,
      0.9537084877681008,
      1.0228020509011466,
      1.1583076764440157,
      1.0383901683407255,
      0.8764998731527243,
      0.6008341480117068
    ],
    "mid_region_weights": [
      0.9305346108770145,
      1.0044892118712168,
      1.0490552329073946,
      1.0308421133309114,
      1.216232769188038,
      1.1689400801913892,
      0.873308231384815
    ],
    "ops_card_penalty": 0.1353904670294976,
    "realign_mode_bonus": -0.8750618736037522,
    "space_mode_bonus": 0.9816129179765116
  },
  "proxy_score": 0.782258064516129,
  "snapshot_id": "candidate_0030",
  "source": "random_proxy_search",
  "speed_penalty": 0.10758356308050399
}
