{
  "created_process_s": 0.38988001499999997,
  "created_wall_s": 8.255855690003955,
  "label": "random_33",
  "objective": 0.8145161290322581,
  "paired_score": 0.0,
  "params": {
    "coup_mode_bonus": 3.6981048937082743,
    "early_region_weights": [
      0.7152057068109019,
      1.4361430437894638,
      1.1163125551822564,
      0.45742877670423276,
      0.5542857759136781,
      0.6897126108340264,
      1.4083057017171547
    ],
    "influence_mode_bonus": 5.437836694576161,
    "late_region_weights": [
      0.9197416448826783,
      0.8942166296396853,
      0.955771545404245,
      0.9208044075460937,
      1.2070315443320452,
      1.0037088237540515,
      0.764750988138361
    ],
    "mid_region_weights": [
      1.0094819125033871,
      0.9449170484023581,
      0.9695049145202131,
      0.9724517920211984,
      1.3584339861964936,
      1.2020551079623822,
      0.902049758847611
    ],
    "ops_card_penalty": 0.20649907740297913,
    "realign_mode_bonus": -0.9311135490908256,
    "space_mode_bonus": 0.6116094247517174
  },
  "proxy_score": 0.8145161290322581,
  "snapshot_id": "candidate_0033",
  "source": "random_proxy_search",
  "speed_penalty": 0.0
}
