{
  "created_process_s": 0.397845215,
  "created_wall_s": 8.263813079000101,
  "label": "random_54",
  "objective": 0.8415099549654205,
  "paired_score": 0.0,
  "params": {
    "coup_mode_bonus": 3.8380121615853104,
    "early_region_weights": [
      0.9918854174194056,
      1.3487518623920394,
      1.1046758764702158,
      0.590148890112224,
      0.7567567409568687,
      0.4861338594295185,
      1.2332495056283705
    ],
    "influence_mode_bonus": 5.962543877909078,
    "late_region_weights": [
      1.1810644188399155,
      1.0147844294518018,
      0.7823841701013828,
      1.227170679213612,
      1.1162716937510344,
      1.1599334688459981,
      0.8651611135972863
    ],
    "mid_region_weights": [
      0.8015073311272582,
      1.0033962547170703,
      1.0730775240839896,
      0.8901662180129492,
      1.168675000384025,
      1.3568383533812054,
      0.6470072871721702
    ],
    "ops_card_penalty": 0.15602105272709121,
    "realign_mode_bonus": -1.3716065604462302,
    "space_mode_bonus": 0.6922921788637981
  },
  "proxy_score": 0.8467741935483871,
  "snapshot_id": "candidate_0054",
  "source": "random_proxy_search",
  "speed_penalty": 0.052642385829666516
}
