{
  "created_process_s": 7.263971727,
  "created_wall_s": 15.122467742010485,
  "label": "spsa_22_minus",
  "objective": 0.8646710967976818,
  "paired_score": 0.0,
  "params": {
    "coup_mode_bonus": 3.42625048034649,
    "early_region_weights": [
      0.9688460581479303,
      1.4466696146521707,
      1.0879009001871156,
      0.488921894973446,
      0.38973359614373887,
      0.4811237168847043,
      1.3864535538630522
    ],
    "influence_mode_bonus": 5.615657393909835,
    "late_region_weights": [
      1.1306253791434364,
      1.0286229448307596,
      0.8350868333684016,
      1.0678722771991178,
      1.1144152634061646,
      0.9622575293462613,
      0.6375359293016951
    ],
    "mid_region_weights": [
      0.9258409865791871,
      1.0406177723463828,
      1.03072231749624,
      0.7600525486523992,
      1.194367800929137,
      1.1554389388970443,
      0.7628556942921348
    ],
    "ops_card_penalty": 0.19880230432085916,
    "realign_mode_bonus": -0.9723514850181789,
    "space_mode_bonus": 1.1877619790583416
  },
  "proxy_score": 0.8790322580645161,
  "snapshot_id": "candidate_0164",
  "source": "proxy_spsa",
  "speed_penalty": 0.1436116126683431
}
