{
  "created_process_s": 7.659938616,
  "created_wall_s": 15.517611643997952,
  "label": "spsa_24_plus",
  "objective": 0.8654648906196097,
  "paired_score": 0.0,
  "params": {
    "coup_mode_bonus": 3.425705886079069,
    "early_region_weights": [
      0.9771925553796812,
      1.4383231174204198,
      1.0795544029553648,
      0.48057539774169516,
      0.3895520647212653,
      0.47277721965295344,
      1.394800051094803
    ],
    "influence_mode_bonus": 5.616201988177256,
    "late_region_weights": [
      1.1222788819116856,
      1.0369694420625104,
      0.834905301945928,
      1.0762187744308687,
      1.114233731983691,
      0.9620759979237877,
      0.645882426533446
    ],
    "mid_region_weights": [
      0.9260225180016607,
      1.0407993037688563,
      1.0223758202644893,
      0.7598710172299257,
      1.1945493323516105,
      1.1552574074745707,
      0.7626741628696613
    ],
    "ops_card_penalty": 0.1962983551513339,
    "realign_mode_bonus": -0.9556584905546772,
    "space_mode_bonus": 1.1710689845948399
  },
  "proxy_score": 0.8790322580645161,
  "snapshot_id": "candidate_0167",
  "source": "proxy_spsa",
  "speed_penalty": 0.13567367444906342
}
