{
  "created_process_s": 1.212581441,
  "created_wall_s": 9.07776266199653,
  "label": "spsa_2_minus",
  "objective": 0.829751934565294,
  "paired_score": 0.0,
  "params": {
    "coup_mode_bonus": 3.3710320304939603,
    "early_region_weights": [
      0.9589679368513117,
      1.4565477359487895,
      1.0694947502362724,
      0.49880001627006476,
      0.3713274461928957,
      0.49100183818132304,
      1.4048597038138955
    ],
    "influence_mode_bonus": 5.586023030019979,
    "late_region_weights": [
      1.1405035004400552,
      1.0470290947816028,
      0.8449649546650203,
      1.086278427149961,
      1.0960091134553214,
      0.97213565064288,
      0.6276578080050764
    ],
    "mid_region_weights": [
      0.9159628652825684,
      1.059023922297226,
      1.0123161675453969,
      0.7699306699490179,
      1.1844896796325182,
      1.165317060193663,
      0.7444495443412917
    ],
    "ops_card_penalty": 0.1932804593356062,
    "realign_mode_bonus": -0.9921077276114164,
    "space_mode_bonus": 1.207518221651579
  },
  "proxy_score": 0.8790322580645161,
  "snapshot_id": "candidate_0124",
  "source": "proxy_spsa",
  "speed_penalty": 0.492803234992222
}
