{
  "created_process_s": 0.40260382499999997,
  "created_wall_s": 8.268604869997944,
  "label": "random_65",
  "objective": 0.763297933400153,
  "paired_score": 0.0,
  "params": {
    "coup_mode_bonus": 3.8235606016377597,
    "early_region_weights": [
      0.8767444615662051,
      1.1621926454145812,
      1.049065863848612,
      0.6870469152957558,
      0.4480348366834786,
      0.7098156746660624,
      1.188540272328869
    ],
    "influence_mode_bonus": 5.472486074780349,
    "late_region_weights": [
      0.9386400998925939,
      0.9626017058893892,
      0.9331373143820593,
      1.0976878626236335,
      1.1168162711295255,
      1.0428604236745733,
      0.8124833620702421
    ],
    "mid_region_weights": [
      0.806636548621303,
      1.0869872142171233,
      0.9475045980190672,
      1.1341141846683336,
      1.2934619343757132,
      1.2541947891841712,
      0.8197121229355431
    ],
    "ops_card_penalty": 0.1430136269366407,
    "realign_mode_bonus": -1.0450185619051204,
    "space_mode_bonus": 1.0188885758555775
  },
  "proxy_score": 0.782258064516129,
  "snapshot_id": "candidate_0065",
  "source": "random_proxy_search",
  "speed_penalty": 0.18960131115976098
}
