{
  "created_process_s": 0.381481902,
  "created_wall_s": 8.247466308006551,
  "label": "random_13",
  "objective": 0.7532447218498902,
  "paired_score": 0.0,
  "params": {
    "coup_mode_bonus": 4.012520887738253,
    "early_region_weights": [
      0.6761239598316435,
      1.4057679662120321,
      1.06383735033504,
      0.5313729680683733,
      0.38687005300298605,
      0.7812860663727182,
      1.2951149511790243
    ],
    "influence_mode_bonus": 5.944567799127402,
    "late_region_weights": [
      1.0989970392776531,
      1.150967660000366,
      0.8738787770918744,
      1.0150446499539416,
      1.1660283957152633,
      0.8145601543763795,
      0.7353298624050632
    ],
    "mid_region_weights": [
      1.0135282537989256,
      0.897540042089447,
      1.0133361657686546,
      0.9580320304176891,
      1.110038706887558,
      1.1571288370175523,
      0.8828605213567355
    ],
    "ops_card_penalty": 0.17674788205533645,
    "realign_mode_bonus": -1.4594401281687863,
    "space_mode_bonus": 1.1464827934589887
  },
  "proxy_score": 0.8145161290322581,
  "snapshot_id": "candidate_0013",
  "source": "random_proxy_search",
  "speed_penalty": 0.6127140718236794
}
