{
  "created_process_s": 0.417097938,
  "created_wall_s": 8.28308373100299,
  "label": "random_101",
  "objective": 0.8660595720884717,
  "paired_score": 0.0,
  "params": {
    "coup_mode_bonus": 4.001711467551012,
    "early_region_weights": [
      0.7928432057659015,
      1.381406182152194,
      1.154831733781644,
      0.45038515849944133,
      0.6195292614363459,
      0.46503581402791494,
      1.1792358342072278
    ],
    "influence_mode_bonus": 5.879337734720676,
    "late_region_weights": [
      0.8958836930734223,
      0.9691217550397088,
      0.9189889270872407,
      1.0047695710320632,
      1.2013996896083714,
      1.0114327779246397,
      0.824457260554081
    ],
    "mid_region_weights": [
      0.9081404287076301,
      1.0311304559367023,
      0.9190002721201699,
      0.9790744030243524,
      1.3893923145787872,
      1.0765831454982289,
      0.6179871902669216
    ],
    "ops_card_penalty": 0.16571932481750798,
    "realign_mode_bonus": -0.8952518732941717,
    "space_mode_bonus": 1.1012923663149028
  },
  "proxy_score": 0.8790322580645161,
  "snapshot_id": "candidate_0101",
  "source": "random_proxy_search",
  "speed_penalty": 0.12972685976044418
}
