{
  "created_process_s": 0.409945974,
  "created_wall_s": 8.275938990002032,
  "label": "random_83",
  "objective": 0.808052137275828,
  "paired_score": 0.0,
  "params": {
    "coup_mode_bonus": 4.024190178126221,
    "early_region_weights": [
      0.899842482560474,
      1.285010149473413,
      1.1771467151374702,
      0.6211781575950761,
      0.6339712235483467,
      0.603504070507401,
      1.3577692824512078
    ],
    "influence_mode_bonus": 5.744832856222414,
    "late_region_weights": [
      1.1977799818428714,
      0.9787556911246862,
      0.9559624146292046,
      0.8296219992311415,
      1.016379064855459,
      1.0326030032367053,
      0.654057133217957
    ],
    "mid_region_weights": [
      1.0703906354779607,
      1.071480974644749,
      0.9810458904059651,
      1.1296405622040642,
      1.1382318805168534,
      1.1320869877897561,
      0.744729282536492
    ],
    "ops_card_penalty": 0.11015432770596756,
    "realign_mode_bonus": -1.128256401014686,
    "space_mode_bonus": 1.0869241583676197
  },
  "proxy_score": 0.8145161290322581,
  "snapshot_id": "candidate_0083",
  "source": "random_proxy_search",
  "speed_penalty": 0.06463991756430087
}
