{
  "created_process_s": 0.38410938699999997,
  "created_wall_s": 8.25008991100185,
  "label": "random_20",
  "objective": 0.8250358787383483,
  "paired_score": 0.0,
  "params": {
    "coup_mode_bonus": 4.0475930392569515,
    "early_region_weights": [
      1.036453232872909,
      1.2377608315533408,
      1.2149337939443297,
      0.6544956710513379,
      0.6188939163588716,
      0.7479387408971668,
      1.021077508232834
    ],
    "influence_mode_bonus": 6.0652991562485115,
    "late_region_weights": [
      1.00121271648201,
      1.1572590305963935,
      0.8324346250569112,
      1.0017282617314336,
      1.0113031594507556,
      1.1181371750783866,
      0.8824549555561209
    ],
    "mid_region_weights": [
      0.9539715300105314,
      1.1458334984840417,
      1.2609347719185715,
      0.9686186866054283,
      0.9805960402222627,
      1.1576930236714273,
      0.8479907569735449
    ],
    "ops_card_penalty": 0.19649686410005746,
    "realign_mode_bonus": -1.153224659590204,
    "space_mode_bonus": 0.8380939270916954
  },
  "proxy_score": 0.8467741935483871,
  "snapshot_id": "candidate_0020",
  "source": "random_proxy_search",
  "speed_penalty": 0.21738314810038872
}
