{
  "created_process_s": 7.397137925,
  "created_wall_s": 15.25535052100895,
  "label": "spsa_23_plus",
  "objective": 0.8648322612896244,
  "paired_score": 0.0,
  "params": {
    "coup_mode_bonus": 3.425969302208578,
    "early_region_weights": [
      0.968939784193901,
      1.438235312043917,
      1.0878071741411448,
      0.4804875923651923,
      0.38129929353548514,
      0.4810299908387336,
      1.3948878564713059
    ],
    "influence_mode_bonus": 5.615938572047748,
    "late_region_weights": [
      1.1221910765351828,
      1.0370572474390132,
      0.8266525307601479,
      1.0763065798073714,
      1.1143215373601938,
      0.9538232267380076,
      0.6459702319099488
    ],
    "mid_region_weights": [
      0.9259347126251578,
      1.0407114983923536,
      1.0306285914502693,
      0.7599588226064286,
      1.1944615269751078,
      1.1553452128510735,
      0.7627619682461642
    ],
    "ops_card_penalty": 0.19877418650706793,
    "realign_mode_bonus": -0.9554828798016715,
    "space_mode_bonus": 1.1875745269664002
  },
  "proxy_score": 0.8790322580645161,
  "snapshot_id": "candidate_0165",
  "source": "proxy_spsa",
  "speed_penalty": 0.141999967748917
}
