{
  "created_process_s": 0.41402617599999997,
  "created_wall_s": 8.280014736999874,
  "label": "random_93",
  "objective": 0.8467741935483871,
  "paired_score": 0.0,
  "params": {
    "coup_mode_bonus": 3.9279942524758895,
    "early_region_weights": [
      0.8722429885434692,
      1.3421132359447159,
      1.1214397788009656,
      0.7003383567732648,
      0.450979226087095,
      0.7102440772211919,
      1.276798112518426
    ],
    "influence_mode_bonus": 5.828829873553698,
    "late_region_weights": [
      0.9857919935125709,
      1.0002373514522447,
      0.9529612619561696,
      0.9884664570441198,
      1.1722405021102087,
      1.0376358551717026,
      0.6123766274130147
    ],
    "mid_region_weights": [
      0.9933652674938673,
      1.1266117760655223,
      1.2087088380153825,
      0.8413547430222047,
      1.323784727521086,
      1.207660755018135,
      0.9199383308078608
    ],
    "ops_card_penalty": 0.16178927601458915,
    "realign_mode_bonus": -0.9533042418574628,
    "space_mode_bonus": 0.707292378973704
  },
  "proxy_score": 0.8467741935483871,
  "snapshot_id": "candidate_0093",
  "source": "random_proxy_search",
  "speed_penalty": 0.0
}
