{
  "created_process_s": 0.42228475499999996,
  "created_wall_s": 8.288292999000987,
  "label": "random_113",
  "objective": 0.8145161290322581,
  "paired_score": 0.0,
  "params": {
    "coup_mode_bonus": 3.775253985091047,
    "early_region_weights": [
      0.9874360887773391,
      1.08441082938434,
      1.2045768493115014,
      0.6341076307140091,
      0.5920466283852917,
      0.5806341117996061,
      1.3469180986118505
    ],
    "influence_mode_bonus": 5.996369142634937,
    "late_region_weights": [
      1.1258864430591944,
      0.9803550539795403,
      1.0422774364762883,
      0.9493130998282403,
      1.1100860174172018,
      1.002832277831022,
      0.667102865013847
    ],
    "mid_region_weights": [
      0.8742298019355931,
      0.893128421127048,
      0.9597568020591855,
      1.0577659553712941,
      1.1901408288216606,
      1.3402005754337054,
      0.8766825710820135
    ],
    "ops_card_penalty": 0.15155704998788794,
    "realign_mode_bonus": -1.2204859541210082,
    "space_mode_bonus": 1.155298525079437
  },
  "proxy_score": 0.8145161290322581,
  "snapshot_id": "candidate_0113",
  "source": "random_proxy_search",
  "speed_penalty": 0.0
}
