{
  "created_process_s": 0.41747550099999997,
  "created_wall_s": 8.283461030005128,
  "label": "random_102",
  "objective": 0.8063650844433797,
  "paired_score": 0.0,
  "params": {
    "coup_mode_bonus": 3.6041661647991736,
    "early_region_weights": [
      0.8400185837499812,
      1.2733033796865603,
      1.0839033632204735,
      0.6536572638934556,
      0.43466170255601666,
      0.6545285762963515,
      1.3721196244121758
    ],
    "influence_mode_bonus": 5.7204880963187055,
    "late_region_weights": [
      1.3175481447755073,
      0.9425809143921876,
      0.8584685244907087,
      0.9830827384650613,
      1.0607496090806041,
      0.990679693315817,
      0.601712941073296
    ],
    "mid_region_weights": [
      1.0758531555473287,
      1.0660899634559518,
      0.8744508548094907,
      1.0795428581153628,
      1.0338106547525288,
      1.237388249494773,
      0.882153641414028
    ],
    "ops_card_penalty": 0.1926987280486342,
    "realign_mode_bonus": -0.9661874506695651,
    "space_mode_bonus": 0.6890809750960323
  },
  "proxy_score": 0.8145161290322581,
  "snapshot_id": "candidate_0102",
  "source": "random_proxy_search",
  "speed_penalty": 0.08151044588878409
}
