{
  "created_process_s": 7.798675692,
  "created_wall_s": 15.656064715003595,
  "label": "spsa_24_minus",
  "objective": 0.8581976305205348,
  "paired_score": 0.0,
  "params": {
    "coup_mode_bonus": 3.4012109886512376,
    "early_region_weights": [
      0.9690275895704039,
      1.4464880832296971,
      1.087719368764642,
      0.48874036355097245,
      0.381387098911988,
      0.4809421854622307,
      1.3866350852855258
    ],
    "influence_mode_bonus": 5.640696885605088,
    "late_region_weights": [
      1.1304438477209628,
      1.0288044762532331,
      0.8267403361366508,
      1.0680538086215914,
      1.1060687661744137,
      0.9539110321145104,
      0.6377174607241687
    ],
    "mid_region_weights": [
      0.934187483810938,
      1.0489642695781336,
      1.0305407860737665,
      0.7517060514206484,
      1.2027142981608878,
      1.1470924416652934,
      0.754509197060384
    ],
    "ops_card_penalty": 0.1987478448941171,
    "realign_mode_bonus": -0.9719884221732318,
    "space_mode_bonus": 1.1873989162133944
  },
  "proxy_score": 0.8790322580645161,
  "snapshot_id": "candidate_0168",
  "source": "proxy_spsa",
  "speed_penalty": 0.20834627543981354
}
