{
  "created_process_s": 0.37743349099999995,
  "created_wall_s": 8.243421585008036,
  "label": "random_2",
  "objective": 0.7386817745193234,
  "paired_score": 0.0,
  "params": {
    "coup_mode_bonus": 4.031177448027561,
    "early_region_weights": [
      0.8340961403672799,
      1.3684659360578262,
      1.1809604182606255,
      0.569833735285085,
      0.5828374286538265,
      0.5308162542402182,
      1.3952401656552615
    ],
    "influence_mode_bonus": 5.917815171722304,
    "late_region_weights": [
      1.2327837054004067,
      0.9662722392473682,
      1.2028760590962304,
      0.8785204266963859,
      1.162748385204636,
      0.9425975735277483,
      0.6324450412216097
    ],
    "mid_region_weights": [
      1.0595618494676204,
      0.8358830096293448,
      1.066609509781394,
      0.8192770167868574,
      1.0379738750364056,
      1.1012346235029289,
      0.9976571329786925
    ],
    "ops_card_penalty": 0.16146468557053079,
    "realign_mode_bonus": -1.1570178181712565,
    "space_mode_bonus": 0.6552585429572664
  },
  "proxy_score": 0.8145161290322581,
  "snapshot_id": "candidate_0002",
  "source": "random_proxy_search",
  "speed_penalty": 0.7583435451293472
}
