{
  "created_process_s": 0.420196723,
  "created_wall_s": 8.286206507007591,
  "label": "random_107",
  "objective": 0.8275581638863535,
  "paired_score": 0.0,
  "params": {
    "coup_mode_bonus": 3.9691561179722883,
    "early_region_weights": [
      0.9277710272676313,
      1.3109305991997813,
      1.1104805790911043,
      0.7239251493184203,
      0.693564196260894,
      0.657923360105852,
      1.2503206380497929
    ],
    "influence_mode_bonus": 6.292979624705414,
    "late_region_weights": [
      1.2771887355306473,
      1.027899751468268,
      0.9923669780869536,
      0.8597240624077408,
      0.834183927131888,
      0.9655395984304224,
      0.7059204758983642
    ],
    "mid_region_weights": [
      1.0450866245549872,
      0.8489005553782989,
      1.0027525014592584,
      0.8585393040978438,
      1.1514680115566638,
      1.085237668758416,
      0.7346133377586128
    ],
    "ops_card_penalty": 0.147866242711985,
    "realign_mode_bonus": -1.0276894857886378,
    "space_mode_bonus": 0.8877111610635527
  },
  "proxy_score": 0.8467741935483871,
  "snapshot_id": "candidate_0107",
  "source": "random_proxy_search",
  "speed_penalty": 0.19216029662033662
}
