{
  "created_process_s": 0.385012605,
  "created_wall_s": 8.250992956003756,
  "label": "random_21",
  "objective": 0.782258064516129,
  "paired_score": 0.0,
  "params": {
    "coup_mode_bonus": 4.121972674623077,
    "early_region_weights": [
      0.7395109540435069,
      1.4851628722067,
      1.0785504497904734,
      0.37646759358857207,
      0.6110902536307848,
      0.4405246821388265,
      1.3440214665580412
    ],
    "influence_mode_bonus": 5.697079252852051,
    "late_region_weights": [
      1.20342175184958,
      0.8579789419818394,
      1.0538749144366526,
      0.8948132505921309,
      1.1737528207932797,
      1.0536319203586146,
      0.7571682964998177
    ],
    "mid_region_weights": [
      1.0807540607451616,
      0.8083462155981225,
      0.9561307056354864,
      0.9955858369228703,
      1.124077561495775,
      1.3581970366436549,
      0.9953901245624289
    ],
    "ops_card_penalty": 0.13469124885643327,
    "realign_mode_bonus": -0.47490781700364915,
    "space_mode_bonus": 1.0548038832587305
  },
  "proxy_score": 0.782258064516129,
  "snapshot_id": "candidate_0021",
  "source": "random_proxy_search",
  "speed_penalty": 0.0
}
