{
  "created_process_s": 4.373587292,
  "created_wall_s": 12.234365020005498,
  "label": "spsa_12_minus",
  "objective": 0.8579515702671145,
  "paired_score": 0.0,
  "params": {
    "coup_mode_bonus": 3.430778945440842,
    "early_region_weights": [
      0.9673365697831463,
      1.4481791030169548,
      1.0894103885518998,
      0.49043138333823005,
      0.3912430845085229,
      0.47108619986569583,
      1.384944065498268
    ],
    "influence_mode_bonus": 5.645769944966861,
    "late_region_weights": [
      1.1321348675082206,
      1.0386604618497681,
      0.8250493163493932,
      1.0663627888343337,
      1.104377746387156,
      0.9637670177110453,
      0.6360264409369111
    ],
    "mid_region_weights": [
      0.9358785035981956,
      1.0506552893653913,
      1.0322318058610243,
      0.7615620370171833,
      1.1928583125643528,
      1.1454014218780357,
      0.7643651826569189
    ],
    "ops_card_penalty": 0.19925515083029438,
    "realign_mode_bonus": -0.952276450980162,
    "space_mode_bonus": 1.1907809557879097
  },
  "proxy_score": 0.8790322580645161,
  "snapshot_id": "candidate_0144",
  "source": "proxy_spsa",
  "speed_penalty": 0.21080687797401598
}
