{
  "created_process_s": 0.39205671599999997,
  "created_wall_s": 8.258031327000936,
  "label": "random_39",
  "objective": 0.8467741935483871,
  "paired_score": 0.0,
  "params": {
    "coup_mode_bonus": 3.691997770423574,
    "early_region_weights": [
      0.8144447080750319,
      1.3886761066755537,
      1.0620431245106423,
      0.8197642921836354,
      0.6756500711466618,
      0.39494845821620095,
      1.3125205667084874
    ],
    "influence_mode_bonus": 6.4090937835481885,
    "late_region_weights": [
      0.995623653015749,
      0.9657282666706213,
      1.0373308795547995,
      1.0857488653527003,
      1.1452922000004708,
      1.02006501404253,
      0.7312345259357685
    ],
    "mid_region_weights": [
      1.1559569583809612,
      0.9718804456340107,
      1.0150484363681398,
      0.9302808015168956,
      1.0582086775793507,
      1.3375275976877632,
      0.9242812579385911
    ],
    "ops_card_penalty": 0.11620739834546627,
    "realign_mode_bonus": -1.024695905682416,
    "space_mode_bonus": 0.7084537858852928
  },
  "proxy_score": 0.8467741935483871,
  "snapshot_id": "candidate_0039",
  "source": "random_proxy_search",
  "speed_penalty": 0.0
}
