{
  "created_process_s": 0.403948351,
  "created_wall_s": 8.269947883003624,
  "label": "random_70",
  "objective": 0.8145161290322581,
  "paired_score": 0.0,
  "params": {
    "coup_mode_bonus": 4.4019299721697775,
    "early_region_weights": [
      0.8347756372134646,
      1.2206385050634208,
      1.247915294913479,
      0.7467360468214869,
      0.5247314430911079,
      0.7788792898097798,
      1.1520570838456337
    ],
    "influence_mode_bonus": 5.685829909256467,
    "late_region_weights": [
      0.9526196781410071,
      0.9678262283308042,
      0.9485886491343476,
      1.0185690594832615,
      1.1472084340488018,
      0.9712024214659075,
      0.8365207479858572
    ],
    "mid_region_weights": [
      1.0101998693041796,
      0.9524789819940959,
      1.056668483716178,
      0.8856968813379384,
      1.2475854684323657,
      1.3291250287368166,
      1.0933751516505907
    ],
    "ops_card_penalty": 0.144226639378323,
    "realign_mode_bonus": -0.8306308264328679,
    "space_mode_bonus": 0.882745776551533
  },
  "proxy_score": 0.8145161290322581,
  "snapshot_id": "candidate_0070",
  "source": "random_proxy_search",
  "speed_penalty": 0.0
}
