{
  "created_process_s": 0.383459287,
  "created_wall_s": 8.249442437998368,
  "label": "random_19",
  "objective": 0.7807431104390113,
  "paired_score": 0.0,
  "params": {
    "coup_mode_bonus": 3.602233540974624,
    "early_region_weights": [
      0.5838488784350476,
      1.2683989000687768,
      1.3006344478597853,
      0.5767092967973957,
      0.7857476125247215,
      0.5646206817212774,
      1.3073063027847804
    ],
    "influence_mode_bonus": 6.137172711638268,
    "late_region_weights": [
      1.0304887566418026,
      0.9740655306249772,
      0.7749016567121512,
      1.1388792047651233,
      1.1356632591656324,
      0.9614836358407773,
      0.7791425175315733
    ],
    "mid_region_weights": [
      0.9844060279029994,
      0.9953605849812202,
      0.8893227383578025,
      0.9437972695978939,
      1.2579986120129687,
      1.2035349895399767,
      1.0218116780878206
    ],
    "ops_card_penalty": 0.14761214787772223,
    "realign_mode_bonus": -0.8493822646518997,
    "space_mode_bonus": 1.1925896284732762
  },
  "proxy_score": 0.8467741935483871,
  "snapshot_id": "candidate_0019",
  "source": "random_proxy_search",
  "speed_penalty": 0.6603108310937575
}
