{
  "created_process_s": 0.39329581999999996,
  "created_wall_s": 8.259268841997255,
  "label": "random_42",
  "objective": 0.782258064516129,
  "paired_score": 0.0,
  "params": {
    "coup_mode_bonus": 4.59754913381969,
    "early_region_weights": [
      0.7446741114831087,
      1.2221949618562427,
      1.12659582704563,
      0.5687924861267909,
      0.6159871869996729,
      0.5101077442355526,
      1.2272088099620078
    ],
    "influence_mode_bonus": 5.6060440341965325,
    "late_region_weights": [
      1.0443541313315141,
      0.9677458571772356,
      0.8954284275070034,
      1.1267015061891315,
      1.0695090526954014,
      0.9358751787538585,
      0.6414408638188935
    ],
    "mid_region_weights": [
      0.908508421214383,
      1.1196831333528032,
      1.1104071885067077,
      0.9173052153972869,
      1.1847873793066916,
      1.1099574696203625,
      0.8534125711622342
    ],
    "ops_card_penalty": 0.11186718527699827,
    "realign_mode_bonus": -1.0097222259757113,
    "space_mode_bonus": 1.0583533636778524
  },
  "proxy_score": 0.782258064516129,
  "snapshot_id": "candidate_0042",
  "source": "random_proxy_search",
  "speed_penalty": 0.0
}
