{
  "created_process_s": 4.9745182020000005,
  "created_wall_s": 12.834275380999316,
  "label": "spsa_14_minus",
  "objective": 0.8448408257439087,
  "paired_score": 0.0,
  "params": {
    "coup_mode_bonus": 3.4294941118798987,
    "early_region_weights": [
      0.967764847636794,
      1.4477508251633069,
      1.0889821106982518,
      0.4900031054845823,
      0.38012435697837815,
      0.4822049273958406,
      1.3960627930284129
    ],
    "influence_mode_bonus": 5.612413762376426,
    "late_region_weights": [
      1.1210161399780758,
      1.0275417343196234,
      0.8361680438795379,
      1.0774815163644784,
      1.104806024240804,
      0.9633387398573976,
      0.6471451684670558
    ],
    "mid_region_weights": [
      0.9354502257445478,
      1.0502270115117434,
      1.0318035280073763,
      0.7504433094870385,
      1.2039770400944976,
      1.1565201494081805,
      0.7532464551267741
    ],
    "ops_card_penalty": 0.19912666747420005,
    "realign_mode_bonus": -0.9531330066874575,
    "space_mode_bonus": 1.1685435007276201
  },
  "proxy_score": 0.8790322580645161,
  "snapshot_id": "candidate_0148",
  "source": "proxy_spsa",
  "speed_penalty": 0.3419143232060744
}
