{
  "created_process_s": 4.6782666410000004,
  "created_wall_s": 12.53852973600442,
  "label": "spsa_13_minus",
  "objective": 0.847694714993208,
  "paired_score": 0.0,
  "params": {
    "coup_mode_bonus": 3.43009944325191,
    "early_region_weights": [
      0.9675630705127902,
      1.4368585983628062,
      1.078089883897751,
      0.4902048826085861,
      0.39101658377887893,
      0.48240670451984435,
      1.3851705662279121
    ],
    "influence_mode_bonus": 5.611808431004415,
    "late_region_weights": [
      1.1208143628540719,
      1.0273399571956194,
      0.8252758170790371,
      1.0665892895639777,
      1.1156982510413047,
      0.9524465130568968,
      0.636252941666555
    ],
    "mid_region_weights": [
      0.924557998944047,
      1.0393347847112426,
      1.0320053051313802,
      0.7613355362875394,
      1.2041788172185015,
      1.1567219265321844,
      0.764138681927275
    ],
    "ops_card_penalty": 0.1991872006114012,
    "realign_mode_bonus": -0.974917460288459,
    "space_mode_bonus": 1.1681399464796125
  },
  "proxy_score": 0.8790322580645161,
  "snapshot_id": "candidate_0146",
  "source": "proxy_spsa",
  "speed_penalty": 0.31337543071308094
}
