{
  "created_process_s": 6.284585506,
  "created_wall_s": 14.145029314997373,
  "label": "spsa_19_plus",
  "objective": 0.8414817497529494,
  "paired_score": 0.0,
  "params": {
    "coup_mode_bonus": 3.3996934933329195,
    "early_region_weights": [
      0.9776983871524538,
      1.4378172856476472,
      1.0882252005374147,
      0.489246195323745,
      0.3900578964940379,
      0.4814480172350033,
      1.3861292535127532
    ],
    "influence_mode_bonus": 5.614684492858938,
    "late_region_weights": [
      1.1309496794937355,
      1.0282986444804605,
      0.8354111337187007,
      1.0767246062036413,
      1.105562934401641,
      0.9625818296965604,
      0.6463882583062186
    ],
    "mid_region_weights": [
      0.925516686228888,
      1.0402934719960837,
      1.0218699884917166,
      0.7603768490026983,
      1.194043500578838,
      1.1557632392473434,
      0.7540033652876114
    ],
    "ops_card_penalty": 0.19614660561950212,
    "realign_mode_bonus": -0.9546468270091321,
    "space_mode_bonus": 1.1700573210492946
  },
  "proxy_score": 0.8790322580645161,
  "snapshot_id": "candidate_0157",
  "source": "proxy_spsa",
  "speed_penalty": 0.37550508311566744
}
