{
  "created_process_s": 0.39062145,
  "created_wall_s": 8.256596688006539,
  "label": "random_35",
  "objective": 0.782258064516129,
  "paired_score": 0.0,
  "params": {
    "coup_mode_bonus": 4.287233822902624,
    "early_region_weights": [
      0.7215030439631147,
      1.2256924379676737,
      1.2436883964622618,
      0.5427491312635114,
      0.5340911305462361,
      0.6296835440950268,
      1.350012884195828
    ],
    "influence_mode_bonus": 5.693854338081925,
    "late_region_weights": [
      0.993592713830351,
      0.9553084085851066,
      1.1350338015466592,
      1.0375859385405064,
      1.0362265551930623,
      0.8438989675641493,
      0.8012633101012392
    ],
    "mid_region_weights": [
      0.8098126063746767,
      0.978459972990588,
      1.1490678831456347,
      1.03887173425183,
      1.0772779281490825,
      1.2937331869121216,
      1.1410667057744588
    ],
    "ops_card_penalty": 0.15006673014247776,
    "realign_mode_bonus": -0.6604044920685176,
    "space_mode_bonus": 1.2027257358507026
  },
  "proxy_score": 0.782258064516129,
  "snapshot_id": "candidate_0035",
  "source": "random_proxy_search",
  "speed_penalty": 0.0
}
