{
  "created_process_s": 5.705091662,
  "created_wall_s": 13.5664978959976,
  "label": "spsa_17_plus",
  "objective": 0.8553746953580212,
  "paired_score": 0.0,
  "params": {
    "coup_mode_bonus": 3.4280105748673333,
    "early_region_weights": [
      0.9779607849757692,
      1.4375548878243318,
      1.08848759836073,
      0.48950859314706047,
      0.3903202943173533,
      0.48171041505831874,
      1.3858668556894378
    ],
    "influence_mode_bonus": 5.613897299388992,
    "late_region_weights": [
      1.1312120773170509,
      1.0377376716585984,
      0.8356735315420161,
      1.0672855790255034,
      1.115001961579779,
      0.9628442275198758,
      0.646650656129534
    ],
    "mid_region_weights": [
      0.934955713407026,
      1.0497324991742216,
      1.0313090156698546,
      0.7606392468260137,
      1.1937811027555225,
      1.1463242120692054,
      0.7634423924657493
    ],
    "ops_card_penalty": 0.19606788627250749,
    "realign_mode_bonus": -0.9735248813654078,
    "space_mode_bonus": 1.1695325254026638
  },
  "proxy_score": 0.8790322580645161,
  "snapshot_id": "candidate_0153",
  "source": "proxy_spsa",
  "speed_penalty": 0.2365756270649484
}
