{
  "created_process_s": 0.415313616,
  "created_wall_s": 8.281301530005294,
  "label": "random_97",
  "objective": 0.7966888730487747,
  "paired_score": 0.0,
  "params": {
    "coup_mode_bonus": 4.191834134435425,
    "early_region_weights": [
      0.7531288700188172,
      1.4051064476329425,
      1.1133273308473037,
      0.5821852682815596,
      0.6237208841676551,
      0.4553504761780277,
      1.3243551631970063
    ],
    "influence_mode_bonus": 6.062367246951969,
    "late_region_weights": [
      1.0143704452131646,
      1.0686625777001537,
      1.0890987514148425,
      1.0078114766914972,
      1.114953523708338,
      0.9511933939909412,
      0.7813659321841582
    ],
    "mid_region_weights": [
      0.9051728904562675,
      0.8916877193960367,
      1.0224258502980497,
      0.8138812349924349,
      1.2174193712043822,
      1.058241982356573,
      0.9796440777315923
    ],
    "ops_card_penalty": 0.1302552494022835,
    "realign_mode_bonus": -1.1953041166077543,
    "space_mode_bonus": 1.0158536355587953
  },
  "proxy_score": 0.8145161290322581,
  "snapshot_id": "candidate_0097",
  "source": "random_proxy_search",
  "speed_penalty": 0.17827255983483403
}
