{
  "created_process_s": 3.598614769,
  "created_wall_s": 11.460616355005186,
  "label": "spsa_10_plus",
  "objective": 0.8381466160461364,
  "paired_score": 0.0,
  "params": {
    "coup_mode_bonus": 3.394484771404143,
    "early_region_weights": [
      0.9667855171547058,
      1.4360810450047217,
      1.0773123305396666,
      0.49098243596667057,
      0.3917941371369634,
      0.48318425787792885,
      1.3843930128698276
    ],
    "influence_mode_bonus": 5.609475770930161,
    "late_region_weights": [
      1.132685920136661,
      1.026562403837535,
      0.8244982637209527,
      1.0658117362058932,
      1.1164758043993892,
      0.9643180703394858,
      0.648124498949144
    ],
    "mid_region_weights": [
      0.9237804455859626,
      1.0512063419938318,
      1.020133747848791,
      0.7494639790049503,
      1.1923072599359124,
      1.1448503692495953,
      0.7522671246446859
    ],
    "ops_card_penalty": 0.19562573342662445,
    "realign_mode_bonus": -0.976472567004628,
    "space_mode_bonus": 1.1665848397634437
  },
  "proxy_score": 0.8790322580645161,
  "snapshot_id": "candidate_0139",
  "source": "proxy_spsa",
  "speed_penalty": 0.4088564201837974
}
