{
  "created_process_s": 0.392417629,
  "created_wall_s": 8.258391474999371,
  "label": "random_40",
  "objective": 0.8145161290322581,
  "paired_score": 0.0,
  "params": {
    "coup_mode_bonus": 4.035512872549052,
    "early_region_weights": [
      0.9364877162905506,
      1.2681091955789199,
      1.0775390227463322,
      0.6720599937005325,
      0.7420085460586825,
      0.6806823165540662,
      1.329810229167425
    ],
    "influence_mode_bonus": 6.060777154486475,
    "late_region_weights": [
      1.0343762915550172,
      1.1593163277952454,
      0.8860492272481316,
      1.051026776066686,
      1.0733903044339055,
      1.1516247194528095,
      0.667346727408265
    ],
    "mid_region_weights": [
      1.0339152999613166,
      0.8682001597925422,
      0.979619916295425,
      0.8941038771325479,
      1.2578001057861798,
      1.2344077081047944,
      1.0273919830485558
    ],
    "ops_card_penalty": 0.14744503287229835,
    "realign_mode_bonus": -1.14450719315345,
    "space_mode_bonus": 1.051041596188361
  },
  "proxy_score": 0.8145161290322581,
  "snapshot_id": "candidate_0040",
  "source": "random_proxy_search",
  "speed_penalty": 0.0
}
