{
  "created_process_s": 2.983015264,
  "created_wall_s": 10.845932568001444,
  "label": "spsa_8_plus",
  "objective": 0.8485817508146144,
  "paired_score": 0.0,
  "params": {
    "coup_mode_bonus": 3.4346716408007496,
    "early_region_weights": [
      0.966039004663177,
      1.449476668136924,
      1.076565818048138,
      0.47758681283446835,
      0.3925406496284921,
      0.46978863474572663,
      1.383646500378299
    ],
    "influence_mode_bonus": 5.649662640326769,
    "late_region_weights": [
      1.1192902970044587,
      1.0258158913460063,
      0.8378938868531549,
      1.0650652237143645,
      1.1172223168909179,
      0.9509224472072836,
      0.6347288758169418
    ],
    "mid_region_weights": [
      0.9230339330944338,
      1.0519528544853605,
      1.0335293709809934,
      0.7487174665134215,
      1.2057028830681147,
      1.1582459923817976,
      0.7656627477768881
    ],
    "ops_card_penalty": 0.19540177967916586,
    "realign_mode_bonus": -0.9779655919876854,
    "space_mode_bonus": 1.1933760860278482
  },
  "proxy_score": 0.8790322580645161,
  "snapshot_id": "candidate_0135",
  "source": "proxy_spsa",
  "speed_penalty": 0.3045050724990175
}
