{
  "created_process_s": 2.3944766310000003,
  "created_wall_s": 10.258213706998504,
  "label": "spsa_6_plus",
  "objective": 0.8468366222457786,
  "paired_score": 0.0,
  "params": {
    "coup_mode_bonus": 3.3889635399373215,
    "early_region_weights": [
      0.9649451066657653,
      1.4505705661343358,
      1.0918018516692807,
      0.4928228464556111,
      0.39363454762590394,
      0.4686947367483148,
      1.3988825339994417
    ],
    "influence_mode_bonus": 5.6039545394633405,
    "late_region_weights": [
      1.1345263306256015,
      1.0247219933485945,
      0.8389877848505667,
      1.0803012573355073,
      1.101986283269775,
      0.9661584808284264,
      0.6499649094380846
    ],
    "mid_region_weights": [
      0.9382699667155766,
      1.0367168208642177,
      1.0182933373598506,
      0.7476235685160098,
      1.2067967810655265,
      1.1430099587606548,
      0.7504267141557454
    ],
    "ops_card_penalty": 0.19507361027994233,
    "realign_mode_bonus": -0.9474935247453999,
    "space_mode_bonus": 1.1629040187855626
  },
  "proxy_score": 0.8790322580645161,
  "snapshot_id": "candidate_0131",
  "source": "proxy_spsa",
  "speed_penalty": 0.3219563581873748
}
