{
  "created_process_s": 0.395996032,
  "created_wall_s": 8.261966096004471,
  "label": "random_50",
  "objective": 0.8145161290322581,
  "paired_score": 0.0,
  "params": {
    "coup_mode_bonus": 4.131953551966268,
    "early_region_weights": [
      0.8754387778997363,
      1.3249967715519997,
      1.055252701084071,
      0.7535492864874651,
      0.27487907247830085,
      0.7320240633965058,
      1.3422053490808632
    ],
    "influence_mode_bonus": 5.930230360130284,
    "late_region_weights": [
      1.0687458581799216,
      0.7918852454382174,
      1.0625028105275611,
      1.2633706048260211,
      1.0866492276074524,
      0.9208064576203666,
      0.6550342499007287
    ],
    "mid_region_weights": [
      0.9599115704063302,
      1.177062191649932,
      1.0271161189226865,
      0.956935373876813,
      1.3841074161867872,
      1.3708775947889935,
      1.0229634594586894
    ],
    "ops_card_penalty": 0.09933525747974811,
    "realign_mode_bonus": -1.039784958719169,
    "space_mode_bonus": 1.1938923538924167
  },
  "proxy_score": 0.8145161290322581,
  "snapshot_id": "candidate_0050",
  "source": "random_proxy_search",
  "speed_penalty": 0.0
}
