{
  "created_process_s": 0.411083164,
  "created_wall_s": 8.277074776007794,
  "label": "random_86",
  "objective": 0.8138462982474983,
  "paired_score": 0.0,
  "params": {
    "coup_mode_bonus": 4.329085354066246,
    "early_region_weights": [
      0.9131528598992366,
      1.4579878880967243,
      1.0806147282984873,
      0.5533745883399227,
      0.589040934274527,
      0.8305454410404814,
      1.1535351200422297
    ],
    "influence_mode_bonus": 5.681256017348769,
    "late_region_weights": [
      1.0612643674888071,
      0.9674723472490558,
      0.946185157149055,
      1.1306105109300553,
      1.0211294322129503,
      1.0311792329401221,
      0.5939335421350402
    ],
    "mid_region_weights": [
      0.9750719470429545,
      1.0071781275066922,
      1.0404164518837429,
      0.993819375516045,
      1.1708713910038728,
      1.099152633235483,
      1.040859039390736
    ],
    "ops_card_penalty": 0.1429678663972809,
    "realign_mode_bonus": -1.0237027682008015,
    "space_mode_bonus": 0.9037030676569628
  },
  "proxy_score": 0.8145161290322581,
  "snapshot_id": "candidate_0086",
  "source": "random_proxy_search",
  "speed_penalty": 0.006698307847598395
}
