{
  "created_process_s": 4.076632215,
  "created_wall_s": 11.937884523009416,
  "label": "spsa_11_minus",
  "objective": 0.8433111483159791,
  "paired_score": 0.0,
  "params": {
    "coup_mode_bonus": 3.431549118039819,
    "early_region_weights": [
      0.9670798455834873,
      1.4484358272166138,
      1.077606658968448,
      0.47862765375477856,
      0.3794393549250714,
      0.4828899294491473,
      1.3846873412986092
    ],
    "influence_mode_bonus": 5.646540117565838,
    "late_region_weights": [
      1.120331137924769,
      1.0268567322663165,
      0.8247925921497341,
      1.0661060646346747,
      1.104121022187497,
      0.9640237419107044,
      0.6478301705203626
    ],
    "mid_region_weights": [
      0.9361352277978546,
      1.0388515597819397,
      1.0324885300606832,
      0.7618187612168423,
      1.2046620421478045,
      1.1451446976783768,
      0.7646219068565779
    ],
    "ops_card_penalty": 0.19933216809019208,
    "realign_mode_bonus": -0.9758839101470651,
    "space_mode_bonus": 1.1912944041872278
  },
  "proxy_score": 0.8790322580645161,
  "snapshot_id": "candidate_0142",
  "source": "proxy_spsa",
  "speed_penalty": 0.3572110974853704
}
