{
  "created_process_s": 0.416208729,
  "created_wall_s": 8.28219547199842,
  "label": "random_99",
  "objective": 0.821914295522935,
  "paired_score": 0.0,
  "params": {
    "coup_mode_bonus": 4.040101255974159,
    "early_region_weights": [
      0.6417407331502508,
      1.5149460177673042,
      1.093573029920009,
      0.6777863918828329,
      0.5192798437568744,
      0.5545962041645579,
      1.3286144834955786
    ],
    "influence_mode_bonus": 6.344776070250734,
    "late_region_weights": [
      0.8154545105899285,
      0.8205571407610031,
      1.1205377812688548,
      1.2706489467629902,
      1.0095819725968451,
      0.9241956737480207,
      0.6199040351750715
    ],
    "mid_region_weights": [
      0.9074808175001768,
      1.079194859950212,
      0.9102510026112776,
      0.9544553366245204,
      1.2015019934285394,
      1.232722808945715,
      0.8609776508898191
    ],
    "ops_card_penalty": 0.14037645682356592,
    "realign_mode_bonus": -0.7266079362173723,
    "space_mode_bonus": 0.8617388936147937
  },
  "proxy_score": 0.8467741935483871,
  "snapshot_id": "candidate_0099",
  "source": "random_proxy_search",
  "speed_penalty": 0.2485989802545212
}
