{
  "created_process_s": 0.378447282,
  "created_wall_s": 8.244435013009934,
  "label": "random_4",
  "objective": 0.7923559535148592,
  "paired_score": 0.0,
  "params": {
    "coup_mode_bonus": 4.095549846442743,
    "early_region_weights": [
      0.8502108268914852,
      1.342098636312975,
      1.1156730466710103,
      0.4062288411683571,
      0.5499809112632625,
      0.5227636281079474,
      1.318765491083032
    ],
    "influence_mode_bonus": 5.720272390829418,
    "late_region_weights": [
      1.073087416773506,
      1.0526638799805332,
      1.0069422945030653,
      1.1742041031847286,
      1.1702010085730061,
      0.9209228761458497,
      0.666486694350992
    ],
    "mid_region_weights": [
      0.9939799643180713,
      1.0509788389987678,
      0.9883404584143003,
      0.852962498387482,
      1.1630800807727586,
      1.3145796799985199,
      1.0191115993095619
    ],
    "ops_card_penalty": 0.16412998665819023,
    "realign_mode_bonus": -1.283204672934025,
    "space_mode_bonus": 0.9999615705305925
  },
  "proxy_score": 0.8467741935483871,
  "snapshot_id": "candidate_0004",
  "source": "random_proxy_search",
  "speed_penalty": 0.5441824003352786
}
