{
  "created_process_s": 3.7636713960000003,
  "created_wall_s": 11.625416782000684,
  "label": "spsa_10_minus",
  "objective": 0.8251102148155998,
  "paired_score": 0.0,
  "params": {
    "coup_mode_bonus": 3.4324321033261636,
    "early_region_weights": [
      0.9794346277953793,
      1.4487301556453953,
      1.0899614411803402,
      0.47833332532599704,
      0.3791450264962899,
      0.4705351472372553,
      1.3970421235105013
    ],
    "influence_mode_bonus": 5.647423102852183,
    "late_region_weights": [
      1.1200368094959874,
      1.0392115144782086,
      0.8371473743616261,
      1.0784608468465668,
      1.1038266937587156,
      0.9516689596988124,
      0.6354753883084706
    ],
    "mid_region_weights": [
      0.936429556226636,
      1.0385572313531581,
      1.0327828584894647,
      0.7621130896456237,
      1.204956370576586,
      1.157499479890269,
      0.7649162352853593
    ],
    "ops_card_penalty": 0.19942046661882654,
    "realign_mode_bonus": -0.951174345723281,
    "space_mode_bonus": 1.1918830610447906
  },
  "proxy_score": 0.8790322580645161,
  "snapshot_id": "candidate_0140",
  "source": "proxy_spsa",
  "speed_penalty": 0.5392204324891636
}
