{
  "created_process_s": 0.40231061599999995,
  "created_wall_s": 8.268311177002033,
  "label": "random_64",
  "objective": 0.8098416848103253,
  "paired_score": 0.0,
  "params": {
    "coup_mode_bonus": 4.339621625293336,
    "early_region_weights": [
      0.977294502909302,
      1.2625563401030455,
      1.1147767287334116,
      0.5968145862749006,
      0.5810374685732382,
      0.6568519702304035,
      1.365774014293623
    ],
    "influence_mode_bonus": 5.725684144388869,
    "late_region_weights": [
      0.9553514526973365,
      0.9455412745701889,
      0.713244624764032,
      1.1011787808511522,
      1.133169770128013,
      1.0650466119958675,
      0.7923935314041358
    ],
    "mid_region_weights": [
      0.8873556167501274,
      0.9752337018659524,
      0.8508220685950751,
      0.900485137746755,
      1.2292776966309311,
      1.232053029829835,
      1.0196527762467213
    ],
    "ops_card_penalty": 0.17575252818051762,
    "realign_mode_bonus": -1.1282180390259744,
    "space_mode_bonus": 1.1260141726207813
  },
  "proxy_score": 0.8145161290322581,
  "snapshot_id": "candidate_0064",
  "source": "random_proxy_search",
  "speed_penalty": 0.04674444221932861
}
