{
  "created_process_s": 0.382683744,
  "created_wall_s": 8.248667794003268,
  "label": "random_16",
  "objective": 0.7233850414601111,
  "paired_score": 0.0,
  "params": {
    "coup_mode_bonus": 3.8878239116577658,
    "early_region_weights": [
      0.7584411630110506,
      1.4294804493094675,
      0.9706801961213734,
      0.8569523992978612,
      0.6502511015702077,
      0.5413676605937912,
      1.3912126604074588
    ],
    "influence_mode_bonus": 6.053432041133168,
    "late_region_weights": [
      1.02017327727882,
      0.9458005349934925,
      1.0358247149995718,
      1.1342884562445905,
      1.0883638447133446,
      0.9356816286555514,
      0.7283846708642172
    ],
    "mid_region_weights": [
      0.8876346031232967,
      1.1141032657370706,
      0.9742841172526123,
      1.115005676730791,
      1.189286818798347,
      1.1879140672448996,
      0.9148005093765458
    ],
    "ops_card_penalty": 0.22166406848463904,
    "realign_mode_bonus": -0.7146155320569767,
    "space_mode_bonus": 0.7281294113844448
  },
  "proxy_score": 0.8145161290322581,
  "snapshot_id": "candidate_0016",
  "source": "random_proxy_search",
  "speed_penalty": 0.9113108757214698
}
