{
  "created_process_s": 0.379350775,
  "created_wall_s": 8.24533822000376,
  "label": "random_7",
  "objective": 0.7681140720230588,
  "paired_score": 0.0,
  "params": {
    "coup_mode_bonus": 3.683072864251592,
    "early_region_weights": [
      0.7304500308303388,
      1.3452039387522707,
      1.0038716129705636,
      0.6185711814956121,
      0.6833329406385484,
      0.6471333359195237,
      1.3613166489082216
    ],
    "influence_mode_bonus": 5.67136948980388,
    "late_region_weights": [
      1.0971692605645629,
      0.8139200690293961,
      0.8850109200625493,
      1.2315077930521239,
      1.1124717231461345,
      0.983365293387837,
      0.6550840177080317
    ],
    "mid_region_weights": [
      1.1386707757637489,
      1.1851970859404197,
      1.053903562225655,
      0.9432016666081768,
      1.1524589487637171,
      1.4613338819482067,
      0.8497573815531126
    ],
    "ops_card_penalty": 0.20023157013376014,
    "realign_mode_bonus": -1.0223127556906406,
    "space_mode_bonus": 0.9206528981189712
  },
  "proxy_score": 0.8467741935483871,
  "snapshot_id": "candidate_0007",
  "source": "random_proxy_search",
  "speed_penalty": 0.7866012152532831
}
