{
  "created_process_s": 0.424611019,
  "created_wall_s": 8.290617015998578,
  "label": "random_119",
  "objective": 0.8145161290322581,
  "paired_score": 0.0,
  "params": {
    "coup_mode_bonus": 3.399453868398152,
    "early_region_weights": [
      0.8268912467806576,
      1.2785261089304594,
      0.897100965367709,
      0.5157284809543183,
      0.5768173840028792,
      0.669466340526714,
      1.2521301514330045
    ],
    "influence_mode_bonus": 5.794439331565011,
    "late_region_weights": [
      1.0811397631889763,
      1.0211277434717714,
      1.0143290670485303,
      0.9505413156702728,
      1.2311548941441395,
      1.1691344850188257,
      0.6317228070895191
    ],
    "mid_region_weights": [
      0.9773098676384777,
      0.9076106894848021,
      0.7965928895383154,
      0.9738214303671505,
      1.3532763446503884,
      1.2686376584138055,
      0.868740837117931
    ],
    "ops_card_penalty": 0.12235309374175474,
    "realign_mode_bonus": -0.6723145590764086,
    "space_mode_bonus": 1.4139350845074325
  },
  "proxy_score": 0.8145161290322581,
  "snapshot_id": "candidate_0119",
  "source": "random_proxy_search",
  "speed_penalty": 0.0
}
