{
  "created_process_s": 0.401810146,
  "created_wall_s": 8.267810678007663,
  "label": "random_63",
  "objective": 0.8145161290322581,
  "paired_score": 0.0,
  "params": {
    "coup_mode_bonus": 4.016487110772024,
    "early_region_weights": [
      0.9429288218508043,
      1.2798637556256844,
      1.038877909700838,
      0.5520099063361291,
      0.5641867303819841,
      0.5362388160221266,
      1.3000023413779231
    ],
    "influence_mode_bonus": 5.697687531780322,
    "late_region_weights": [
      1.148575732769141,
      0.8341649814063353,
      0.8912879931305617,
      1.1308003403147,
      1.1366493025600515,
      0.8742693367090667,
      0.6955783710662804
    ],
    "mid_region_weights": [
      0.7772423638003004,
      1.1361510815786413,
      1.1887840064793531,
      0.9519662591110716,
      1.0848856768478,
      1.2943171320435423,
      1.0294227401858238
    ],
    "ops_card_penalty": 0.2547092627488766,
    "realign_mode_bonus": -0.64845464397263,
    "space_mode_bonus": 0.9174300449586726
  },
  "proxy_score": 0.8145161290322581,
  "snapshot_id": "candidate_0063",
  "source": "random_proxy_search",
  "speed_penalty": 0.0
}
