{
  "created_process_s": 0.404987118,
  "created_wall_s": 8.270985734008718,
  "label": "random_73",
  "objective": 0.8145161290322581,
  "paired_score": 0.0,
  "params": {
    "coup_mode_bonus": 4.524788580161243,
    "early_region_weights": [
      0.9852353728624417,
      1.4841804503999894,
      1.1118820592584988,
      0.4624059722441871,
      0.412888059447164,
      0.7352705002671674,
      1.0951677620167621
    ],
    "influence_mode_bonus": 5.983217110074092,
    "late_region_weights": [
      1.189583968704124,
      1.00540078116731,
      0.8925250852956953,
      1.0698620562475858,
      1.1885046171005358,
      0.9789286173247272,
      0.8338366744821096
    ],
    "mid_region_weights": [
      1.0341799665843625,
      1.0093636224249367,
      1.025591987762038,
      0.9635551376589686,
      1.1602490548571411,
      1.1824201142924553,
      0.8624819256915338
    ],
    "ops_card_penalty": 0.10209289775184018,
    "realign_mode_bonus": -1.0986855630215469,
    "space_mode_bonus": 1.3522900828278166
  },
  "proxy_score": 0.8145161290322581,
  "snapshot_id": "candidate_0073",
  "source": "random_proxy_search",
  "speed_penalty": 0.0
}
