{
  "created_process_s": 0.41471403199999995,
  "created_wall_s": 8.280702932999702,
  "label": "random_95",
  "objective": 0.7963817949190659,
  "paired_score": 0.0,
  "params": {
    "coup_mode_bonus": 4.208944939624305,
    "early_region_weights": [
      1.0494470398488367,
      1.4408510413836484,
      0.921759636307409,
      0.4330583599847142,
      0.3912257295126741,
      0.675401723100816,
      1.124794157926763
    ],
    "influence_mode_bonus": 6.132872205884741,
    "late_region_weights": [
      1.0295644329907634,
      0.9022199332395597,
      0.8905819497835229,
      1.1224977713787003,
      1.1142783736066337,
      1.052534225593398,
      0.9293426557972786
    ],
    "mid_region_weights": [
      0.9499097912489872,
      0.9743831585274633,
      0.9583034984891984,
      0.9769293910002053,
      1.173070266451625,
      1.2582124055739603,
      0.9312603864106883
    ],
    "ops_card_penalty": 0.1560756279463571,
    "realign_mode_bonus": -0.8444966605071328,
    "space_mode_bonus": 1.293247677840076
  },
  "proxy_score": 0.8145161290322581,
  "snapshot_id": "candidate_0095",
  "source": "random_proxy_search",
  "speed_penalty": 0.18134334113192185
}
