{
  "created_process_s": 5.122464897,
  "created_wall_s": 12.98196784000902,
  "label": "spsa_15_plus",
  "objective": 0.8451166179659583,
  "paired_score": 0.0,
  "params": {
    "coup_mode_bonus": 3.428950370749983,
    "early_region_weights": [
      0.9679460946800993,
      1.4372416225301152,
      1.0888008636549467,
      0.489821858441277,
      0.38030560402168345,
      0.4820236803525353,
      1.3855535903952212
    ],
    "influence_mode_bonus": 5.612957503506342,
    "late_region_weights": [
      1.121197387021381,
      1.0277229813629285,
      0.8359867968362327,
      1.0773002693211733,
      1.1153152268739956,
      0.9631574928140924,
      0.6366359658338641
    ],
    "mid_region_weights": [
      0.9352689787012426,
      1.0397178088785517,
      1.0316222809640712,
      0.7609525121202303,
      1.193467837461306,
      1.1563389023648754,
      0.7534277021700794
    ],
    "ops_card_penalty": 0.19907229336120846,
    "realign_mode_bonus": -0.9741514119538409,
    "space_mode_bonus": 1.1689059948142306
  },
  "proxy_score": 0.8790322580645161,
  "snapshot_id": "candidate_0149",
  "source": "proxy_spsa",
  "speed_penalty": 0.3391564009855781
}
