{
  "created_process_s": 0.40320129699999996,
  "created_wall_s": 8.269201502000215,
  "label": "random_67",
  "objective": 0.8376887496186991,
  "paired_score": 0.0,
  "params": {
    "coup_mode_bonus": 3.9667125455987478,
    "early_region_weights": [
      0.801729211802256,
      1.2983003854114403,
      1.015509746405606,
      0.7973490970600118,
      0.5268763543026024,
      0.7532807419738107,
      1.2890844864881434
    ],
    "influence_mode_bonus": 5.715686939901652,
    "late_region_weights": [
      0.9596562750282147,
      1.0467899968192305,
      0.9155254973795458,
      1.0358403807778533,
      1.0892884562231382,
      1.0087903110002798,
      0.81401944605385
    ],
    "mid_region_weights": [
      0.9393426625052523,
      1.0252483911035302,
      1.1144893375384368,
      0.8462365987092053,
      1.2095095328390988,
      1.275945705722517,
      0.7997372633694134
    ],
    "ops_card_penalty": 0.1387038868600164,
    "realign_mode_bonus": -1.0036186085277936,
    "space_mode_bonus": 0.865595675152155
  },
  "proxy_score": 0.8467741935483871,
  "snapshot_id": "candidate_0067",
  "source": "random_proxy_search",
  "speed_penalty": 0.09085443929687997
}
