{
  "created_process_s": 0.385523872,
  "created_wall_s": 8.251503983003204,
  "label": "random_22",
  "objective": 0.8467741935483871,
  "paired_score": 0.0,
  "params": {
    "coup_mode_bonus": 4.748971186034509,
    "early_region_weights": [
      0.914163559873812,
      1.1984253587287825,
      1.1440173191845366,
      0.5898617622194756,
      0.5709077239607604,
      0.704485472690548,
      1.2578653681370926
    ],
    "influence_mode_bonus": 6.321519197464993,
    "late_region_weights": [
      1.051228198763625,
      1.0225576743070528,
      1.040750538483505,
      1.0711007429908805,
      1.0888666422791797,
      0.9677755194855836,
      0.8869734453995012
    ],
    "mid_region_weights": [
      0.8582395596904149,
      1.09068275117737,
      1.076432131405347,
      0.7906726348089581,
      1.1993532541494138,
      1.0330629747842996,
      0.8713859857865863
    ],
    "ops_card_penalty": 0.13205201289149998,
    "realign_mode_bonus": -1.1693112549343305,
    "space_mode_bonus": 0.653521126980633
  },
  "proxy_score": 0.8467741935483871,
  "snapshot_id": "candidate_0022",
  "source": "random_proxy_search",
  "speed_penalty": 0.0
}
