{
  "created_process_s": 5.8484655000000005,
  "created_wall_s": 13.709601636001025,
  "label": "spsa_17_minus",
  "objective": 0.8554825947527198,
  "paired_score": 0.0,
  "params": {
    "coup_mode_bonus": 3.3989062998629733,
    "early_region_weights": [
      0.9682593599743159,
      1.4472563128257852,
      1.0787861733592767,
      0.47980716814560714,
      0.3806188693159,
      0.4720089900568654,
      1.3955682806908911
    ],
    "influence_mode_bonus": 5.6430015743933515,
    "late_region_weights": [
      1.1215106523155975,
      1.028036246657145,
      0.8259721065405627,
      1.0769870040269567,
      1.1053005365783257,
      0.9531428025184224,
      0.6369492311280807
    ],
    "mid_region_weights": [
      0.9252542884055727,
      1.0400310741727683,
      1.0216075906684012,
      0.7509378218245604,
      1.2034825277569758,
      1.1560256370706588,
      0.753740967464296
    ],
    "ops_card_penalty": 0.1989783137729435,
    "realign_mode_bonus": -0.9541220313625012,
    "space_mode_bonus": 1.1889353754055705
  },
  "proxy_score": 0.8790322580645161,
  "snapshot_id": "candidate_0154",
  "source": "proxy_spsa",
  "speed_penalty": 0.23549663311796332
}
