{
  "created_process_s": 0.412254546,
  "created_wall_s": 8.27824532300292,
  "label": "random_89",
  "objective": 0.837876003909301,
  "paired_score": 0.0,
  "params": {
    "coup_mode_bonus": 3.4662499444136095,
    "early_region_weights": [
      0.9345998049537652,
      1.3324970191289438,
      1.1132581539483317,
      0.5819897368826776,
      0.4403602012325049,
      0.5754802081967096,
      1.2197005192623112
    ],
    "influence_mode_bonus": 6.533877168415757,
    "late_region_weights": [
      1.0592143953446849,
      1.0061753682895056,
      1.1365229736081042,
      1.2045044833731875,
      1.082146201951987,
      1.1240156379556283,
      0.7529596751485556
    ],
    "mid_region_weights": [
      0.8699418057290811,
      1.0456322018315698,
      1.0785737159869075,
      0.9449566784538439,
      1.1518812433172376,
      1.2633852972514057,
      0.9775360812666507
    ],
    "ops_card_penalty": 0.14544244642361592,
    "realign_mode_bonus": -0.8764251617799632,
    "space_mode_bonus": 0.7829880318525073
  },
  "proxy_score": 0.8467741935483871,
  "snapshot_id": "candidate_0089",
  "source": "random_proxy_search",
  "speed_penalty": 0.08898189639086129
}
