{
  "created_process_s": 6.42509586,
  "created_wall_s": 14.28523804100405,
  "label": "spsa_19_minus",
  "objective": 0.8572080945529155,
  "paired_score": 0.0,
  "params": {
    "coup_mode_bonus": 3.427223381397387,
    "early_region_weights": [
      0.9685217577976313,
      1.4469939150024698,
      1.0790485711825921,
      0.4800695659689226,
      0.38088126713921544,
      0.47227138788018086,
      1.3953058828675757
    ],
    "influence_mode_bonus": 5.642214380923406,
    "late_region_weights": [
      1.121773050138913,
      1.037475273835283,
      0.8262345043638781,
      1.0675479768488187,
      1.1147395637564637,
      0.9534052003417378,
      0.637211628951396
    ],
    "mid_region_weights": [
      0.9346933155837106,
      1.0494701013509062,
      1.0310466178465392,
      0.7512002196478758,
      1.2032201299336605,
      1.1465866098925208,
      0.7631799946424339
    ],
    "ops_card_penalty": 0.19889959442594887,
    "realign_mode_bonus": -0.9730000857187769,
    "space_mode_bonus": 1.1884105797589397
  },
  "proxy_score": 0.8790322580645161,
  "snapshot_id": "candidate_0158",
  "source": "proxy_spsa",
  "speed_penalty": 0.21824163511600614
}
