{
  "created_process_s": 0.42123063099999997,
  "created_wall_s": 8.287240010002279,
  "label": "random_110",
  "objective": 0.8467741935483871,
  "paired_score": 0.0,
  "params": {
    "coup_mode_bonus": 3.942858303493665,
    "early_region_weights": [
      0.6668622666734622,
      1.3377653812960586,
      1.232783628787621,
      0.5738361883473828,
      0.6065390345187822,
      0.7192915910378073,
      1.2167459172227075
    ],
    "influence_mode_bonus": 6.2395095194099985,
    "late_region_weights": [
      1.2542152839737672,
      0.8757570245511399,
      0.8765297333975507,
      1.1007218772404486,
      1.0193112676764786,
      1.068241619219886,
      0.6695908652569037
    ],
    "mid_region_weights": [
      0.7304865513648715,
      0.9218081531912403,
      0.948014589853692,
      0.8753848858540889,
      1.16455080151507,
      1.2530471489808428,
      0.9545592922909235
    ],
    "ops_card_penalty": 0.1875832417298646,
    "realign_mode_bonus": -0.9610668538412643,
    "space_mode_bonus": 0.6757579100114857
  },
  "proxy_score": 0.8467741935483871,
  "snapshot_id": "candidate_0110",
  "source": "random_proxy_search",
  "speed_penalty": 0.0
}
