{
  "created_process_s": 2.09089934,
  "created_wall_s": 9.955047330004163,
  "label": "spsa_5_plus",
  "objective": 0.8344235708047395,
  "paired_score": 0.0,
  "params": {
    "coup_mode_bonus": 3.440291253095151,
    "early_region_weights": [
      0.9641658005650434,
      1.4513498722350577,
      1.0746926139500041,
      0.49360215255633294,
      0.3765253099066275,
      0.4858039744675912,
      1.3996618401001637
    ],
    "influence_mode_bonus": 5.601616621161175,
    "late_region_weights": [
      1.1353056367263235,
      1.041831231067871,
      0.8397670909512885,
      1.0810805634362293,
      1.1012069771690531,
      0.9669377869291482,
      0.6328556717188082
    ],
    "mid_region_weights": [
      0.9390492728162985,
      1.0538260585834942,
      1.0354025750791271,
      0.7468442624152879,
      1.2075760871662484,
      1.1422306526599328,
      0.7675359518750218
    ],
    "ops_card_penalty": 0.20020638159572524,
    "realign_mode_bonus": -0.9459349125439562,
    "space_mode_bonus": 1.1613454065841189
  },
  "proxy_score": 0.8790322580645161,
  "snapshot_id": "candidate_0129",
  "source": "proxy_spsa",
  "speed_penalty": 0.4460868725977658
}
