{
  "created_process_s": 0.40836186999999996,
  "created_wall_s": 8.274356402005651,
  "label": "random_80",
  "objective": 0.8467741935483871,
  "paired_score": 0.0,
  "params": {
    "coup_mode_bonus": 4.0205800277643,
    "early_region_weights": [
      0.8277089472628911,
      1.4305509742670397,
      1.1034782290176781,
      0.7895544484750339,
      0.6057401095864496,
      0.6509377318107544,
      1.3828946654909173
    ],
    "influence_mode_bonus": 6.254943478396207,
    "late_region_weights": [
      1.0962720156232866,
      0.9806054154113637,
      0.776974085904401,
      1.003448774969099,
      0.9935290609363232,
      1.0008350618082429,
      0.8879063117592901
    ],
    "mid_region_weights": [
      1.0620146901021186,
      1.1932685813908148,
      0.9919644185234332,
      1.0542745304247472,
      1.267492071715067,
      1.1839593325076434,
      0.8312477062971163
    ],
    "ops_card_penalty": 0.1438182652194413,
    "realign_mode_bonus": -0.763796017336461,
    "space_mode_bonus": 1.0262960609122214
  },
  "proxy_score": 0.8467741935483871,
  "snapshot_id": "candidate_0080",
  "source": "random_proxy_search",
  "speed_penalty": 0.0
}
