{
  "created_process_s": 0.407121431,
  "created_wall_s": 8.273116588999983,
  "label": "random_78",
  "objective": 0.782258064516129,
  "paired_score": 0.0,
  "params": {
    "coup_mode_bonus": 4.384293846166356,
    "early_region_weights": [
      0.9565579365281045,
      1.4574312962663558,
      1.1350265760573772,
      0.6806337592994073,
      0.6505112369135659,
      0.652159859565928,
      1.255390130917724
    ],
    "influence_mode_bonus": 5.828717332512406,
    "late_region_weights": [
      1.039245134730952,
      0.8414068622719909,
      0.9009852540848067,
      1.008977887414201,
      1.2897115530518002,
      1.2193795933206024,
      0.79792162216267
    ],
    "mid_region_weights": [
      1.1009855166405804,
      0.9287172114773184,
      0.9571900894688802,
      0.7371450012044287,
      1.4308144519216888,
      1.2229347567160216,
      0.7737147383751817
    ],
    "ops_card_penalty": 0.15541802300926,
    "realign_mode_bonus": -1.0593806022712022,
    "space_mode_bonus": 0.8748040284814733
  },
  "proxy_score": 0.782258064516129,
  "snapshot_id": "candidate_0078",
  "source": "random_proxy_search",
  "speed_penalty": 0.0
}
