{
  "created_process_s": 0.39887233099999997,
  "created_wall_s": 8.264838378003333,
  "label": "random_57",
  "objective": 0.8104914673285639,
  "paired_score": 0.0,
  "params": {
    "coup_mode_bonus": 3.692495506191094,
    "early_region_weights": [
      0.77872931979066,
      1.454245428533273,
      1.0270489237573772,
      0.5970988504065907,
      0.6727096541334529,
      0.7019657553910341,
      1.1814479972587042
    ],
    "influence_mode_bonus": 5.851797053236101,
    "late_region_weights": [
      1.1872731145076476,
      0.8887634601928203,
      0.9569390923725465,
      1.1560781845950319,
      1.0704595209017473,
      1.0462307098956027,
      0.6439590085806345
    ],
    "mid_region_weights": [
      0.9305716784546572,
      0.8483372710818451,
      0.8911762149584277,
      0.8925430061517035,
      1.283508521467848,
      1.0871643540840663,
      0.9348105441282405
    ],
    "ops_card_penalty": 0.1295709440812309,
    "realign_mode_bonus": -1.0293779735935646,
    "space_mode_bonus": 1.0431115833750124
  },
  "proxy_score": 0.8145161290322581,
  "snapshot_id": "candidate_0057",
  "source": "random_proxy_search",
  "speed_penalty": 0.04024661703694199
}
