{
  "created_process_s": 0.40370206399999997,
  "created_wall_s": 8.269702072997461,
  "label": "random_69",
  "objective": 0.7678668075671584,
  "paired_score": 0.0,
  "params": {
    "coup_mode_bonus": 4.362350731527997,
    "early_region_weights": [
      0.9547516350040334,
      1.2901542829276103,
      0.9072702408288571,
      0.5186224999308784,
      0.5666871953506651,
      0.763751888282216,
      1.0870270343733854
    ],
    "influence_mode_bonus": 5.865530027394453,
    "late_region_weights": [
      1.2701447713907876,
      0.9093451155400655,
      0.9864652996785775,
      1.0653170692668643,
      1.0259455188413005,
      0.9350635184772765,
      0.7113703095138246
    ],
    "mid_region_weights": [
      0.999908584890204,
      0.9143327408652309,
      0.9769994218463277,
      0.807991678710384,
      1.221597822581075,
      1.1805000272136563,
      0.8675095461343668
    ],
    "ops_card_penalty": 0.13008660871479757,
    "realign_mode_bonus": -1.1638603720323522,
    "space_mode_bonus": 0.9490990699393806
  },
  "proxy_score": 0.782258064516129,
  "snapshot_id": "candidate_0069",
  "source": "random_proxy_search",
  "speed_penalty": 0.14391256948970588
}
