{
  "created_process_s": 0.418698953,
  "created_wall_s": 8.284710106003331,
  "label": "random_104",
  "objective": 0.8092039998601599,
  "paired_score": 0.0,
  "params": {
    "coup_mode_bonus": 4.445596904435087,
    "early_region_weights": [
      0.7292687701427223,
      1.3119072494847412,
      1.1631389932377527,
      0.42922561706868256,
      0.5801878585402209,
      0.6104152315367977,
      1.379385483996389
    ],
    "influence_mode_bonus": 5.6630194594590275,
    "late_region_weights": [
      1.0623118300823076,
      0.9158824385143501,
      0.9545482251252047,
      0.948540353099314,
      1.0546199463748989,
      1.0648024740785569,
      0.7729005620284939
    ],
    "mid_region_weights": [
      0.884501627945611,
      0.9797992745153561,
      1.1155499000387112,
      0.8709798129543473,
      1.1193217878653925,
      1.2126425531336276,
      0.867677054521968
    ],
    "ops_card_penalty": 0.12289916025084682,
    "realign_mode_bonus": -1.042982960920054,
    "space_mode_bonus": 1.11357897429454
  },
  "proxy_score": 0.8145161290322581,
  "snapshot_id": "candidate_0104",
  "source": "random_proxy_search",
  "speed_penalty": 0.05312129172098201
}
