{
  "created_process_s": 1.387108206,
  "created_wall_s": 9.252085191008518,
  "label": "spsa_3_plus",
  "objective": 0.8276157977160863,
  "paired_score": 0.0,
  "params": {
    "coup_mode_bonus": 3.448099453516531,
    "early_region_weights": [
      0.984657077858835,
      1.430858594941266,
      1.072089880476211,
      0.4962048860301263,
      0.39701658720041916,
      0.4884067079413846,
      1.379170562806372
    ],
    "influence_mode_bonus": 5.593808420739794,
    "late_region_weights": [
      1.1148143594325317,
      1.0213399537740793,
      0.8423698244250819,
      1.0605892861424375,
      1.1216982544628449,
      0.9695405204029416,
      0.6533469490125998
    ],
    "mid_region_weights": [
      0.9185579955225068,
      1.0564287920572875,
      1.0380053085529204,
      0.7442415289414945,
      1.2101788206400417,
      1.1627219299537246,
      0.7701386853488151
    ],
    "ops_card_penalty": 0.19405899840758775,
    "realign_mode_bonus": -0.9869174671315395,
    "space_mode_bonus": 1.1561399396365322
  },
  "proxy_score": 0.8790322580645161,
  "snapshot_id": "candidate_0125",
  "source": "proxy_spsa",
  "speed_penalty": 0.5141646034842988
}
