{
  "created_process_s": 0.39019123499999997,
  "created_wall_s": 8.256167416009703,
  "label": "random_34",
  "objective": 0.8742217591517041,
  "paired_score": 0.0,
  "params": {
    "coup_mode_bonus": 4.115511874565526,
    "early_region_weights": [
      0.911014872851328,
      1.3785311258830564,
      0.9975432600107039,
      0.6417822775715029,
      0.6511071018245993,
      0.6168935935443388,
      1.1436238107157013
    ],
    "influence_mode_bonus": 6.482009326758824,
    "late_region_weights": [
      1.0230887356842029,
      0.9215021210804576,
      0.9003982234517292,
      0.941714841593225,
      1.1124257489734817,
      0.9134257973164662,
      0.5621790918934846
    ],
    "mid_region_weights": [
      1.0679476809658994,
      1.0841378454245196,
      0.897217157222342,
      0.9299741424782196,
      1.3171038865831772,
      1.154197733693,
      0.7635526182040883
    ],
    "ops_card_penalty": 0.10759480252653958,
    "realign_mode_bonus": -0.9150917095047797,
    "space_mode_bonus": 0.8934782883810286
  },
  "proxy_score": 0.8790322580645161,
  "snapshot_id": "candidate_0034",
  "source": "random_proxy_search",
  "speed_penalty": 0.04810498912812067
}
