{
  "created_process_s": 0.399411806,
  "created_wall_s": 8.265376620009192,
  "label": "random_58",
  "objective": 0.8467741935483871,
  "paired_score": 0.0,
  "params": {
    "coup_mode_bonus": 3.4415698398104713,
    "early_region_weights": [
      0.8244622126515764,
      1.2862165142551736,
      1.1338441691108396,
      0.5612341755556438,
      0.6723106435983112,
      0.5183492746036297,
      1.2424750673632543
    ],
    "influence_mode_bonus": 5.957967795277656,
    "late_region_weights": [
      1.0506263599510608,
      0.8740027479429947,
      1.0683949353559075,
      1.1723896741454065,
      1.18959404300032,
      0.8825714873690343,
      0.6449590077027298
    ],
    "mid_region_weights": [
      0.9215016670415485,
      1.0081734198295356,
      0.9951085625974175,
      0.9339772914860255,
      1.2368481990992124,
      1.2113159463463632,
      1.0166681281706529
    ],
    "ops_card_penalty": 0.10070248751229127,
    "realign_mode_bonus": -0.4687621949424242,
    "space_mode_bonus": 1.188329858331953
  },
  "proxy_score": 0.8467741935483871,
  "snapshot_id": "candidate_0058",
  "source": "random_proxy_search",
  "speed_penalty": 0.0
}
