{
  "created_process_s": 3.137348598,
  "created_wall_s": 11.000055728000007,
  "label": "spsa_8_minus",
  "objective": 0.8450033166485551,
  "paired_score": 0.0,
  "params": {
    "coup_mode_bonus": 3.392245233929557,
    "early_region_weights": [
      0.9801811402869081,
      1.435334532513193,
      1.090707953671869,
      0.49172894845819926,
      0.3783985140047612,
      0.48393077036945753,
      1.39778863600203
    ],
    "influence_mode_bonus": 5.607236233455575,
    "late_region_weights": [
      1.1334324326281897,
      1.0399580269697373,
      0.8237517512294239,
      1.0792073593380955,
      1.1030801812671869,
      0.9650645828310146,
      0.6488710114406728
    ],
    "mid_region_weights": [
      0.9371760687181648,
      1.0378107188616295,
      1.0193872353572624,
      0.7628596021371525,
      1.1915607474443837,
      1.1441038567580666,
      0.7515206121531571
    ],
    "ops_card_penalty": 0.19964442036628513,
    "realign_mode_bonus": -0.9496813207402236,
    "space_mode_bonus": 1.1650918147803861
  },
  "proxy_score": 0.8790322580645161,
  "snapshot_id": "candidate_0136",
  "source": "proxy_spsa",
  "speed_penalty": 0.34028941415961067
}
