{
  "created_process_s": 7.125632026,
  "created_wall_s": 14.984430181008065,
  "label": "spsa_22_plus",
  "objective": 0.8563227515122379,
  "paired_score": 0.0,
  "params": {
    "coup_mode_bonus": 3.4006663943838165,
    "early_region_weights": [
      0.9773740868021548,
      1.4381415859979463,
      1.0793728715328912,
      0.4803938663192216,
      0.38120556748951445,
      0.47259568823047987,
      1.3949815825172767
    ],
    "influence_mode_bonus": 5.641241479872509,
    "late_region_weights": [
      1.122097350489212,
      1.037150973484984,
      0.8265588047141772,
      1.0764003058533422,
      1.1058872347519402,
      0.9537295006920369,
      0.6460639579559195
    ],
    "mid_region_weights": [
      0.9343690152334115,
      1.0491458010006072,
      1.0221942888420157,
      0.7515245199981748,
      1.2028958295833614,
      1.1469109102428199,
      0.7543276656379104
    ],
    "ops_card_penalty": 0.19624389572459183,
    "realign_mode_bonus": -0.9552954277097301,
    "space_mode_bonus": 1.1707059217498927
  },
  "proxy_score": 0.8790322580645161,
  "snapshot_id": "candidate_0163",
  "source": "proxy_spsa",
  "speed_penalty": 0.2270950655227819
}
