{
  "created_process_s": 0.413107542,
  "created_wall_s": 8.279097434002324,
  "label": "random_91",
  "objective": 0.8680889630180461,
  "paired_score": 0.0,
  "params": {
    "coup_mode_bonus": 3.6675926466253204,
    "early_region_weights": [
      0.8213906096635365,
      1.572377297157518,
      1.1439359454678262,
      0.5727811884975946,
      0.7450249579935856,
      0.6078198416618952,
      1.3922301089746258
    ],
    "influence_mode_bonus": 5.925039059379803,
    "late_region_weights": [
      1.1517804514393382,
      1.0329709117084576,
      1.095620866129933,
      0.9626285353148529,
      0.9131940898193428,
      0.9833186444821693,
      0.6906553590842968
    ],
    "mid_region_weights": [
      0.9217620195315385,
      1.0439109382451333,
      1.0096708531365546,
      0.9298537287501006,
      1.2021765098028998,
      1.2219506110041125,
      0.976337255691865
    ],
    "ops_card_penalty": 0.13437445684191066,
    "realign_mode_bonus": -1.5035444505157993,
    "space_mode_bonus": 0.8738296066823971
  },
  "proxy_score": 0.8790322580645161,
  "snapshot_id": "candidate_0091",
  "source": "random_proxy_search",
  "speed_penalty": 0.10943295046470114
}
