{
  "created_process_s": 3.2890627840000004,
  "created_wall_s": 11.151544930005912,
  "label": "spsa_9_plus",
  "objective": 0.8465987103381413,
  "paired_score": 0.0,
  "params": {
    "coup_mode_bonus": 3.3934584373651533,
    "early_region_weights": [
      0.9797767391417093,
      1.449072266991725,
      1.09030355252667,
      0.49132454731300046,
      0.3921362484832933,
      0.48352636922425873,
      1.3840509015234979
    ],
    "influence_mode_bonus": 5.6484494368911715,
    "late_region_weights": [
      1.1196946981496576,
      1.0262202924912052,
      0.8374894857079561,
      1.0654696248595634,
      1.116817915745719,
      0.9513268483524824,
      0.6351332769621406
    ],
    "mid_region_weights": [
      0.936771667572966,
      1.0382151200068284,
      1.0331249698357945,
      0.7491218676586203,
      1.2052984819229158,
      1.1578415912365987,
      0.7652583466316893
    ],
    "ops_card_penalty": 0.1995231000227255,
    "realign_mode_bonus": -0.9504901230306212,
    "space_mode_bonus": 1.1659006170707837
  },
  "proxy_score": 0.8790322580645161,
  "snapshot_id": "candidate_0137",
  "source": "proxy_spsa",
  "speed_penalty": 0.3243354772637488
}
