{
  "created_process_s": 0.399730943,
  "created_wall_s": 8.265697424998507,
  "label": "random_59",
  "objective": 0.8467741935483871,
  "paired_score": 0.0,
  "params": {
    "coup_mode_bonus": 3.7929242560216556,
    "early_region_weights": [
      0.8356357307513717,
      1.4000994673017315,
      1.02722341542684,
      0.6753016351019033,
      0.657701115680084,
      0.5008222268540959,
      1.3194968005329413
    ],
    "influence_mode_bonus": 6.119560613783164,
    "late_region_weights": [
      1.1099486985365976,
      0.9343330578446176,
      0.9852335002891469,
      1.0992719043314774,
      1.1553154368909153,
      0.8521907995330072,
      0.7251941198334201
    ],
    "mid_region_weights": [
      1.044586718428296,
      1.1488565755315692,
      1.0495475993791783,
      0.8795738732954305,
      1.2257515240285681,
      1.2447158197650317,
      0.8014760111105481
    ],
    "ops_card_penalty": 0.11609917719124649,
    "realign_mode_bonus": -0.9613522253671486,
    "space_mode_bonus": 0.8405608608744185
  },
  "proxy_score": 0.8467741935483871,
  "snapshot_id": "candidate_0059",
  "source": "random_proxy_search",
  "speed_penalty": 0.0
}
