{
  "created_process_s": 1.588275005,
  "created_wall_s": 9.45300731100724,
  "label": "spsa_3_minus",
  "objective": 0.8168554190648377,
  "paired_score": 0.0,
  "params": {
    "coup_mode_bonus": 3.3788174212137756,
    "early_region_weights": [
      0.9615630670912501,
      1.453952605708851,
      1.095183891243796,
      0.4731108752625413,
      0.37392257643283416,
      0.4653126971737996,
      1.402264573573957
    ],
    "influence_mode_bonus": 5.66309045304255,
    "late_region_weights": [
      1.1379083702001167,
      1.0444339645416643,
      0.8192758136574969,
      1.0836832969100225,
      1.0986042436952599,
      0.9464465096353566,
      0.6302529382450148
    ],
    "mid_region_weights": [
      0.9416520062900918,
      1.0333347812897025,
      1.0149112977853354,
      0.7673355397090795,
      1.1870848098724567,
      1.1396279191861396,
      0.7470446745812301
    ],
    "ops_card_penalty": 0.20098720163786324,
    "realign_mode_bonus": -0.9407294455963695,
    "space_mode_bonus": 1.2023279611717022
  },
  "proxy_score": 0.8790322580645161,
  "snapshot_id": "candidate_0126",
  "source": "proxy_spsa",
  "speed_penalty": 0.6217683899967836
}
