{
  "created_process_s": 0.402889779,
  "created_wall_s": 8.2688905899995,
  "label": "random_66",
  "objective": 0.7846564659898729,
  "paired_score": 0.0,
  "params": {
    "coup_mode_bonus": 3.872150440583158,
    "early_region_weights": [
      0.8320700604915741,
      1.396334166671127,
      0.9581062508250024,
      0.60898547027213,
      0.685930471738705,
      0.6582559184203663,
      1.2145215143398107
    ],
    "influence_mode_bonus": 5.783538491848445,
    "late_region_weights": [
      1.0474726104791077,
      0.7375529291349548,
      1.097320525940912,
      1.0844980389266676,
      1.060431416884243,
      0.9863053694703738,
      0.7308733570232957
    ],
    "mid_region_weights": [
      0.9971402012413545,
      1.0953185428222316,
      1.0717274841028666,
      1.0043733642518664,
      1.0979533546903024,
      1.3164077380560466,
      0.94213326995364
    ],
    "ops_card_penalty": 0.13762106567738389,
    "realign_mode_bonus": -1.3853153179957132,
    "space_mode_bonus": 0.9503390685981028
  },
  "proxy_score": 0.8467741935483871,
  "snapshot_id": "candidate_0066",
  "source": "random_proxy_search",
  "speed_penalty": 0.6211772755851419
}
