{
  "created_process_s": 0.405729904,
  "created_wall_s": 8.271726988008595,
  "label": "random_75",
  "objective": 0.782258064516129,
  "paired_score": 0.0,
  "params": {
    "coup_mode_bonus": 4.31982649284648,
    "early_region_weights": [
      0.8210952716092352,
      1.182394301043068,
      1.1123407110869896,
      0.5892552058381745,
      0.498144519072107,
      0.7475708404243921,
      1.2599541093353837
    ],
    "influence_mode_bonus": 5.819381147461777,
    "late_region_weights": [
      1.0865989863257384,
      0.8475120949865935,
      1.0626109791825227,
      0.9465921755348186,
      1.160483012949666,
      1.0546854391032041,
      0.7926181311845746
    ],
    "mid_region_weights": [
      0.9529987453114978,
      1.1337156440729446,
      1.0633503669887066,
      0.8310478551932509,
      1.1711600541833358,
      0.9499621035882035,
      0.797030177754396
    ],
    "ops_card_penalty": 0.13214320659277098,
    "realign_mode_bonus": -1.0529488145058028,
    "space_mode_bonus": 0.683783304706649
  },
  "proxy_score": 0.782258064516129,
  "snapshot_id": "candidate_0075",
  "source": "random_proxy_search",
  "speed_penalty": 0.0
}
