{
  "created_process_s": 0.418232149,
  "created_wall_s": 8.284243289002916,
  "label": "random_103",
  "objective": 0.8027904009561708,
  "paired_score": 0.0,
  "params": {
    "coup_mode_bonus": 4.012902474343032,
    "early_region_weights": [
      0.7869627145033393,
      1.3654097267537,
      1.1872283656355653,
      0.6476614376165116,
      0.6177392224422125,
      0.7070383638136217,
      1.1758540466601337
    ],
    "influence_mode_bonus": 5.856295458377376,
    "late_region_weights": [
      0.9779446179664819,
      0.7923217453156126,
      0.9141702642143377,
      1.013524730522758,
      1.1273343957510367,
      0.9618394121819547,
      0.6978262063262587
    ],
    "mid_region_weights": [
      0.9831148180074685,
      1.1477585202119658,
      1.1818857572668302,
      0.9862392313805317,
      1.202840465137477,
      1.1709161388507185,
      0.9125034824536377
    ],
    "ops_card_penalty": 0.11907201987049149,
    "realign_mode_bonus": -0.7966958881264473,
    "space_mode_bonus": 0.9154156841778215
  },
  "proxy_score": 0.8145161290322581,
  "snapshot_id": "candidate_0103",
  "source": "random_proxy_search",
  "speed_penalty": 0.11725728076087338
}
