{
  "created_process_s": 6.988904477,
  "created_wall_s": 14.847995866002748,
  "label": "spsa_21_minus",
  "objective": 0.8593925438454816,
  "paired_score": 0.0,
  "params": {
    "coup_mode_bonus": 3.426551510779313,
    "early_region_weights": [
      0.9774744302797624,
      1.4467699581297784,
      1.0792725280552835,
      0.480293522841614,
      0.3898339396213465,
      0.4812240603623119,
      1.3863532103854446
    ],
    "influence_mode_bonus": 5.615356363477012,
    "late_region_weights": [
      1.1219970070116043,
      1.0372513169625917,
      0.8351871768460093,
      1.07650064933095,
      1.1145156068837723,
      0.9536291572144292,
      0.6374355858240874
    ],
    "mid_region_weights": [
      0.9344693587110192,
      1.040517428868775,
      1.022093945364408,
      0.7514241765205671,
      1.1942674574515293,
      1.155539282374652,
      0.7629560377697425
    ],
    "ops_card_penalty": 0.19883240736414146,
    "realign_mode_bonus": -0.9550947407545148,
    "space_mode_bonus": 1.1705052347946774
  },
  "proxy_score": 0.8790322580645161,
  "snapshot_id": "candidate_0162",
  "source": "proxy_spsa",
  "speed_penalty": 0.19639714219034543
}
