{
  "created_process_s": 6.141114652000001,
  "created_wall_s": 14.001802416009014,
  "label": "spsa_18_minus",
  "objective": 0.8521536946507705,
  "paired_score": 0.0,
  "params": {
    "coup_mode_bonus": 3.4276005729888843,
    "early_region_weights": [
      0.9683960272671323,
      1.447119645532969,
      1.0883509310679138,
      0.4799438354384235,
      0.38075553660871636,
      0.4815737477655024,
      1.3954316133980749
    ],
    "influence_mode_bonus": 5.6425915725149025,
    "late_region_weights": [
      1.1216473196084138,
      1.0376010043657822,
      0.8261087738333791,
      1.0768503367341404,
      1.1148652942869628,
      0.9627075602270594,
      0.6465139888367176
    ],
    "mid_region_weights": [
      0.925390955698389,
      1.0401677414655845,
      1.0217442579612175,
      0.7605025795331973,
      1.1939177700483388,
      1.1464608793620217,
      0.7538776347571123
    ],
    "ops_card_penalty": 0.19893731358509859,
    "realign_mode_bonus": -0.9732515467797751,
    "space_mode_bonus": 1.1698058599882966
  },
  "proxy_score": 0.8790322580645161,
  "snapshot_id": "candidate_0156",
  "source": "proxy_spsa",
  "speed_penalty": 0.26878563413745593
}
