{
  "created_process_s": 0.42199399099999996,
  "created_wall_s": 8.288001717999578,
  "label": "random_112",
  "objective": 0.8467741935483871,
  "paired_score": 0.0,
  "params": {
    "coup_mode_bonus": 3.989833009350822,
    "early_region_weights": [
      0.8465698034556325,
      1.2739391284220003,
      1.1682914517257266,
      0.6405703887945366,
      0.5904778431513196,
      0.6311721421628422,
      1.2530985284511436
    ],
    "influence_mode_bonus": 6.334407749116791,
    "late_region_weights": [
      1.1945903239995448,
      0.9131409766923886,
      1.106861188822369,
      1.1723885677388053,
      1.0885103340449536,
      0.9450313738092067,
      0.7948634662918215
    ],
    "mid_region_weights": [
      1.0163451082120434,
      1.0601632918797717,
      1.130816093824998,
      0.899093729766983,
      1.1891352912123672,
      1.309446660745525,
      1.124221649070372
    ],
    "ops_card_penalty": 0.12737204747124747,
    "realign_mode_bonus": -0.8979142777898462,
    "space_mode_bonus": 1.1992371338828722
  },
  "proxy_score": 0.8467741935483871,
  "snapshot_id": "candidate_0112",
  "source": "random_proxy_search",
  "speed_penalty": 0.0
}
