{
  "created_process_s": 6.7071031130000005,
  "created_wall_s": 14.56678255800216,
  "label": "spsa_20_minus",
  "objective": 0.858694222321812,
  "paired_score": 0.0,
  "params": {
    "coup_mode_bonus": 3.4000420295001548,
    "early_region_weights": [
      0.9775822084300422,
      1.446877736280058,
      1.0791647499050039,
      0.4891300166013334,
      0.3809974458616271,
      0.48133183851259165,
      1.395189704145164
    ],
    "influence_mode_bonus": 5.615033029026173,
    "late_region_weights": [
      1.1218892288613247,
      1.0373590951128713,
      0.835294954996289,
      1.0676641555712305,
      1.114623385034052,
      0.9535213790641495,
      0.646272079583807
    ],
    "mid_region_weights": [
      0.9256328649512997,
      1.0493539226284945,
      1.0219861672141284,
      0.7602606702802867,
      1.2031039512112487,
      1.1556470605249316,
      0.7630638159200223
    ],
    "ops_card_penalty": 0.19886474080922537,
    "realign_mode_bonus": -0.9548791844539554,
    "space_mode_bonus": 1.1881782223141164
  },
  "proxy_score": 0.8790322580645161,
  "snapshot_id": "candidate_0160",
  "source": "proxy_spsa",
  "speed_penalty": 0.20338035742704075
}
