{
  "best_local_params_delta": "  early_europe: 0.8500 -> 0.8523\n  early_asia: 1.3500 -> 1.2423\n  early_middle_east: 1.1000 -> 1.0324\n  early_central_america: 0.6000 -> 0.6942\n  early_south_america: 0.5500 -> 0.3673\n  early_africa: 0.6500 -> 0.5683\n  early_southeast_asia: 1.2500 -> 1.2685\n  mid_europe: 0.9500 -> 0.9017\n  mid_asia: 1.0000 -> 1.0176\n  mid_middle_east: 1.0000 -> 0.9583\n  mid_central_america: 0.9500 -> 0.8641\n  mid_south_america: 1.2000 -> 1.1456\n  mid_africa: 1.2000 -> 1.1863\n  mid_southeast_asia: 0.9000 -> 0.7345\n  late_europe: 1.1000 -> 1.1323\n  late_asia: 0.9500 -> 1.0207\n  late_middle_east: 0.9500 -> 1.0026\n  late_central_america: 1.0500 -> 0.9517\n  late_south_america: 1.1000 -> 1.1663\n  late_africa: 1.0000 -> 0.9725\n  late_southeast_asia: 0.7500 -> 0.6701\n  influence_mode_bonus: 6.0000 -> 5.9459\n  coup_mode_bonus: 4.0000 -> 3.4574\n  realign_mode_bonus: -1.0000 -> -1.0544\n  space_mode_bonus: 1.0000 -> 0.8544\n  ops_card_penalty: 0.1500 -> 0.1809\n  control_break_bonus: 5.0000 -> 5.2880\n  access_bonus: 1.5000 -> 1.4788\n  coup_battleground_bonus: 2.5000 -> 2.7150\n  coup_defcon2_penalty: -8.0000 -> -8.1071\n  coup_defcon3_penalty: -2.5000 -> -2.4819\n  realign_base_penalty: -4.0000 -> -3.9855\n  realign_country_scale: 0.5500 -> 0.5889\n  realign_defcon2_bonus: 2.0000 -> 1.8732\n  space_when_behind_bonus: 2.0000 -> 1.8598\n  space_early_bonus: 1.0000 -> 0.9387\n  space_offside_bonus: 2.0000 -> 2.1611\n  headline_ops_scale: 0.7500 -> 0.8366\n  headline_friendly_bonus: 2.0000 -> 1.7173\n  china_early_penalty: -2.5000 -> -2.4833\n  china_asia_target_bonus: 1.5000 -> 1.3778\n  country_region_scale: 5.0000 -> 4.9907\n  country_battleground_bonus: 7.0000 -> 6.8659\n  country_non_battleground_bonus: 1.0000 -> 1.2715\n  country_stability_scale: 0.6000 -> 0.5365\n  country_thailand_early_bonus: 6.0000 -> 5.8211\n  country_europe_core_bonus: 2.0000 -> 2.0137\n  country_mid_war_entry_bonus: 2.0000 -> 2.0548",
  "full_validation": {
    "ci_high": 0.19375,
    "ci_low": -0.010416666666666649,
    "label": "best_local_refine",
    "mean_score": 0.06250000000000001,
    "n_pairs": 6,
    "significant_positive": false,
    "turn_cutoff": 6
  },
  "mini_validation": {
    "ci_high": 0.22864583333333333,
    "ci_low": -0.1630208333333333,
    "label": "base3_neighbor_3",
    "mean_score": 0.034375,
    "n_pairs": 12,
    "significant_positive": false,
    "turn_cutoff": 4
  },
  "process_s_total": 2.537567447,
  "run_stamp": "20260327_090505",
  "screen_validation": {
    "ci_high": 0.4,
    "ci_low": 0.0,
    "label": "base3_neighbor_3",
    "mean_score": 0.2,
    "n_pairs": 2,
    "significant_positive": false,
    "turn_cutoff": 4
  },
  "wall_s_total": 1546.5929940650094
}
