{
  "created_process_s": 1.498031951,
  "created_wall_s": 1.4960700429946883,
  "label": "spsa_1_plus",
  "objective": 0.8659617698737051,
  "paired_score": 0.0,
  "params": {
    "coup_mode_bonus": 3.94,
    "early_region_weights": [
      0.83,
      1.33,
      1.08,
      0.58,
      0.53,
      0.67,
      1.27
    ],
    "influence_mode_bonus": 6.06,
    "late_region_weights": [
      1.08,
      0.97,
      0.9299999999999999,
      1.03,
      1.12,
      0.98,
      0.77
    ],
    "mid_region_weights": [
      0.9299999999999999,
      0.98,
      0.98,
      0.9299999999999999,
      1.18,
      1.22,
      0.92
    ],
    "ops_card_penalty": 0.156,
    "realign_mode_bonus": -0.96,
    "space_mode_bonus": 1.04
  },
  "proxy_score": 0.8790322580645161,
  "snapshot_id": "candidate_0009",
  "source": "proxy_spsa",
  "speed_penalty": 0.13070488190811003
}
