{
  "created_process_s": 0.15668568700000002,
  "created_wall_s": 0.1563987949921284,
  "label": "baseline_default",
  "objective": 0.86360498911412,
  "paired_score": 0.0,
  "params": {
    "coup_mode_bonus": 4.0,
    "early_region_weights": [
      0.85,
      1.35,
      1.1,
      0.6,
      0.55,
      0.65,
      1.25
    ],
    "influence_mode_bonus": 6.0,
    "late_region_weights": [
      1.1,
      0.95,
      0.95,
      1.05,
      1.1,
      1.0,
      0.75
    ],
    "mid_region_weights": [
      0.95,
      1.0,
      1.0,
      0.95,
      1.2,
      1.2,
      0.9
    ],
    "ops_card_penalty": 0.15,
    "realign_mode_bonus": -1.0,
    "space_mode_bonus": 1.0
  },
  "proxy_score": 0.8790322580645161,
  "snapshot_id": "baseline",
  "source": "baseline",
  "speed_penalty": 0.15427268950396122
}
