{
  "created_process_s": 0.950970378,
  "created_wall_s": 3.459994649005239,
  "label": "spsa_3_plus",
  "objective": 0.8327446906560023,
  "paired_score": 0.0,
  "params": {
    "coup_mode_bonus": 3.9653589838486223,
    "early_region_weights": [
      0.8384529946162075,
      1.3384529946162076,
      1.1115470053837926,
      0.6115470053837925,
      0.5615470053837925,
      0.6384529946162075,
      1.2615470053837925
    ],
    "influence_mode_bonus": 6.034641016151378,
    "late_region_weights": [
      1.0884529946162076,
      0.9615470053837925,
      0.9384529946162075,
      1.0615470053837925,
      1.1115470053837926,
      0.9884529946162075,
      0.7384529946162075
    ],
    "mid_region_weights": [
      0.9615470053837925,
      0.9884529946162075,
      1.0115470053837925,
      0.9384529946162075,
      1.2115470053837925,
      1.2115470053837925,
      0.8884529946162075
    ],
    "ops_card_penalty": 0.15346410161513774,
    "realign_mode_bonus": -0.976905989232415,
    "space_mode_bonus": 1.023094010767585
  },
  "proxy_score": 0.8790322580645161,
  "snapshot_id": "candidate_0045",
  "source": "proxy_spsa",
  "speed_penalty": 0.4628756740851383
}
