{
  "created_process_s": 3.1972305149999998,
  "created_wall_s": 5.703434494003886,
  "label": "spsa_12_plus",
  "objective": 0.8189847427889994,
  "paired_score": 0.0,
  "params": {
    "coup_mode_bonus": 4.017320508075689,
    "early_region_weights": [
      0.8442264973081037,
      1.3442264973081037,
      1.1057735026918964,
      0.5942264973081037,
      0.5442264973081038,
      0.6557735026918963,
      1.2442264973081036
    ],
    "influence_mode_bonus": 5.982679491924311,
    "late_region_weights": [
      1.0942264973081037,
      0.9557735026918962,
      0.9442264973081037,
      1.0557735026918964,
      1.1057735026918964,
      1.0057735026918964,
      0.7442264973081038
    ],
    "mid_region_weights": [
      0.9557735026918962,
      1.0057735026918964,
      0.9942264973081038,
      0.9442264973081037,
      1.2057735026918963,
      1.2057735026918963,
      0.9057735026918963
    ],
    "ops_card_penalty": 0.15173205080756888,
    "realign_mode_bonus": -0.9884529946162075,
    "space_mode_bonus": 1.0115470053837925
  },
  "proxy_score": 0.8467741935483871,
  "snapshot_id": "candidate_0063",
  "source": "proxy_spsa",
  "speed_penalty": 0.2778945075938779
}
