{
  "created_process_s": 0.405413268,
  "created_wall_s": 2.915652900002897,
  "label": "spsa_1_plus",
  "objective": 0.8081912192738837,
  "paired_score": 0.0,
  "params": {
    "coup_mode_bonus": 3.94,
    "early_region_weights": [
      0.87,
      1.33,
      1.12,
      0.62,
      0.5700000000000001,
      0.67,
      1.23
    ],
    "influence_mode_bonus": 5.94,
    "late_region_weights": [
      1.08,
      0.97,
      0.9299999999999999,
      1.03,
      1.08,
      1.02,
      0.77
    ],
    "mid_region_weights": [
      0.9299999999999999,
      0.98,
      0.98,
      0.9299999999999999,
      1.18,
      1.18,
      0.92
    ],
    "ops_card_penalty": 0.156,
    "realign_mode_bonus": -0.96,
    "space_mode_bonus": 1.04
  },
  "proxy_score": 0.8790322580645161,
  "snapshot_id": "candidate_0041",
  "source": "proxy_spsa",
  "speed_penalty": 0.7084103879063239
}
