{
  "created_process_s": 2.447247241,
  "created_wall_s": 4.955350809002994,
  "label": "spsa_9_plus",
  "objective": 0.849143794961869,
  "paired_score": 0.0,
  "params": {
    "coup_mode_bonus": 3.98,
    "early_region_weights": [
      0.8566666666666667,
      1.3566666666666667,
      1.1066666666666667,
      0.6066666666666667,
      0.5433333333333333,
      0.6433333333333333,
      1.2433333333333334
    ],
    "influence_mode_bonus": 6.02,
    "late_region_weights": [
      1.1066666666666667,
      0.9433333333333332,
      0.9433333333333332,
      1.0433333333333334,
      1.1066666666666667,
      0.9933333333333333,
      0.7566666666666667
    ],
    "mid_region_weights": [
      0.9566666666666667,
      0.9933333333333333,
      0.9933333333333333,
      0.9433333333333332,
      1.1933333333333334,
      1.2066666666666666,
      0.9066666666666667
    ],
    "ops_card_penalty": 0.148,
    "realign_mode_bonus": -0.9866666666666667,
    "space_mode_bonus": 0.9866666666666667
  },
  "proxy_score": 0.8790322580645161,
  "snapshot_id": "candidate_0057",
  "source": "proxy_spsa",
  "speed_penalty": 0.29888463102647145
}
