{
  "created_process_s": 0.2231016,
  "created_wall_s": 2.7337514590035425,
  "label": "random_29",
  "objective": 0.8145161290322581,
  "paired_score": 0.0,
  "params": {
    "coup_mode_bonus": 4.19618638592813,
    "early_region_weights": [
      0.9641032657370705,
      1.3242841172526125,
      1.2650056767307913,
      0.5892868187983471,
      0.5379140672448998,
      0.6648005093765458,
      1.1701732772788198
    ],
    "influence_mode_bonus": 6.100631112054498,
    "late_region_weights": [
      1.0626079705525886,
      1.0926922339715115,
      0.8140647056922223,
      1.2888802282821303,
      1.0095513656664856,
      1.0476918437447271,
      0.6405194004534729
    ],
    "mid_region_weights": [
      0.9458005349934925,
      1.085824714999572,
      1.0842884562445905,
      0.9383638447133443,
      1.1356816286555513,
      1.1783846708642172,
      0.9178106803777227
    ],
    "ops_card_penalty": 0.16512741840470127,
    "realign_mode_bonus": -0.7429332270848805,
    "space_mode_bonus": 0.7382749029065867
  },
  "proxy_score": 0.8145161290322581,
  "snapshot_id": "candidate_0029",
  "source": "random_proxy_search",
  "speed_penalty": 0.0
}
