{
  "created_process_s": 0.226702583,
  "created_wall_s": 2.7373447659920203,
  "label": "random_37",
  "objective": 0.8467741935483871,
  "paired_score": 0.0,
  "params": {
    "coup_mode_bonus": 3.687072415137315,
    "early_region_weights": [
      0.7690469635458477,
      1.5049895470001915,
      1.0678781773275299,
      0.40874074546983463,
      0.5478101566199893,
      0.7926905878218077,
      1.227014860105168
    ],
    "influence_mode_bonus": 6.0742930931845756,
    "late_region_weights": [
      0.9997820140242824,
      0.7972909995789639,
      0.9927206838147855,
      1.0956029124630784,
      1.3051910171092571,
      1.0923514989379814,
      0.7596292528838762
    ],
    "mid_region_weights": [
      0.9633336651762093,
      1.0494358452409385,
      1.094783355596101,
      1.0179426890568755,
      1.2713149837247046,
      1.3351037274165487,
      0.9841305749701471
    ],
    "ops_card_penalty": 0.19054886166200996,
    "realign_mode_bonus": -1.0286299826123928,
    "space_mode_bonus": 0.7790219080870138
  },
  "proxy_score": 0.8467741935483871,
  "snapshot_id": "candidate_0037",
  "source": "random_proxy_search",
  "speed_penalty": 0.0
}
