{
  "created_process_s": 0.215192383,
  "created_wall_s": 2.7258600920031313,
  "label": "random_11",
  "objective": 0.8145161290322581,
  "paired_score": 0.0,
  "params": {
    "coup_mode_bonus": 4.201992585533884,
    "early_region_weights": [
      0.8387493647460087,
      1.3136502171322821,
      1.1970676947060717,
      0.5458984764721733,
      0.6709620628383319,
      0.6573760055375127,
      1.336017110027644
    ],
    "influence_mode_bonus": 6.027285360425789,
    "late_region_weights": [
      1.1057322515535153,
      1.0656405366677209,
      0.948998618221539,
      1.1440616744816057,
      0.9270555440420838,
      0.8012557847098435,
      0.7902792541852063
    ],
    "mid_region_weights": [
      1.0843101185780233,
      0.8236915644921656,
      0.9476259763291848,
      0.9008354851469156,
      1.116452298910458,
      1.1380000306391251,
      1.0212403833203754
    ],
    "ops_card_penalty": 0.1680777600760632,
    "realign_mode_bonus": -0.9919727645896975,
    "space_mode_bonus": 0.9690021078555877
  },
  "proxy_score": 0.8145161290322581,
  "snapshot_id": "candidate_0011",
  "source": "random_proxy_search",
  "speed_penalty": 0.0
}
