{
  "created_process_s": 1.462919662,
  "created_wall_s": 3.97341834299732,
  "label": "spsa_5_plus",
  "objective": 0.8412131386619275,
  "paired_score": 0.0,
  "params": {
    "coup_mode_bonus": 3.9731671842700025,
    "early_region_weights": [
      0.8589442719099991,
      1.3410557280900008,
      1.1089442719099993,
      0.6089442719099991,
      0.5589442719099992,
      0.6410557280900009,
      1.2410557280900008
    ],
    "influence_mode_bonus": 6.026832815729997,
    "late_region_weights": [
      1.1089442719099993,
      0.9589442719099991,
      0.9589442719099991,
      1.0589442719099993,
      1.0910557280900008,
      1.0089442719099992,
      0.7410557280900009
    ],
    "mid_region_weights": [
      0.9410557280900008,
      0.9910557280900009,
      1.0089442719099992,
      0.9410557280900008,
      1.2089442719099992,
      1.1910557280900007,
      0.9089442719099992
    ],
    "ops_card_penalty": 0.14731671842700025,
    "realign_mode_bonus": -1.0178885438199983,
    "space_mode_bonus": 1.0178885438199983
  },
  "proxy_score": 0.8790322580645161,
  "snapshot_id": "candidate_0049",
  "source": "proxy_spsa",
  "speed_penalty": 0.3781911940258862
}
