{
  "created_process_s": 0.22063483699999997,
  "created_wall_s": 2.7312905069993576,
  "label": "random_23",
  "objective": 0.782258064516129,
  "paired_score": 0.0,
  "params": {
    "coup_mode_bonus": 4.198085187145789,
    "early_region_weights": [
      0.8239021109454681,
      1.329068449960879,
      1.0368836966235708,
      0.6900818810675502,
      0.3761239598316436,
      0.7057679662120322,
      1.21383735033504
    ],
    "influence_mode_bonus": 5.895133949861824,
    "late_region_weights": [
      1.1080320304176894,
      0.8600387068875579,
      0.9071288370175522,
      1.0328605213567355,
      1.0989970392776531,
      1.200967660000366,
      0.6738787770918745
    ],
    "mid_region_weights": [
      0.8813729680683733,
      0.836870053002986,
      1.1312860663727182,
      0.9951149511790244,
      1.2635282537989256,
      1.097540042089447,
      0.9133361657686546
    ],
    "ops_card_penalty": 0.14445677991274017,
    "realign_mode_bonus": -1.370879691247241,
    "space_mode_bonus": 0.9706597248101262
  },
  "proxy_score": 0.782258064516129,
  "snapshot_id": "candidate_0023",
  "source": "random_proxy_search",
  "speed_penalty": 0.0
}
