{
  "created_process_s": 1.9758813030000002,
  "created_wall_s": 4.485131915993406,
  "label": "spsa_7_plus",
  "objective": 0.8189895362689897,
  "paired_score": 0.0,
  "params": {
    "coup_mode_bonus": 4.022677868380554,
    "early_region_weights": [
      0.8575592894601846,
      1.3575592894601847,
      1.0924407105398155,
      0.6075592894601846,
      0.5424407105398155,
      0.6424407105398154,
      1.2575592894601846
    ],
    "influence_mode_bonus": 5.977322131619446,
    "late_region_weights": [
      1.0924407105398155,
      0.9424407105398154,
      0.9424407105398154,
      1.0575592894601846,
      1.0924407105398155,
      0.9924407105398154,
      0.7575592894601846
    ],
    "mid_region_weights": [
      0.9424407105398154,
      1.0075592894601846,
      0.9924407105398154,
      0.9575592894601845,
      1.2075592894601845,
      1.1924407105398154,
      0.8924407105398154
    ],
    "ops_card_penalty": 0.15226778683805536,
    "realign_mode_bonus": -1.0151185789203692,
    "space_mode_bonus": 1.0151185789203692
  },
  "proxy_score": 0.8467741935483871,
  "snapshot_id": "candidate_0053",
  "source": "proxy_spsa",
  "speed_penalty": 0.27784657279397407
}
