{
  "created_process_s": 0.22388787500000001,
  "created_wall_s": 2.734536208998179,
  "label": "random_31",
  "objective": 0.8140677734356371,
  "paired_score": 0.0,
  "params": {
    "coup_mode_bonus": 3.7543640586511806,
    "early_region_weights": [
      0.8373797029227733,
      1.3339338731550476,
      1.2565140978705347,
      0.45181536046979265,
      0.44057648056336907,
      0.6110353247263247,
      1.037254766488264
    ],
    "influence_mode_bonus": 5.667303861311148,
    "late_region_weights": [
      1.2143140105913297,
      0.9562389973193213,
      1.1489771492194731,
      1.0095225036343813,
      0.9616892004869376,
      0.9886752279563926,
      0.7357602157100382
    ],
    "mid_region_weights": [
      1.128623698396123,
      0.9600123384207249,
      1.029256831936539,
      1.0954842238953966,
      1.3978449647390332,
      1.245687637227719,
      0.8988004780253419
    ],
    "ops_card_penalty": 0.16230925413951158,
    "realign_mode_bonus": -0.7922990973894726,
    "space_mode_bonus": 1.051660373336844
  },
  "proxy_score": 0.8145161290322581,
  "snapshot_id": "candidate_0031",
  "source": "random_proxy_search",
  "speed_penalty": 0.004483555966209973
}
