{
  "created_process_s": 1.722709422,
  "created_wall_s": 4.23256844500429,
  "label": "spsa_6_plus",
  "objective": 0.842417546445688,
  "paired_score": 0.0,
  "params": {
    "coup_mode_bonus": 4.024494897427831,
    "early_region_weights": [
      0.8418350341907227,
      1.3418350341907228,
      1.0918350341907228,
      0.6081649658092773,
      0.5418350341907228,
      0.6581649658092773,
      1.2581649658092773
    ],
    "influence_mode_bonus": 6.024494897427831,
    "late_region_weights": [
      1.1081649658092774,
      0.9581649658092772,
      0.9418350341907227,
      1.0418350341907228,
      1.0918350341907228,
      1.0081649658092773,
      0.7418350341907227
    ],
    "mid_region_weights": [
      0.9418350341907227,
      1.0081649658092773,
      1.0081649658092773,
      0.9418350341907227,
      1.2081649658092772,
      1.1918350341907227,
      0.8918350341907227
    ],
    "ops_card_penalty": 0.15244948974278316,
    "realign_mode_bonus": -0.9836700683814454,
    "space_mode_bonus": 1.0163299316185546
  },
  "proxy_score": 0.8790322580645161,
  "snapshot_id": "candidate_0051",
  "source": "proxy_spsa",
  "speed_penalty": 0.36614711618828144
}
