{
  "created_process_s": 0.21862866399999997,
  "created_wall_s": 2.729288792004809,
  "label": "random_18",
  "objective": 0.7842191740558939,
  "paired_score": 0.0,
  "params": {
    "coup_mode_bonus": 4.110623162645391,
    "early_region_weights": [
      0.7634006898998178,
      1.1469893721908553,
      1.0357865578118735,
      0.6928992764118955,
      0.7232371518382932,
      0.732248136344001,
      1.274868496006981
    ],
    "influence_mode_bonus": 5.678434813670687,
    "late_region_weights": [
      1.1462014135394862,
      0.9556655464391749,
      0.9374273400312786,
      0.8836058785023335,
      1.2009145876958232,
      0.9393081960738987,
      0.7279302772206502
    ],
    "mid_region_weights": [
      0.7839672815469623,
      1.0048681883024333,
      1.2048999725716638,
      0.824652167914756,
      1.0047027781165623,
      1.2321120313361544,
      0.7026450989191717
    ],
    "ops_card_penalty": 0.11465265620220935,
    "realign_mode_bonus": -1.2149777164067819,
    "space_mode_bonus": 0.8673364266162239
  },
  "proxy_score": 0.8145161290322581,
  "snapshot_id": "candidate_0018",
  "source": "random_proxy_search",
  "speed_penalty": 0.302969549763642
}
