{
  "created_process_s": 0.218952396,
  "created_wall_s": 2.729611875998671,
  "label": "random_19",
  "objective": 0.828000443514911,
  "paired_score": 0.0,
  "params": {
    "coup_mode_bonus": 3.923051176736092,
    "early_region_weights": [
      0.818599723074726,
      1.4108133371496783,
      0.982924282595514,
      0.561597635533866,
      0.5478920159126363,
      0.6919892964746823,
      1.1255886248944489
    ],
    "influence_mode_bonus": 6.2352884338841825,
    "late_region_weights": [
      1.0238326996042384,
      0.9513028260151379,
      0.7899994634323856,
      0.9872466401073772,
      1.133661580916523,
      0.9725248666919949,
      0.6796492276304851
    ],
    "mid_region_weights": [
      0.9689708773543422,
      1.0071387630505924,
      0.9773420118321268,
      1.035198667146709,
      1.095733203560826,
      1.1640294174075487,
      0.7700860391439707
    ],
    "ops_card_penalty": 0.1643967384235265,
    "realign_mode_bonus": -1.3787725571324212,
    "space_mode_bonus": 0.9580284439530856
  },
  "proxy_score": 0.8467741935483871,
  "snapshot_id": "candidate_0019",
  "source": "random_proxy_search",
  "speed_penalty": 0.1877375003347619
}
