{
  "created_process_s": 0.223468336,
  "created_wall_s": 2.734117055006209,
  "label": "random_30",
  "objective": 0.782258064516129,
  "paired_score": 0.0,
  "params": {
    "coup_mode_bonus": 4.235316727567829,
    "early_region_weights": [
      0.7780229068017912,
      1.5507619825076102,
      1.0060855105723447,
      0.545551840851467,
      0.5070831981227757,
      0.6423281047597657,
      1.2294995565422946
    ],
    "influence_mode_bonus": 5.961038206115725,
    "late_region_weights": [
      1.1108828374857997,
      0.8763309366833477,
      0.8618359572563606,
      1.0460362602159121,
      0.9262539945967346,
      0.9097642300017885,
      0.7546725119794756
    ],
    "mid_region_weights": [
      1.055129716294934,
      0.9369113836273164,
      0.8591981120371647,
      0.9168893802055871,
      1.1599577605065818,
      1.3335148799502412,
      0.8231455628620195
    ],
    "ops_card_penalty": 0.1385983634513399,
    "realign_mode_bonus": -0.9664499352350313,
    "space_mode_bonus": 1.1199279245901026
  },
  "proxy_score": 0.782258064516129,
  "snapshot_id": "candidate_0030",
  "source": "random_proxy_search",
  "speed_penalty": 0.0
}
