{
  "created_process_s": 2.826361731,
  "created_wall_s": 5.3335045330022695,
  "label": "spsa_10_minus",
  "objective": 0.8050360061401467,
  "paired_score": 0.0,
  "params": {
    "coup_mode_bonus": 4.018973665961011,
    "early_region_weights": [
      0.8563245553203367,
      1.3436754446796633,
      1.106324555320337,
      0.6063245553203367,
      0.5563245553203368,
      0.6563245553203367,
      1.2436754446796632
    ],
    "influence_mode_bonus": 5.981026334038989,
    "late_region_weights": [
      1.106324555320337,
      0.9436754446796632,
      0.9563245553203367,
      1.0436754446796632,
      1.0936754446796633,
      0.9936754446796633,
      0.7436754446796633
    ],
    "mid_region_weights": [
      0.9436754446796632,
      0.9936754446796633,
      1.0063245553203368,
      0.9436754446796632,
      1.1936754446796631,
      1.2063245553203368,
      0.8936754446796633
    ],
    "ops_card_penalty": 0.14810263340389895,
    "realign_mode_bonus": -0.9873508893593265,
    "space_mode_bonus": 0.9873508893593265
  },
  "proxy_score": 0.8467741935483871,
  "snapshot_id": "candidate_0060",
  "source": "proxy_spsa",
  "speed_penalty": 0.4173818740824047
}
