{
  "created_process_s": 1.85403204,
  "created_wall_s": 4.363577846001135,
  "label": "spsa_6_minus",
  "objective": 0.8401475096993282,
  "paired_score": 0.0,
  "params": {
    "coup_mode_bonus": 3.975505102572168,
    "early_region_weights": [
      0.8581649658092773,
      1.3581649658092774,
      1.1081649658092774,
      0.5918350341907227,
      0.5581649658092773,
      0.6418350341907227,
      1.2418350341907227
    ],
    "influence_mode_bonus": 5.975505102572169,
    "late_region_weights": [
      1.0918350341907228,
      0.9418350341907227,
      0.9581649658092772,
      1.0581649658092773,
      1.1081649658092774,
      0.9918350341907227,
      0.7581649658092773
    ],
    "mid_region_weights": [
      0.9581649658092772,
      0.9918350341907227,
      0.9918350341907227,
      0.9581649658092772,
      1.1918350341907227,
      1.2081649658092772,
      0.9081649658092773
    ],
    "ops_card_penalty": 0.14755051025721683,
    "realign_mode_bonus": -1.0163299316185546,
    "space_mode_bonus": 0.9836700683814454
  },
  "proxy_score": 0.8790322580645161,
  "snapshot_id": "candidate_0052",
  "source": "proxy_spsa",
  "speed_penalty": 0.38884748365188004
}
