{
  "created_process_s": 1.202972463,
  "created_wall_s": 3.7114137960015796,
  "label": "spsa_4_plus",
  "objective": 0.8387572909000153,
  "paired_score": 0.0,
  "params": {
    "coup_mode_bonus": 4.03,
    "early_region_weights": [
      0.86,
      1.36,
      1.11,
      0.59,
      0.54,
      0.66,
      1.24
    ],
    "influence_mode_bonus": 6.03,
    "late_region_weights": [
      1.11,
      0.96,
      0.94,
      1.06,
      1.11,
      1.01,
      0.74
    ],
    "mid_region_weights": [
      0.96,
      1.01,
      0.99,
      0.94,
      1.21,
      1.19,
      0.89
    ],
    "ops_card_penalty": 0.147,
    "realign_mode_bonus": -0.98,
    "space_mode_bonus": 1.02
  },
  "proxy_score": 0.8790322580645161,
  "snapshot_id": "candidate_0047",
  "source": "proxy_spsa",
  "speed_penalty": 0.40274967164500874
}
