{
  "created_process_s": 0.227564985,
  "created_wall_s": 2.7382051900058286,
  "label": "random_39",
  "objective": 0.8145161290322581,
  "paired_score": 0.0,
  "params": {
    "coup_mode_bonus": 4.13205195755361,
    "early_region_weights": [
      0.8170502122845759,
      1.2858171157423017,
      1.2236848155603361,
      0.659218973067197,
      0.5992810660320165,
      0.6918714388486413,
      1.1317126638533996
    ],
    "influence_mode_bonus": 5.545276076186347,
    "late_region_weights": [
      1.106614360409674,
      1.0494679465931827,
      1.1129427170951498,
      1.0588248332164363,
      1.051415098942689,
      1.1104915901230026,
      0.8141635598738121
    ],
    "mid_region_weights": [
      0.9103007270501969,
      1.044975426467652,
      1.063117455655811,
      1.1148936927421988,
      1.2407482807867598,
      1.2376909707811155,
      1.0459098315881823
    ],
    "ops_card_penalty": 0.16634564180716435,
    "realign_mode_bonus": -1.0202764755610487,
    "space_mode_bonus": 1.0418154479215207
  },
  "proxy_score": 0.8145161290322581,
  "snapshot_id": "candidate_0039",
  "source": "random_proxy_search",
  "speed_penalty": 0.0
}
