{
  "created_process_s": 0.224738102,
  "created_wall_s": 2.735384817002341,
  "label": "random_33",
  "objective": 0.8467741935483871,
  "paired_score": 0.0,
  "params": {
    "coup_mode_bonus": 4.1242111314544925,
    "early_region_weights": [
      0.681860780942226,
      1.3368822301577181,
      1.0439774200788319,
      0.5376572531023492,
      0.46628247365672426,
      0.5461200241718281,
      1.194446831783766
    ],
    "influence_mode_bonus": 6.162216350437879,
    "late_region_weights": [
      1.1898217454579423,
      0.9026359319927014,
      1.0406677090184149,
      1.1371729598879599,
      1.292710559686568,
      0.9878834330001369,
      0.8117374794291582
    ],
    "mid_region_weights": [
      0.9490325753146238,
      0.9707840506984352,
      0.9959462695509287,
      0.9481602045909955,
      1.2882690245770292,
      1.2607359205331263,
      0.8037799201047495
    ],
    "ops_card_penalty": 0.17760498450960577,
    "realign_mode_bonus": -1.0628989102900648,
    "space_mode_bonus": 0.8259117931028797
  },
  "proxy_score": 0.8467741935483871,
  "snapshot_id": "candidate_0033",
  "source": "random_proxy_search",
  "speed_penalty": 0.0
}
