{
  "created_process_s": 0.22132490299999996,
  "created_wall_s": 2.731979236996267,
  "label": "random_25",
  "objective": 0.8054038209894291,
  "paired_score": 0.0,
  "params": {
    "coup_mode_bonus": 4.834416464830137,
    "early_region_weights": [
      0.8443042271940214,
      1.43996330752885,
      1.1293951887683429,
      0.4823926830524252,
      0.5330676727025209,
      0.5394760813221792,
      1.1759728668268759
    ],
    "influence_mode_bonus": 5.733450156090116,
    "late_region_weights": [
      1.280630336157253,
      1.0384138875168787,
      1.075138143409483,
      1.1444073762545923,
      1.086711405148456,
      1.0252530028525602,
      0.8567069548618663
    ],
    "mid_region_weights": [
      0.9308286964719166,
      0.8191001099169202,
      0.9344267967087518,
      0.922993863753824,
      1.1849701269455362,
      1.320164339135337,
      0.9907693023516747
    ],
    "ops_card_penalty": 0.19738868419805666,
    "realign_mode_bonus": -1.0507042922004641,
    "space_mode_bonus": 0.9875947988412342
  },
  "proxy_score": 0.8145161290322581,
  "snapshot_id": "candidate_0025",
  "source": "random_proxy_search",
  "speed_penalty": 0.09112308042829032
}
