{
  "created_process_s": 0.21259930299999996,
  "created_wall_s": 2.723273038995103,
  "label": "random_5",
  "objective": 0.8467741935483871,
  "paired_score": 0.0,
  "params": {
    "coup_mode_bonus": 4.156097019821012,
    "early_region_weights": [
      0.7970720598007193,
      1.2436342499520507,
      1.1087329948464892,
      0.6795333031606617,
      0.5060838779595584,
      0.7126694596378722,
      1.3343021097692989
    ],
    "influence_mode_bonus": 6.167123791528492,
    "late_region_weights": [
      1.0564744021965937,
      1.1627735301876585,
      0.9915718963044746,
      1.10145507726783,
      1.0425682615294627,
      1.100540435491585,
      0.8204104252412571
    ],
    "mid_region_weights": [
      1.062166711936658,
      0.9625737912362549,
      1.005107652034582,
      0.9122326888656069,
      1.3324856016687985,
      1.4305849717715482,
      0.7462204803331994
    ],
    "ops_card_penalty": 0.18674705275405382,
    "realign_mode_bonus": -1.1187169553116245,
    "space_mode_bonus": 0.7081864037463497
  },
  "proxy_score": 0.8467741935483871,
  "snapshot_id": "candidate_0005",
  "source": "random_proxy_search",
  "speed_penalty": 0.0
}
