{
  "created_process_s": 3.315701838,
  "created_wall_s": 5.821605749006267,
  "label": "spsa_12_minus",
  "objective": 0.8560886674275784,
  "paired_score": 0.0,
  "params": {
    "coup_mode_bonus": 3.982679491924311,
    "early_region_weights": [
      0.8557735026918962,
      1.3557735026918964,
      1.0942264973081037,
      0.6057735026918962,
      0.5557735026918963,
      0.6442264973081038,
      1.2557735026918964
    ],
    "influence_mode_bonus": 6.017320508075689,
    "late_region_weights": [
      1.1057735026918964,
      0.9442264973081037,
      0.9557735026918962,
      1.0442264973081037,
      1.0942264973081037,
      0.9942264973081038,
      0.7557735026918962
    ],
    "mid_region_weights": [
      0.9442264973081037,
      0.9942264973081038,
      1.0057735026918964,
      0.9557735026918962,
      1.1942264973081036,
      1.1942264973081036,
      0.8942264973081038
    ],
    "ops_card_penalty": 0.1482679491924311,
    "realign_mode_bonus": -1.0115470053837925,
    "space_mode_bonus": 0.9884529946162075
  },
  "proxy_score": 0.8790322580645161,
  "snapshot_id": "candidate_0064",
  "source": "proxy_spsa",
  "speed_penalty": 0.2294359063693776
}
