{
  "created_process_s": 0.21934593799999996,
  "created_wall_s": 2.7300046409945935,
  "label": "random_20",
  "objective": 0.8467741935483871,
  "paired_score": 0.0,
  "params": {
    "coup_mode_bonus": 3.9365382095045236,
    "early_region_weights": [
      0.8067460777286068,
      1.3202571347526226,
      1.2200635401060327,
      0.5322659768148287,
      0.5729674502390767,
      0.5166507871384267,
      1.1233426857524507
    ],
    "influence_mode_bonus": 6.117582297289171,
    "late_region_weights": [
      1.0713258958069642,
      0.9575658487243555,
      0.9455182420643737,
      1.0945061600000365,
      0.9139547613305621,
      0.8648833675059688,
      0.6898319577651796
    ],
    "mid_region_weights": [
      0.8184695957144709,
      1.032049657292089,
      1.155477692574159,
      0.894262969698143,
      1.1772835697452675,
      1.0816326684449051,
      0.8978679466068658
    ],
    "ops_card_penalty": 0.16293443834682322,
    "realign_mode_bonus": -0.47330142395518393,
    "space_mode_bonus": 1.1770785555857168
  },
  "proxy_score": 0.8467741935483871,
  "snapshot_id": "candidate_0020",
  "source": "random_proxy_search",
  "speed_penalty": 0.0
}
