{
  "created_process_s": 0.222190962,
  "created_wall_s": 2.732842561992584,
  "label": "random_27",
  "objective": 0.8441798519643922,
  "paired_score": 0.0,
  "params": {
    "coup_mode_bonus": 4.122449765173657,
    "early_region_weights": [
      0.8263182636749562,
      1.4873234214381106,
      1.0342409317089292,
      0.5307818605393355,
      0.43309250086569645,
      0.8919881061681479,
      1.1188573787027223
    ],
    "influence_mode_bonus": 6.339933359071259,
    "late_region_weights": [
      1.058949957502029,
      1.0077442880539884,
      0.8593273543134495,
      1.1235388176195082,
      0.9563600791934261,
      1.0840290304520783,
      0.6696757343449038
    ],
    "mid_region_weights": [
      0.9867295875194796,
      1.0408025450943368,
      1.0094420700096842,
      1.064923487908163,
      1.2675159840130221,
      1.1777686094520097,
      1.100926531174321
    ],
    "ops_card_penalty": 0.11311702398793469,
    "realign_mode_bonus": -1.0196918664222043,
    "space_mode_bonus": 1.1085484373642795
  },
  "proxy_score": 0.8467741935483871,
  "snapshot_id": "candidate_0027",
  "source": "random_proxy_search",
  "speed_penalty": 0.025943415839949635
}
