{
  "created_process_s": 0.821636558,
  "created_wall_s": 3.330940482002916,
  "label": "spsa_2_minus",
  "objective": 0.8397804683912,
  "paired_score": 0.0,
  "params": {
    "coup_mode_bonus": 3.957573593128807,
    "early_region_weights": [
      0.8358578643762691,
      1.335857864376269,
      1.085857864376269,
      0.6141421356237309,
      0.5358578643762691,
      0.6358578643762691,
      1.264142135623731
    ],
    "influence_mode_bonus": 6.042426406871193,
    "late_region_weights": [
      1.085857864376269,
      0.935857864376269,
      0.9641421356237309,
      1.035857864376269,
      1.085857864376269,
      1.014142135623731,
      0.7641421356237309
    ],
    "mid_region_weights": [
      0.935857864376269,
      1.014142135623731,
      0.9858578643762691,
      0.935857864376269,
      1.185857864376269,
      1.185857864376269,
      0.9141421356237309
    ],
    "ops_card_penalty": 0.1457573593128807,
    "realign_mode_bonus": -0.9717157287525381,
    "space_mode_bonus": 1.0282842712474618
  },
  "proxy_score": 0.8790322580645161,
  "snapshot_id": "candidate_0044",
  "source": "proxy_spsa",
  "speed_penalty": 0.3925178967331613
}
