{
  "created_process_s": 0.21744691699999996,
  "created_wall_s": 2.7281088559975615,
  "label": "random_15",
  "objective": 0.8099549731536214,
  "paired_score": 0.0,
  "params": {
    "coup_mode_bonus": 3.8696801795348623,
    "early_region_weights": [
      0.7572665807267018,
      1.232091434007608,
      1.1546737416642499,
      0.6874238940631651,
      0.48027893504242103,
      0.6450894876712219,
      1.25576958324221
    ],
    "influence_mode_bonus": 5.848459978586921,
    "late_region_weights": [
      1.022022646529365,
      0.8693961080151813,
      0.9772662404105513,
      1.1950510095542008,
      1.0459937255583225,
      1.0002549578138336,
      0.763662488765022
    ],
    "mid_region_weights": [
      0.8908444420699766,
      1.046905946379785,
      0.9862160730985029,
      0.9810898371722425,
      1.2639566167192064,
      1.3537785733020646,
      0.8740257610096079
    ],
    "ops_card_penalty": 0.15770409525129064,
    "realign_mode_bonus": -1.3690566138738682,
    "space_mode_bonus": 1.320775223351758
  },
  "proxy_score": 0.8145161290322581,
  "snapshot_id": "candidate_0015",
  "source": "random_proxy_search",
  "speed_penalty": 0.045611558786367246
}
