{
  "created_process_s": 1.3298023680000002,
  "created_wall_s": 3.840623666997999,
  "label": "spsa_4_minus",
  "objective": 0.8409610441658354,
  "paired_score": 0.0,
  "params": {
    "coup_mode_bonus": 3.97,
    "early_region_weights": [
      0.84,
      1.34,
      1.09,
      0.61,
      0.56,
      0.64,
      1.26
    ],
    "influence_mode_bonus": 5.97,
    "late_region_weights": [
      1.09,
      0.94,
      0.96,
      1.04,
      1.09,
      0.99,
      0.76
    ],
    "mid_region_weights": [
      0.94,
      0.99,
      1.01,
      0.96,
      1.19,
      1.21,
      0.91
    ],
    "ops_card_penalty": 0.153,
    "realign_mode_bonus": -1.02,
    "space_mode_bonus": 0.98
  },
  "proxy_score": 0.8790322580645161,
  "snapshot_id": "candidate_0048",
  "source": "proxy_spsa",
  "speed_penalty": 0.38071213898680734
}
