{
  "created_process_s": 0.228096776,
  "created_wall_s": 2.7387351439974736,
  "label": "random_40",
  "objective": 0.8145161290322581,
  "paired_score": 0.0,
  "params": {
    "coup_mode_bonus": 4.232226492350896,
    "early_region_weights": [
      0.8578653681370926,
      1.258239559690415,
      1.19068275117737,
      0.676432131405347,
      0.3906726348089582,
      0.6493532541494138,
      1.0830629747842997
    ],
    "influence_mode_bonus": 5.976843136648248,
    "late_region_weights": [
      1.2369734453995012,
      1.0571730658216643,
      1.199657062011503,
      0.9653443725328348,
      0.9267605634903167,
      0.940173376305,
      0.745798272566849
    ],
    "mid_region_weights": [
      0.9213859857865863,
      0.9512281987636249,
      1.0725576743070526,
      1.040750538483505,
      1.2211007429908805,
      1.1888666422791796,
      0.8677755194855836
    ],
    "ops_card_penalty": 0.12723677422678695,
    "realign_mode_bonus": -1.0759370090643183,
    "space_mode_bonus": 0.9990468402536542
  },
  "proxy_score": 0.8145161290322581,
  "snapshot_id": "candidate_0040",
  "source": "random_proxy_search",
  "speed_penalty": 0.0
}
