{
  "created_process_s": 0.21824565099999998,
  "created_wall_s": 2.728906656993786,
  "label": "random_17",
  "objective": 0.8467741935483871,
  "paired_score": 0.0,
  "params": {
    "coup_mode_bonus": 3.9643423212710767,
    "early_region_weights": [
      0.936344334212633,
      1.410903166491748,
      1.0393243809276465,
      0.5880236748899563,
      0.6597622179725913,
      0.5390867967666011,
      1.2941335802703335
    ],
    "influence_mode_bonus": 6.024996897454526,
    "late_region_weights": [
      0.9395081894368764,
      0.8754121076310066,
      1.0074952296383894,
      0.9559682124876376,
      1.1672365655777093,
      1.0791476931636717,
      0.8099553323280533
    ],
    "mid_region_weights": [
      0.8994277702061237,
      0.976421259661186,
      1.0652094874641906,
      0.657354600948048,
      1.1168640914684986,
      1.3019206608584248,
      1.0356909178165314
    ],
    "ops_card_penalty": 0.1859194569291992,
    "realign_mode_bonus": -0.9506988403168478,
    "space_mode_bonus": 1.5055752800730513
  },
  "proxy_score": 0.8467741935483871,
  "snapshot_id": "candidate_0017",
  "source": "random_proxy_search",
  "speed_penalty": 0.0
}
