{
  "created_process_s": 0.22270217799999997,
  "created_wall_s": 2.7333530930045526,
  "label": "random_28",
  "objective": 0.784104651139489,
  "paired_score": 0.0,
  "params": {
    "coup_mode_bonus": 4.300753304710623,
    "early_region_weights": [
      0.8296308726582298,
      1.3288162351750707,
      1.0382018508536748,
      0.5175579425921086,
      0.44153790176079255,
      0.5903171485280213,
      1.3054794364971354
    ],
    "influence_mode_bonus": 6.770857197893584,
    "late_region_weights": [
      1.046171588295675,
      0.8663591160734985,
      0.9405808321034353,
      1.0842965719814754,
      1.0084411630110506,
      1.0794804493094674,
      0.6206801961213733
    ],
    "mid_region_weights": [
      0.9383597792737732,
      1.0639529244329897,
      0.882000172968883,
      1.070827809184975,
      1.187531688958367,
      1.3953496602948066,
      1.0244941366172293
    ],
    "ops_card_penalty": 0.131290380936989,
    "realign_mode_bonus": -1.2172646788124177,
    "space_mode_bonus": 1.282425320814918
  },
  "proxy_score": 0.8145161290322581,
  "snapshot_id": "candidate_0028",
  "source": "random_proxy_search",
  "speed_penalty": 0.30411477892769145
}
