{
  "created_process_s": 0.21334816899999998,
  "created_wall_s": 2.7240199130028486,
  "label": "random_7",
  "objective": 0.6401345083815565,
  "paired_score": 0.0,
  "params": {
    "coup_mode_bonus": 3.5755437603551385,
    "early_region_weights": [
      0.9645796799985199,
      1.4691115993095618,
      1.073087416773506,
      0.7026638799805333,
      0.6069422945030654,
      0.7742041031847287,
      1.320201008573006
    ],
    "influence_mode_bonus": 6.409193485815887,
    "late_region_weights": [
      1.192882436221106,
      1.044400633743793,
      1.1322180152728345,
      1.1358827053303489,
      1.1349649714399201,
      0.936905484447224,
      0.7466894951413545
    ],
    "mid_region_weights": [
      0.8709228761458496,
      0.916486694350992,
      0.9067574636098059,
      0.9818499488142476,
      1.0583976635329875,
      1.1999807852652962,
      0.9470999555273009
    ],
    "ops_card_penalty": 0.1782190966957796,
    "realign_mode_bonus": -1.119422001811663,
    "space_mode_bonus": 1.2652130148554552
  },
  "proxy_score": 0.8467741935483871,
  "snapshot_id": "candidate_0007",
  "source": "random_proxy_search",
  "speed_penalty": 2.0663968516683062
}
