{
  "created_process_s": 0.548697939,
  "created_wall_s": 3.058606744001736,
  "label": "spsa_1_minus",
  "objective": 0.7975678932587539,
  "paired_score": 0.0,
  "params": {
    "coup_mode_bonus": 4.06,
    "early_region_weights": [
      0.83,
      1.37,
      1.08,
      0.58,
      0.53,
      0.63,
      1.27
    ],
    "influence_mode_bonus": 6.06,
    "late_region_weights": [
      1.12,
      0.9299999999999999,
      0.97,
      1.07,
      1.12,
      0.98,
      0.73
    ],
    "mid_region_weights": [
      0.97,
      1.02,
      1.02,
      0.97,
      1.22,
      1.22,
      0.88
    ],
    "ops_card_penalty": 0.144,
    "realign_mode_bonus": -1.04,
    "space_mode_bonus": 0.96
  },
  "proxy_score": 0.8467741935483871,
  "snapshot_id": "candidate_0042",
  "source": "proxy_spsa",
  "speed_penalty": 0.492063002896332
}
