{
  "created_process_s": 2.097762225,
  "created_wall_s": 4.606716366994078,
  "label": "spsa_7_minus",
  "objective": 0.852908888137836,
  "paired_score": 0.0,
  "params": {
    "coup_mode_bonus": 3.9773221316194465,
    "early_region_weights": [
      0.8424407105398154,
      1.3424407105398155,
      1.1075592894601847,
      0.5924407105398154,
      0.5575592894601846,
      0.6575592894601846,
      1.2424407105398154
    ],
    "influence_mode_bonus": 6.022677868380554,
    "late_region_weights": [
      1.1075592894601847,
      0.9575592894601845,
      0.9575592894601845,
      1.0424407105398155,
      1.1075592894601847,
      1.0075592894601846,
      0.7424407105398154
    ],
    "mid_region_weights": [
      0.9575592894601845,
      0.9924407105398154,
      1.0075592894601846,
      0.9424407105398154,
      1.1924407105398154,
      1.2075592894601845,
      0.9075592894601846
    ],
    "ops_card_penalty": 0.14773221316194463,
    "realign_mode_bonus": -0.984881421079631,
    "space_mode_bonus": 0.984881421079631
  },
  "proxy_score": 0.8790322580645161,
  "snapshot_id": "candidate_0054",
  "source": "proxy_spsa",
  "speed_penalty": 0.2612336992668003
}
