{
  "created_process_s": 0.22519174999999997,
  "created_wall_s": 2.7358374829927925,
  "label": "random_34",
  "objective": 0.8145161290322581,
  "paired_score": 0.0,
  "params": {
    "coup_mode_bonus": 3.474704970136454,
    "early_region_weights": [
      0.7812773317458888,
      1.346434788500256,
      1.144588148357711,
      0.545919484863856,
      0.5442197984755963,
      0.6485386651328504,
      0.9838488784350476
    ],
    "influence_mode_bonus": 6.072196591874932,
    "late_region_weights": [
      1.0953605849812202,
      0.8393227383578025,
      0.9437972695978939,
      1.1079986120129688,
      1.1035349895399769,
      1.1218116780878205,
      0.6804887566418024
    ],
    "mid_region_weights": [
      0.8683989000687767,
      1.2006344478597852,
      0.9767092967973957,
      1.1857476125247213,
      1.1146206817212774,
      1.2573063027847804,
      0.9344060279029994
    ],
    "ops_card_penalty": 0.1384450907522332,
    "realign_mode_bonus": -0.8222415904697538,
    "space_mode_bonus": 1.0713265183312648
  },
  "proxy_score": 0.8145161290322581,
  "snapshot_id": "candidate_0034",
  "source": "random_proxy_search",
  "speed_penalty": 0.0
}
