{
  "created_process_s": 0.22438980799999997,
  "created_wall_s": 2.7350370420026593,
  "label": "random_32",
  "objective": 0.782258064516129,
  "paired_score": 0.0,
  "params": {
    "coup_mode_bonus": 3.7762800918063752,
    "early_region_weights": [
      0.8579984719613614,
      1.273685794837137,
      1.0652975993756815,
      0.6524014537028147,
      0.511333371246497,
      0.6338500341201305,
      1.2368853396703763
    ],
    "influence_mode_bonus": 5.6966485547862264,
    "late_region_weights": [
      1.1540053468704106,
      0.9521153726196082,
      0.8668098468166007,
      1.1302458482338686,
      1.0117639328125376,
      1.0702124115593634,
      0.6146267165533924
    ],
    "mid_region_weights": [
      1.0671771738858007,
      1.0168765634801002,
      0.9141044073869782,
      0.8422403064439038,
      1.154625340977463,
      1.0670431753388456,
      0.7932028276447566
    ],
    "ops_card_penalty": 0.12151539881737342,
    "realign_mode_bonus": -1.0188757586298696,
    "space_mode_bonus": 0.9918878115624348
  },
  "proxy_score": 0.782258064516129,
  "snapshot_id": "candidate_0032",
  "source": "random_proxy_search",
  "speed_penalty": 0.0
}
