{
  "created_process_s": 0.22716189399999998,
  "created_wall_s": 2.7378032929991605,
  "label": "random_38",
  "objective": 0.8145161290322581,
  "paired_score": 0.0,
  "params": {
    "coup_mode_bonus": 4.082205824888096,
    "early_region_weights": [
      0.8285504497904733,
      1.1264675935885722,
      1.161090253630785,
      0.39052468213882646,
      0.6440214665580413,
      0.7807540607451616,
      1.0583462155981225
    ],
    "influence_mode_bonus": 6.787638274494526,
    "late_region_weights": [
      1.2038749144366527,
      0.7948132505921308,
      1.0237528207932796,
      1.1036319203586147,
      1.1071682964998177,
      0.8990264176173502,
      0.7906575582076922
    ],
    "mid_region_weights": [
      0.9061307056354864,
      1.0455858369228703,
      0.9240775614957751,
      1.1081970366436549,
      1.2953901245624289,
      1.3034217518495799,
      0.8079789419818395
    ],
    "ops_card_penalty": 0.16639013921855939,
    "realign_mode_bonus": -1.1020583409571114,
    "space_mode_bonus": 1.0195650740143885
  },
  "proxy_score": 0.8145161290322581,
  "snapshot_id": "candidate_0038",
  "source": "random_proxy_search",
  "speed_penalty": 0.0
}
