{
  "created_process_s": 0.690522589,
  "created_wall_s": 3.2001301090058405,
  "label": "spsa_2_plus",
  "objective": 0.8080028994725481,
  "paired_score": 0.0,
  "params": {
    "coup_mode_bonus": 4.042426406871193,
    "early_region_weights": [
      0.8641421356237309,
      1.364142135623731,
      1.114142135623731,
      0.5858578643762691,
      0.564142135623731,
      0.6641421356237309,
      1.235857864376269
    ],
    "influence_mode_bonus": 5.957573593128807,
    "late_region_weights": [
      1.114142135623731,
      0.9641421356237309,
      0.935857864376269,
      1.064142135623731,
      1.114142135623731,
      0.9858578643762691,
      0.7358578643762691
    ],
    "mid_region_weights": [
      0.9641421356237309,
      0.9858578643762691,
      1.014142135623731,
      0.9641421356237309,
      1.214142135623731,
      1.214142135623731,
      0.8858578643762691
    ],
    "ops_card_penalty": 0.1542426406871193,
    "realign_mode_bonus": -1.0282842712474618,
    "space_mode_bonus": 0.9717157287525381
  },
  "proxy_score": 0.8467741935483871,
  "snapshot_id": "candidate_0043",
  "source": "proxy_spsa",
  "speed_penalty": 0.3877129407583897
}
