{
  "created_process_s": 0.219797303,
  "created_wall_s": 2.7304547719977563,
  "label": "random_21",
  "objective": 0.8467741935483871,
  "paired_score": 0.0,
  "params": {
    "coup_mode_bonus": 3.7682653503652666,
    "early_region_weights": [
      0.6191260969466502,
      1.3096223027757414,
      0.9795232481129491,
      0.7528828587206362,
      0.65553653146519,
      0.6055764094082181,
      1.2714328883460204
    ],
    "influence_mode_bonus": 6.363068952505778,
    "late_region_weights": [
      1.1321740835490282,
      0.8310379092982715,
      1.0246896983105427,
      0.8659801408907518,
      1.0936030633210236,
      0.873537313181211,
      0.8426987730951228
    ],
    "mid_region_weights": [
      1.0609122041241714,
      0.8596649545667809,
      0.885429776176345,
      0.8613386884017518,
      1.1522326852209817,
      1.1758975272773793,
      0.8496484861206155
    ],
    "ops_card_penalty": 0.17745482657439637,
    "realign_mode_bonus": -0.8892869060526276,
    "space_mode_bonus": 0.6633762679495188
  },
  "proxy_score": 0.8467741935483871,
  "snapshot_id": "candidate_0021",
  "source": "random_proxy_search",
  "speed_penalty": 0.0
}
