{
  "created_process_s": 0.221665016,
  "created_wall_s": 2.732318555994425,
  "label": "random_26",
  "objective": 0.8049967745138853,
  "paired_score": 0.0,
  "params": {
    "coup_mode_bonus": 4.270356233420143,
    "early_region_weights": [
      0.8217187569022822,
      1.3884953233537893,
      1.091144248430194,
      0.5368695432991366,
      0.5364825621806583,
      0.7712670199669898,
      1.3003328610692622
    ],
    "influence_mode_bonus": 6.0670476035915675,
    "late_region_weights": [
      1.1062211930533554,
      1.0564561864253088,
      1.027427267193857,
      0.9936094289766131,
      1.161039515041855,
      1.081761456007005,
      0.7420544499161787
    ],
    "mid_region_weights": [
      0.8298970072123137,
      1.1004405930392438,
      1.038726847558673,
      0.8786275760750548,
      1.4931161627648057,
      1.0701754108710144,
      1.0086896596660289
    ],
    "ops_card_penalty": 0.22253784415006017,
    "realign_mode_bonus": -0.8297683607956384,
    "space_mode_bonus": 1.3397194604305376
  },
  "proxy_score": 0.8467741935483871,
  "snapshot_id": "candidate_0026",
  "source": "random_proxy_search",
  "speed_penalty": 0.4177741903450183
}
