{
  "created_process_s": 3.07654607,
  "created_wall_s": 5.583055551003781,
  "label": "spsa_11_minus",
  "objective": 0.8517876328869285,
  "paired_score": 0.0,
  "params": {
    "coup_mode_bonus": 3.981909319325334,
    "early_region_weights": [
      0.8439697731084447,
      1.3439697731084448,
      1.1060302268915554,
      0.5939697731084447,
      0.5560302268915553,
      0.6439697731084447,
      1.2439697731084447
    ],
    "influence_mode_bonus": 6.018090680674666,
    "late_region_weights": [
      1.1060302268915554,
      0.9439697731084447,
      0.9560302268915553,
      1.0439697731084447,
      1.0939697731084448,
      1.0060302268915553,
      0.7439697731084447
    ],
    "mid_region_weights": [
      0.9439697731084447,
      1.0060302268915553,
      0.9939697731084447,
      0.9560302268915553,
      1.1939697731084447,
      1.2060302268915553,
      0.9060302268915553
    ],
    "ops_card_penalty": 0.1481909319325334,
    "realign_mode_bonus": -1.0120604537831106,
    "space_mode_bonus": 1.0120604537831106
  },
  "proxy_score": 0.8790322580645161,
  "snapshot_id": "candidate_0062",
  "source": "proxy_spsa",
  "speed_penalty": 0.27244625177587634
}
