{
  "created_process_s": 0.21685752999999997,
  "created_wall_s": 2.7275210649968358,
  "label": "random_14",
  "objective": 0.8121201329199441,
  "paired_score": 0.0,
  "params": {
    "coup_mode_bonus": 3.9358020213469698,
    "early_region_weights": [
      0.8796795121034795,
      1.1799336680186312,
      1.0509445946035192,
      0.791398217818589,
      0.5416487403248428,
      0.6970978362255932,
      1.2060519518166521
    ],
    "influence_mode_bonus": 5.66241513765596,
    "late_region_weights": [
      1.2034898701911154,
      1.054422588249098,
      0.9906155990235915,
      1.0443208471557868,
      0.960147826996196,
      1.0327474153485705,
      0.6832499707629889
    ],
    "mid_region_weights": [
      0.9016333131105744,
      0.9055335845440624,
      1.2962112882434604,
      1.137549002111566,
      1.123637425703106,
      1.1955477480766716,
      1.0524176410510793
    ],
    "ops_card_penalty": 0.15515612264786488,
    "realign_mode_bonus": -0.8423543423133827,
    "space_mode_bonus": 0.832108203690239
  },
  "proxy_score": 0.8145161290322581,
  "snapshot_id": "candidate_0014",
  "source": "random_proxy_search",
  "speed_penalty": 0.023959961123139806
}
