{
  "created_process_s": 2.593733939,
  "created_wall_s": 2.5828503480006475,
  "label": "spsa_1_minus",
  "objective": 0.8528260266629042,
  "paired_score": 0.0,
  "params": {
    "coup_mode_bonus": 3.5109572765396733,
    "early_region_weights": [
      0.61266529764661,
      1.2304237050080453,
      1.3739963971962363,
      0.4950525426885104,
      0.552768080390082,
      0.3972512917478862,
      1.157422633565742
    ],
    "influence_mode_bonus": 5.6959119581470885,
    "late_region_weights": [
      1.175999209160127,
      0.9546272294092961,
      0.9846577158052365,
      1.017667651882884,
      1.1211809719171955,
      1.0150476012404632,
      0.6381060642113939
    ],
    "mid_region_weights": [
      0.8997449965336759,
      1.085182730675794,
      1.1033704618723457,
      0.9947842304905561,
      1.329712359616833,
      1.2951273944244743,
      0.7322256800498995
    ],
    "ops_card_penalty": 0.1349246158082513,
    "realign_mode_bonus": -0.9771082174266004,
    "space_mode_bonus": 1.0273609797256764
  },
  "proxy_score": 0.8790322580645161,
  "snapshot_id": "candidate_0014",
  "source": "proxy_spsa",
  "speed_penalty": 0.2620623140161191
}
