{
  "created_process_s": 1.27470248,
  "created_wall_s": 1.2667021559900604,
  "label": "random_6",
  "objective": 0.8653270388671046,
  "paired_score": 0.0,
  "params": {
    "coup_mode_bonus": 3.723893793535977,
    "early_region_weights": [
      0.5475895247980397,
      1.1075617385402037,
      1.304147654260525,
      0.3774507989824274,
      0.6772639405740921,
      0.5835042354656683,
      1.037829565276084
    ],
    "influence_mode_bonus": 5.887851851101303,
    "late_region_weights": [
      1.1562100360516123,
      0.966725865722271,
      1.0203307624762468,
      0.8438964930512411,
      1.101161883180458,
      0.8678112293484107,
      0.726871555294426
    ],
    "mid_region_weights": [
      0.8380057691183068,
      1.189627973006479,
      1.0583481743032348,
      1.1081465951849887,
      1.389550249425813,
      1.2798472297884937,
      0.8548221613430492
    ],
    "ops_card_penalty": 0.11784864004007886,
    "realign_mode_bonus": -0.9604273005979999,
    "space_mode_bonus": 0.8732859765006404
  },
  "proxy_score": 0.8790322580645161,
  "snapshot_id": "candidate_0006",
  "source": "random_proxy_search",
  "speed_penalty": 0.13705219197411544
}
