{
  "created_process_s": 2.416387715,
  "created_wall_s": 2.405847478992655,
  "label": "spsa_1_plus",
  "objective": 0.8762308955448359,
  "paired_score": 0.0,
  "params": {
    "coup_mode_bonus": 3.6309572765396734,
    "early_region_weights": [
      0.6526652976466101,
      1.2704237050080454,
      1.3339963971962363,
      0.5350525426885104,
      0.592768080390082,
      0.43725129174788624,
      1.117422633565742
    ],
    "influence_mode_bonus": 5.815911958147088,
    "late_region_weights": [
      1.135999209160127,
      0.9946272294092962,
      1.0246577158052366,
      1.057667651882884,
      1.0811809719171954,
      0.9750476012404633,
      0.678106064211394
    ],
    "mid_region_weights": [
      0.8597449965336759,
      1.125182730675794,
      1.0633704618723456,
      1.0347842304905561,
      1.369712359616833,
      1.2551273944244743,
      0.7722256800498996
    ],
    "ops_card_penalty": 0.12292461580825129,
    "realign_mode_bonus": -0.8971082174266003,
    "space_mode_bonus": 1.1073609797256765
  },
  "proxy_score": 0.8790322580645161,
  "snapshot_id": "candidate_0013",
  "source": "proxy_spsa",
  "speed_penalty": 0.02801362519680195
}
