{
  "created_process_s": 3.404560923,
  "created_wall_s": 3.3921505699981935,
  "label": "spsa_4_plus",
  "objective": 0.8784821996391021,
  "paired_score": 0.0,
  "params": {
    "coup_mode_bonus": 3.600957276539673,
    "early_region_weights": [
      0.6426652976466101,
      1.2404237050080453,
      1.3439963971962363,
      0.5050525426885104,
      0.562768080390082,
      0.4072512917478862,
      1.127422633565742
    ],
    "influence_mode_bonus": 5.725911958147088,
    "late_region_weights": [
      1.165999209160127,
      0.9846272294092961,
      1.0146577158052366,
      1.027667651882884,
      1.1111809719171954,
      1.0050476012404632,
      0.668106064211394
    ],
    "mid_region_weights": [
      0.8697449965336759,
      1.095182730675794,
      1.0933704618723457,
      1.004784230490556,
      1.339712359616833,
      1.2651273944244743,
      0.7622256800498995
    ],
    "ops_card_penalty": 0.1259246158082513,
    "realign_mode_bonus": -0.9571082174266003,
    "space_mode_bonus": 1.0473609797256764
  },
  "proxy_score": 0.8790322580645161,
  "snapshot_id": "candidate_0019",
  "source": "proxy_spsa",
  "speed_penalty": 0.005500584254139573
}
