{
  "created_process_s": 3.25359237,
  "created_wall_s": 3.2414284809929086,
  "label": "spsa_3_minus",
  "objective": 0.8772904116507921,
  "paired_score": 0.0,
  "params": {
    "coup_mode_bonus": 3.605598292691051,
    "early_region_weights": [
      0.6442123030304026,
      1.2388766996242528,
      1.3655434025800288,
      0.5265995480723029,
      0.5843150857738745,
      0.4287982971316787,
      1.1258756281819495
    ],
    "influence_mode_bonus": 5.72127094199571,
    "late_region_weights": [
      1.1444522037763345,
      0.9861742347930886,
      0.993110710421444,
      1.0492146572666765,
      1.112727977300988,
      0.9835005958566708,
      0.6696530695951864
    ],
    "mid_region_weights": [
      0.8912920019174684,
      1.1167297360595865,
      1.0949174672561381,
      1.0263312358743486,
      1.3612593650006255,
      1.2866743998082668,
      0.763772685433692
    ],
    "ops_card_penalty": 0.13238871742338904,
    "realign_mode_bonus": -0.9602022281941853,
    "space_mode_bonus": 1.0442669689580915
  },
  "proxy_score": 0.8790322580645161,
  "snapshot_id": "candidate_0018",
  "source": "proxy_spsa",
  "speed_penalty": 0.01741846413723991
}
