{
  "created_process_s": 2.932512421,
  "created_wall_s": 2.92097117198864,
  "label": "spsa_2_minus",
  "objective": 0.8748595790694854,
  "paired_score": 0.0,
  "params": {
    "coup_mode_bonus": 3.5285308696684803,
    "early_region_weights": [
      0.646807433270341,
      1.2362815693843143,
      1.3681385328199673,
      0.5009104070647795,
      0.5869102160138129,
      0.40310915612415527,
      1.151564769189473
    ],
    "influence_mode_bonus": 5.798338365018281,
    "late_region_weights": [
      1.141857073536396,
      0.9604850937855652,
      0.9905155801815057,
      1.023525516259153,
      1.1153231075409265,
      0.9809054656167324,
      0.643963928587663
    ],
    "mid_region_weights": [
      0.865602860909945,
      1.119324866299525,
      1.0975125974960767,
      1.0289263661142871,
      1.363854495240564,
      1.2609852588007433,
      0.7663678156736304
    ],
    "ops_card_penalty": 0.1331672564953706,
    "realign_mode_bonus": -0.9088239461791384,
    "space_mode_bonus": 1.0956452509731383
  },
  "proxy_score": 0.8790322580645161,
  "snapshot_id": "candidate_0016",
  "source": "proxy_spsa",
  "speed_penalty": 0.04172678995030732
}
