{
  "created_process_s": 1.451006828,
  "created_wall_s": 1.4422839350008871,
  "label": "random_7",
  "objective": 0.8263596128782207,
  "paired_score": 0.0,
  "params": {
    "coup_mode_bonus": 3.146501036894812,
    "early_region_weights": [
      0.74724497764513,
      1.369535304317607,
      1.3270838139697423,
      0.6177164226690437,
      0.6297103748931473,
      0.5414553949326149,
      1.207623642138748
    ],
    "influence_mode_bonus": 6.165105443962975,
    "late_region_weights": [
      1.2488816453812328,
      1.0690278631530892,
      1.186875731078071,
      1.1235503572132328,
      1.1361459433571155,
      0.9319530856876872,
      0.6547955593527485
    ],
    "mid_region_weights": [
      0.8006678726795255,
      1.021669425026786,
      0.9901279254821516,
      1.0466341793048037,
      1.2081100231498205,
      1.2751081796897705,
      0.7993256355772004
    ],
    "ops_card_penalty": 0.1571437125040309,
    "realign_mode_bonus": -1.0565302192382633,
    "space_mode_bonus": 1.3325739945811317
  },
  "proxy_score": 0.8467741935483871,
  "snapshot_id": "candidate_0007",
  "source": "random_proxy_search",
  "speed_penalty": 0.20414580670166482
}
