{
  "created_process_s": 2.102450458,
  "created_wall_s": 2.0924944059952395,
  "label": "random_11",
  "objective": 0.8467741935483871,
  "paired_score": 0.0,
  "params": {
    "coup_mode_bonus": 3.772949862073557,
    "early_region_weights": [
      0.6214146623926188,
      1.2140739221403274,
      1.451064091902308,
      0.4609510191606837,
      0.6937301432284138,
      0.42462729728539894,
      1.223439743593386
    ],
    "influence_mode_bonus": 5.783197318572877,
    "late_region_weights": [
      1.1617314607136422,
      1.090267766077017,
      1.0036563340267755,
      1.1317293263644896,
      0.9282365159592791,
      0.7963033859503068,
      0.6983853183966002
    ],
    "mid_region_weights": [
      1.0140551151116992,
      0.9288742951679596,
      1.0309964382015304,
      0.9656197156374717,
      1.266164658527291,
      1.2131274250635995,
      0.8734660633702749
    ],
    "ops_card_penalty": 0.1470023758843145,
    "realign_mode_bonus": -0.9290809820162979,
    "space_mode_bonus": 1.0363630875812642
  },
  "proxy_score": 0.8467741935483871,
  "snapshot_id": "candidate_0011",
  "source": "random_proxy_search",
  "speed_penalty": 0.0
}
