{
  "created_process_s": 2.25525342,
  "created_wall_s": 2.2450098159897607,
  "label": "random_12",
  "objective": 0.8466581959345425,
  "paired_score": 0.0,
  "params": {
    "coup_mode_bonus": 3.2862093296637687,
    "early_region_weights": [
      0.6401445737968763,
      1.247981271668516,
      1.2344464280265752,
      0.5102564814407811,
      0.4766396933606456,
      0.43582247324349827,
      1.2707555742042904
    ],
    "influence_mode_bonus": 5.706007838310599,
    "late_region_weights": [
      1.417333091108334,
      0.9243846109624088,
      1.0018269763697993,
      0.9015877209122801,
      1.0361918919797448,
      1.1765553942925873,
      0.6705777873575284
    ],
    "mid_region_weights": [
      0.8768783324531996,
      1.2164993795840155,
      1.2720412376360946,
      1.1999813164309758,
      1.403615921842488,
      1.2683290610326512,
      0.7046846288136168
    ],
    "ops_card_penalty": 0.12557770245465522,
    "realign_mode_bonus": -1.1561952242240137,
    "space_mode_bonus": 0.8560762225600712
  },
  "proxy_score": 0.8467741935483871,
  "snapshot_id": "candidate_0012",
  "source": "random_proxy_search",
  "speed_penalty": 0.001159976138446428
}
