{
  "created_process_s": 3.565968514,
  "created_wall_s": 3.553238466993207,
  "label": "spsa_4_minus",
  "objective": 0.8790322580645161,
  "paired_score": 0.0,
  "params": {
    "coup_mode_bonus": 3.5409572765396735,
    "early_region_weights": [
      0.62266529764661,
      1.2604237050080453,
      1.3639963971962363,
      0.5250525426885104,
      0.582768080390082,
      0.42725129174788623,
      1.147422633565742
    ],
    "influence_mode_bonus": 5.785911958147088,
    "late_region_weights": [
      1.145999209160127,
      0.9646272294092961,
      0.9946577158052365,
      1.047667651882884,
      1.0911809719171954,
      0.9850476012404633,
      0.6481060642113939
    ],
    "mid_region_weights": [
      0.8897449965336759,
      1.115182730675794,
      1.0733704618723456,
      1.0247842304905561,
      1.359712359616833,
      1.2851273944244743,
      0.7422256800498995
    ],
    "ops_card_penalty": 0.1319246158082513,
    "realign_mode_bonus": -0.9171082174266003,
    "space_mode_bonus": 1.0873609797256765
  },
  "proxy_score": 0.8790322580645161,
  "snapshot_id": "candidate_0020",
  "source": "proxy_spsa",
  "speed_penalty": 0.0
}
