{
  "created_process_s": 1.1025926129999999,
  "created_wall_s": 1.0956791889911983,
  "label": "random_5",
  "objective": 0.8420557947648482,
  "paired_score": 0.0,
  "params": {
    "coup_mode_bonus": 3.7270542963606856,
    "early_region_weights": [
      0.5797373574473293,
      1.144057954960096,
      1.3627293920427255,
      0.5945858458491722,
      0.5288519583496404,
      0.4799207513857584,
      1.2217247433350409
    ],
    "influence_mode_bonus": 5.92303574967558,
    "late_region_weights": [
      1.1124736113567206,
      1.1874007595969547,
      1.0462296121097112,
      1.089122729150714,
      1.043749233446658,
      1.0955880367320483,
      0.728516489452651
    ],
    "mid_region_weights": [
      0.9919117084703339,
      1.0677565219120488,
      1.0884781139069277,
      0.9770169193561631,
      1.4821979612856313,
      1.5057123661960226,
      0.598446160383099
    ],
    "ops_card_penalty": 0.1656716685623051,
    "realign_mode_bonus": -1.0558251727382248,
    "space_mode_bonus": 0.7755473834720261
  },
  "proxy_score": 0.8790322580645161,
  "snapshot_id": "candidate_0005",
  "source": "random_proxy_search",
  "speed_penalty": 0.3697646329966797
}
