{
  "created_process_s": 3.2855591729999998,
  "created_wall_s": 7.809117486001924,
  "label": "spsa_10_minus",
  "objective": 0.8726049584064772,
  "paired_score": 0.0,
  "params": {
    "coup_mode_bonus": 3.4324321033261636,
    "early_region_weights": [
      0.9794346277953793,
      1.4360810450047217,
      1.0773123305396666,
      0.47833332532599704,
      0.3791450264962899,
      0.48318425787792885,
      1.3843930128698276
    ],
    "influence_mode_bonus": 5.647423102852183,
    "late_region_weights": [
      1.1200368094959874,
      1.0392115144782086,
      0.8244982637209527,
      1.0658117362058932,
      1.1164758043993892,
      0.9643180703394858,
      0.6354753883084706
    ],
    "mid_region_weights": [
      0.9237804455859626,
      1.0385572313531581,
      1.020133747848791,
      0.7621130896456237,
      1.1923072599359124,
      1.1448503692495953,
      0.7522671246446859
    ],
    "ops_card_penalty": 0.19562573342662445,
    "realign_mode_bonus": -0.951174345723281,
    "space_mode_bonus": 1.1665848397634437
  },
  "proxy_score": 0.8790322580645161,
  "snapshot_id": "candidate_0080",
  "source": "proxy_spsa",
  "speed_penalty": 0.06427299658038943
}
