{
  "created_process_s": 0.33637535199999996,
  "created_wall_s": 4.860419347998686,
  "label": "random_53",
  "objective": 0.8318369260375013,
  "paired_score": 0.0,
  "params": {
    "coup_mode_bonus": 4.0105232518148455,
    "early_region_weights": [
      0.8189196627971645,
      1.318985918639046,
      1.0852153366213246,
      0.6236450056858328,
      0.46494336880268705,
      0.7391135548762768,
      1.2249325818711747
    ],
    "influence_mode_bonus": 6.373731578079871,
    "late_region_weights": [
      1.1286884474535321,
      0.9751990862169875,
      1.0830707803632666,
      1.2606564970798382,
      1.0559418938817051,
      1.0601333280008498,
      0.7413429989577792
    ],
    "mid_region_weights": [
      0.9230063487121862,
      0.9627167400018551,
      0.8970903587668432,
      0.9521110675945041,
      1.0194932349315922,
      1.1559689149581405,
      0.8573272955722284
    ],
    "ops_card_penalty": 0.14567511543255096,
    "realign_mode_bonus": -0.8124823755864161,
    "space_mode_bonus": 0.7746762927483654
  },
  "proxy_score": 0.8467741935483871,
  "snapshot_id": "candidate_0053",
  "source": "random_proxy_search",
  "speed_penalty": 0.1493726751088582
}
