{
  "created_process_s": 0.32326632099999997,
  "created_wall_s": 4.847307332005585,
  "label": "random_32",
  "objective": 0.7831470523892435,
  "paired_score": 0.0,
  "params": {
    "coup_mode_bonus": 3.848325357072412,
    "early_region_weights": [
      0.7945848122559235,
      1.373136591459638,
      1.0245664577702558,
      0.5612539134685913,
      0.6126661901880539,
      0.5437760834942428,
      1.187655345885576
    ],
    "influence_mode_bonus": 5.546664270977989,
    "late_region_weights": [
      1.2435465752402253,
      0.8695415585341402,
      0.9227418792725776,
      0.959145076370681,
      0.9898064941163746,
      0.9671865370250379,
      0.6679559407174116
    ],
    "mid_region_weights": [
      1.0181755062211124,
      1.0495731195198983,
      0.8801105603332366,
      0.9726765055383747,
      1.2170486620360597,
      1.4647093287131228,
      0.7695886961857477
    ],
    "ops_card_penalty": 0.2020299967976562,
    "realign_mode_bonus": -1.3150388521349425,
    "space_mode_bonus": 0.8895499959128575
  },
  "proxy_score": 0.8467741935483871,
  "snapshot_id": "candidate_0032",
  "source": "random_proxy_search",
  "speed_penalty": 0.6362714115914363
}
