{
  "created_process_s": 2.786971574,
  "created_wall_s": 7.3108036080084275,
  "label": "spsa_8_minus",
  "objective": 0.8723290223031224,
  "paired_score": 0.0,
  "params": {
    "coup_mode_bonus": 3.392245233929557,
    "early_region_weights": [
      0.9801811402869081,
      1.435334532513193,
      1.076565818048138,
      0.47758681283446835,
      0.3925406496284921,
      0.46978863474572663,
      1.383646500378299
    ],
    "influence_mode_bonus": 5.649662640326769,
    "late_region_weights": [
      1.1192902970044587,
      1.0399580269697373,
      0.8378938868531549,
      1.0650652237143645,
      1.1172223168909179,
      0.9650645828310146,
      0.6488710114406728
    ],
    "mid_region_weights": [
      0.9371760687181648,
      1.0378107188616295,
      1.0335293709809934,
      0.7487174665134215,
      1.1915607474443837,
      1.1441038567580666,
      0.7656627477768881
    ],
    "ops_card_penalty": 0.19964442036628513,
    "realign_mode_bonus": -0.9779655919876854,
    "space_mode_bonus": 1.1933760860278482
  },
  "proxy_score": 0.8790322580645161,
  "snapshot_id": "candidate_0076",
  "source": "proxy_spsa",
  "speed_penalty": 0.06703235761393733
}
