{
  "created_process_s": 1.460780169,
  "created_wall_s": 5.984936617009225,
  "label": "spsa_4_plus",
  "objective": 0.8552081397677679,
  "paired_score": 0.0,
  "params": {
    "coup_mode_bonus": 3.3834584373651535,
    "early_region_weights": [
      0.9831100724750426,
      1.4324056003250585,
      1.0736368858600034,
      0.4746578806463338,
      0.37546958181662665,
      0.4868597025575921,
      1.3807175681901644
    ],
    "influence_mode_bonus": 5.598449436891172,
    "late_region_weights": [
      1.1163613648163242,
      1.0228869591578718,
      0.8408228190412894,
      1.06213629152623,
      1.1001512490790524,
      0.9679935150191491,
      0.6517999436288073
    ],
    "mid_region_weights": [
      0.9201050009062993,
      1.054881786673495,
      1.036458303169128,
      0.765788534325287,
      1.2086318152562492,
      1.161174924569932,
      0.7485916799650226
    ],
    "ops_card_penalty": 0.1945231000227255,
    "realign_mode_bonus": -0.9838234563639545,
    "space_mode_bonus": 1.1992339504041172
  },
  "proxy_score": 0.8790322580645161,
  "snapshot_id": "candidate_0067",
  "source": "proxy_spsa",
  "speed_penalty": 0.23824118296748265
}
