{
  "created_process_s": 0.33759960499999997,
  "created_wall_s": 4.861642888005008,
  "label": "random_55",
  "objective": 0.7915046326553661,
  "paired_score": 0.0,
  "params": {
    "coup_mode_bonus": 3.931520582661469,
    "early_region_weights": [
      0.9792421230622353,
      1.3891681495734083,
      1.0742880208197843,
      0.6228889894584906,
      0.5713833938624262,
      0.6566539383588541,
      1.0867876309294875
    ],
    "influence_mode_bonus": 6.073158975243496,
    "late_region_weights": [
      1.1838539138403923,
      0.7509559313416434,
      1.0447648673887167,
      1.0281063642888468,
      1.1783836465199644,
      0.909982928403849,
      0.7558000299009432
    ],
    "mid_region_weights": [
      0.7554028271600087,
      0.9065701840655983,
      0.9265366661613588,
      0.9540637531667892,
      1.270272899399291,
      1.2666918830777172,
      0.8121719579701165
    ],
    "ops_card_penalty": 0.18610434236179776,
    "realign_mode_bonus": -0.9899138039126592,
    "space_mode_bonus": 0.5844449088902921
  },
  "proxy_score": 0.8145161290322581,
  "snapshot_id": "candidate_0055",
  "source": "random_proxy_search",
  "speed_penalty": 0.23011496376892038
}
