{
  "created_process_s": 3.667591097,
  "created_wall_s": 8.190942362998612,
  "label": "spsa_12_plus",
  "objective": 0.8790322580645161,
  "paired_score": 0.0,
  "params": {
    "coup_mode_bonus": 3.3961379292894645,
    "early_region_weights": [
      0.9788835751669388,
      1.4481791030169548,
      1.077863383168107,
      0.47888437795443756,
      0.3796960791247304,
      0.47108619986569583,
      1.3964910708820608
    ],
    "influence_mode_bonus": 5.645769944966861,
    "late_region_weights": [
      1.1205878621244278,
      1.0386604618497681,
      0.8365963217331857,
      1.0663627888343337,
      1.104377746387156,
      0.9522200123272528,
      0.6475734463207036
    ],
    "mid_region_weights": [
      0.9243314982144031,
      1.0506552893653913,
      1.0322318058610243,
      0.7500150316333908,
      1.1928583125643528,
      1.1569484272618284,
      0.7643651826569189
    ],
    "ops_card_penalty": 0.1957910492151566,
    "realign_mode_bonus": -0.975370461747747,
    "space_mode_bonus": 1.1676869450203247
  },
  "proxy_score": 0.8790322580645161,
  "snapshot_id": "candidate_0083",
  "source": "proxy_spsa",
  "speed_penalty": 0.0
}
