{
  "created_process_s": 1.3059572910000001,
  "created_wall_s": 5.830109319998883,
  "label": "spsa_3_minus",
  "objective": 0.8579822082489676,
  "paired_score": 0.0,
  "params": {
    "coup_mode_bonus": 3.3788174212137756,
    "early_region_weights": [
      0.9615630670912501,
      1.430858594941266,
      1.072089880476211,
      0.4962048860301263,
      0.39701658720041916,
      0.4653126971737996,
      1.379170562806372
    ],
    "influence_mode_bonus": 5.593808420739794,
    "late_region_weights": [
      1.1379083702001167,
      1.0444339645416643,
      0.8423698244250819,
      1.0605892861424375,
      1.1216982544628449,
      0.9464465096353566,
      0.6533469490125998
    ],
    "mid_region_weights": [
      0.9416520062900918,
      1.0564287920572875,
      1.0149112977853354,
      0.7442415289414945,
      1.1870848098724567,
      1.1627219299537246,
      0.7701386853488151
    ],
    "ops_card_penalty": 0.20098720163786324,
    "realign_mode_bonus": -0.9869174671315395,
    "space_mode_bonus": 1.2023279611717022
  },
  "proxy_score": 0.8790322580645161,
  "snapshot_id": "candidate_0066",
  "source": "proxy_spsa",
  "speed_penalty": 0.210500498155485
}
