{
  "created_process_s": 0.32011546799999996,
  "created_wall_s": 4.844052215004922,
  "label": "random_27",
  "objective": 0.782258064516129,
  "paired_score": 0.0,
  "params": {
    "coup_mode_bonus": 4.690432508055567,
    "early_region_weights": [
      0.9605718188446437,
      1.2231035787220463,
      1.1117770886719205,
      0.3772713667690476,
      0.5897201050488241,
      0.7459012792277537,
      1.3848878750528635
    ],
    "influence_mode_bonus": 6.327686482082628,
    "late_region_weights": [
      1.1495786024575463,
      1.130525757865506,
      1.0240815772540828,
      1.1008282006121626,
      1.0373435687350923,
      1.054714564420942,
      0.8559136857922729
    ],
    "mid_region_weights": [
      0.9014871694034998,
      0.8150625379814643,
      1.1031793389891316,
      0.990031156833389,
      1.225064895253069,
      1.1607571009043975,
      1.1017423736207164
    ],
    "ops_card_penalty": 0.1266292096785926,
    "realign_mode_bonus": -1.3821471958306413,
    "space_mode_bonus": 0.9304867916827505
  },
  "proxy_score": 0.782258064516129,
  "snapshot_id": "candidate_0027",
  "source": "random_proxy_search",
  "speed_penalty": 0.0
}
