{
  "created_process_s": 5.005771709,
  "created_wall_s": 9.524195165999117,
  "label": "spsa_16_minus",
  "objective": 0.85128677483403,
  "paired_score": 0.0,
  "params": {
    "coup_mode_bonus": 3.4284584373651534,
    "early_region_weights": [
      0.9681100724750425,
      1.4374056003250586,
      1.0786368858600035,
      0.4796578806463338,
      0.39046958181662667,
      0.4718597025575921,
      1.3957175681901643
    ],
    "influence_mode_bonus": 5.613449436891172,
    "late_region_weights": [
      1.131361364816324,
      1.0278869591578719,
      0.8358228190412894,
      1.0671362915262301,
      1.1151512490790523,
      0.9629935150191491,
      0.6367999436288073
    ],
    "mid_region_weights": [
      0.9351050009062993,
      1.0498817866734949,
      1.021458303169128,
      0.760788534325287,
      1.1936318152562493,
      1.1461749245699322,
      0.7635916799650226
    ],
    "ops_card_penalty": 0.1990231000227255,
    "realign_mode_bonus": -0.9738234563639545,
    "space_mode_bonus": 1.1892339504041172
  },
  "proxy_score": 0.8790322580645161,
  "snapshot_id": "candidate_0092",
  "source": "proxy_spsa",
  "speed_penalty": 0.2774548323048607
}
