{
  "created_process_s": 3.792665057,
  "created_wall_s": 8.315567804005696,
  "label": "spsa_12_minus",
  "objective": 0.8790322580645161,
  "paired_score": 0.0,
  "params": {
    "coup_mode_bonus": 3.430778945440842,
    "early_region_weights": [
      0.9673365697831463,
      1.4366320976331621,
      1.0894103885518998,
      0.49043138333823005,
      0.3912430845085229,
      0.48263320524948833,
      1.384944065498268
    ],
    "influence_mode_bonus": 5.611128928815483,
    "late_region_weights": [
      1.1321348675082206,
      1.0271134564659754,
      0.8250493163493932,
      1.0779097942181264,
      1.1159247517709487,
      0.9637670177110453,
      0.6360264409369111
    ],
    "mid_region_weights": [
      0.9358785035981956,
      1.0391082839815986,
      1.0206848004772315,
      0.7615620370171833,
      1.2044053179481455,
      1.1454014218780357,
      0.7528181772731264
    ],
    "ops_card_penalty": 0.19925515083029438,
    "realign_mode_bonus": -0.952276450980162,
    "space_mode_bonus": 1.1907809557879097
  },
  "proxy_score": 0.8790322580645161,
  "snapshot_id": "candidate_0084",
  "source": "proxy_spsa",
  "speed_penalty": 0.0
}
