{
  "created_process_s": 0.32085815,
  "created_wall_s": 4.844794913995429,
  "label": "random_28",
  "objective": 0.782258064516129,
  "paired_score": 0.0,
  "params": {
    "coup_mode_bonus": 4.337261073741275,
    "early_region_weights": [
      1.0283157960689693,
      1.4281698489509838,
      1.115678708051641,
      0.44248928906621665,
      0.5023085700714104,
      0.6743323806658735,
      1.2706181828347072
    ],
    "influence_mode_bonus": 5.586455855468902,
    "late_region_weights": [
      1.1756847016482892,
      0.8691005856055476,
      0.8834427124772961,
      1.256491058398141,
      1.1174755357577548,
      1.0032458455084137,
      0.8581367741797266
    ],
    "mid_region_weights": [
      1.0529264138495051,
      0.8967810573263196,
      0.9924898586935306,
      0.8975806154482336,
      1.1577717423453149,
      1.1056834629219798,
      0.9054317624078763
    ],
    "ops_card_penalty": 0.14541747875832733,
    "realign_mode_bonus": -1.043681240488419,
    "space_mode_bonus": 0.94785452312935
  },
  "proxy_score": 0.782258064516129,
  "snapshot_id": "candidate_0028",
  "source": "random_proxy_search",
  "speed_penalty": 0.0
}
