{
  "created_process_s": 1.6177036360000001,
  "created_wall_s": 6.141848441999173,
  "label": "spsa_4_minus",
  "objective": 0.8510267457829492,
  "paired_score": 0.0,
  "params": {
    "coup_mode_bonus": 3.443458437365153,
    "early_region_weights": [
      0.9631100724750425,
      1.4524056003250585,
      1.0936368858600034,
      0.4946578806463338,
      0.39546958181662667,
      0.46685970255759207,
      1.4007175681901645
    ],
    "influence_mode_bonus": 5.658449436891172,
    "late_region_weights": [
      1.1363613648163242,
      1.0428869591578718,
      0.8208228190412894,
      1.08213629152623,
      1.1201512490790524,
      0.9479935150191491,
      0.6317999436288073
    ],
    "mid_region_weights": [
      0.9401050009062993,
      1.034881786673495,
      1.0164583031691279,
      0.745788534325287,
      1.1886318152562492,
      1.141174924569932,
      0.7685916799650226
    ],
    "ops_card_penalty": 0.2005231000227255,
    "realign_mode_bonus": -0.9438234563639545,
    "space_mode_bonus": 1.1592339504041171
  },
  "proxy_score": 0.8790322580645161,
  "snapshot_id": "candidate_0068",
  "source": "proxy_spsa",
  "speed_penalty": 0.2800551228156687
}
