{
  "created_process_s": 3.0324383889999997,
  "created_wall_s": 7.556137570005376,
  "label": "spsa_9_minus",
  "objective": 0.8762083568273747,
  "paired_score": 0.0,
  "params": {
    "coup_mode_bonus": 3.3934584373651533,
    "early_region_weights": [
      0.9664434058083758,
      1.435738933658392,
      1.09030355252667,
      0.47799121397966715,
      0.37880291514996,
      0.4701930358909254,
      1.397384234856831
    ],
    "influence_mode_bonus": 5.6484494368911715,
    "late_region_weights": [
      1.1196946981496576,
      1.0395536258245384,
      0.8374894857079561,
      1.0788029581928966,
      1.116817915745719,
      0.9513268483524824,
      0.648466610295474
    ],
    "mid_region_weights": [
      0.9234383342396326,
      1.0382151200068284,
      1.0331249698357945,
      0.7624552009919537,
      1.2052984819229158,
      1.1445082579032655,
      0.7519250132983559
    ],
    "ops_card_penalty": 0.1955231000227255,
    "realign_mode_bonus": -0.9771567896972878,
    "space_mode_bonus": 1.1925672837374506
  },
  "proxy_score": 0.8790322580645161,
  "snapshot_id": "candidate_0078",
  "source": "proxy_spsa",
  "speed_penalty": 0.02823901237141424
}
