{
  "created_process_s": 0.33302898,
  "created_wall_s": 4.857072201004485,
  "label": "random_47",
  "objective": 0.805965728882331,
  "paired_score": 0.0,
  "params": {
    "coup_mode_bonus": 3.6923275795381967,
    "early_region_weights": [
      0.8306944734529389,
      1.336674761642678,
      1.119300934461971,
      0.6089992272167184,
      0.586935761172499,
      0.6588405817603733,
      1.4378127191170933
    ],
    "influence_mode_bonus": 5.743351844372945,
    "late_region_weights": [
      1.0465016364597046,
      0.9134712539222017,
      0.9062525648707801,
      1.0952032730548313,
      1.066530041781074,
      1.075137432196155,
      0.6762002446282094
    ],
    "mid_region_weights": [
      0.9565616795536103,
      1.0203151131110586,
      1.1122183646356059,
      0.8400782853207445,
      1.235881759594623,
      1.1615096686249538,
      0.9387176909261835
    ],
    "ops_card_penalty": 0.1502657986401576,
    "realign_mode_bonus": -0.9531970695663545,
    "space_mode_bonus": 1.043208671061123
  },
  "proxy_score": 0.8145161290322581,
  "snapshot_id": "candidate_0047",
  "source": "random_proxy_search",
  "speed_penalty": 0.08550400149927118
}
