{
  "created_process_s": 4.330545443,
  "created_wall_s": 8.851454636009294,
  "label": "spsa_14_minus",
  "objective": 0.8374019978412668,
  "paired_score": 0.0,
  "params": {
    "coup_mode_bonus": 3.397422762850408,
    "early_region_weights": [
      0.967764847636794,
      1.4477508251633069,
      1.078291661021755,
      0.4793126558080853,
      0.38012435697837815,
      0.47151447771934357,
      1.3960627930284129
    ],
    "influence_mode_bonus": 5.644485111405918,
    "late_region_weights": [
      1.1210161399780758,
      1.0382321839961202,
      0.8361680438795379,
      1.0667910666879816,
      1.1154964739173008,
      0.9633387398573976,
      0.6471451684670558
    ],
    "mid_region_weights": [
      0.9354502257445478,
      1.0395365618352466,
      1.0318035280073763,
      0.7611337591635355,
      1.2039770400944976,
      1.1565201494081805,
      0.7532464551267741
    ],
    "ops_card_penalty": 0.19591953257125094,
    "realign_mode_bonus": -0.9531330066874575,
    "space_mode_bonus": 1.1899244000806142
  },
  "proxy_score": 0.8790322580645161,
  "snapshot_id": "candidate_0088",
  "source": "proxy_spsa",
  "speed_penalty": 0.4163026022324936
}
