{
  "created_process_s": 0.335875453,
  "created_wall_s": 4.859919449008885,
  "label": "random_52",
  "objective": 0.8009857182858021,
  "paired_score": 0.0,
  "params": {
    "coup_mode_bonus": 4.014782917587182,
    "early_region_weights": [
      0.7519662611538245,
      1.3646386096125196,
      1.1528253015903092,
      0.5890147490971781,
      0.555787658971725,
      0.7130103864582684,
      1.0656822393022918
    ],
    "influence_mode_bonus": 6.296660522248658,
    "late_region_weights": [
      1.0776769610691836,
      0.8865886950835133,
      0.9595100268385384,
      1.2542254184698665,
      1.0832502195298912,
      0.9674245311603262,
      0.6764440444778271
    ],
    "mid_region_weights": [
      0.9290542168882667,
      1.170662868839447,
      1.1521263068992664,
      0.9522094921275324,
      1.2391346402466175,
      1.0060306832389712,
      0.7490661427464081
    ],
    "ops_card_penalty": 0.1224882883363341,
    "realign_mode_bonus": -1.0618712815385485,
    "space_mode_bonus": 0.8402025876122499
  },
  "proxy_score": 0.8145161290322581,
  "snapshot_id": "candidate_0052",
  "source": "random_proxy_search",
  "speed_penalty": 0.13530410746455956
}
