{
  "created_process_s": 4.50223393,
  "created_wall_s": 9.022505414002808,
  "label": "spsa_15_plus",
  "objective": 0.8407803351941769,
  "paired_score": 0.0,
  "params": {
    "coup_mode_bonus": 3.428950370749983,
    "early_region_weights": [
      0.9679460946800993,
      1.4475695781200018,
      1.0888008636549467,
      0.489821858441277,
      0.38030560402168345,
      0.47169572476264887,
      1.3855535903952212
    ],
    "influence_mode_bonus": 5.643941370276002,
    "late_region_weights": [
      1.1315253426112675,
      1.0277229813629285,
      0.8359867968362327,
      1.0669723137312868,
      1.1049872712841091,
      0.9631574928140924,
      0.6366359658338641
    ],
    "mid_region_weights": [
      0.9352689787012426,
      1.0397178088785517,
      1.0212943253741846,
      0.7609525121202303,
      1.193467837461306,
      1.1460109467749888,
      0.7637556577599659
    ],
    "ops_card_penalty": 0.19597390668424253,
    "realign_mode_bonus": -0.9741514119538409,
    "space_mode_bonus": 1.1895619059940037
  },
  "proxy_score": 0.8790322580645161,
  "snapshot_id": "candidate_0089",
  "source": "proxy_spsa",
  "speed_penalty": 0.38251922870339206
}
