{
  "created_process_s": 4.1741344499999995,
  "created_wall_s": 8.695626169006573,
  "label": "spsa_14_plus",
  "objective": 0.8747731282252607,
  "paired_score": 0.0,
  "params": {
    "coup_mode_bonus": 3.4294941118798987,
    "early_region_weights": [
      0.9784552973132911,
      1.43706037548681,
      1.0889821106982518,
      0.4900031054845823,
      0.39081480665487517,
      0.4822049273958406,
      1.385372343351916
    ],
    "influence_mode_bonus": 5.612413762376426,
    "late_region_weights": [
      1.1317065896545726,
      1.0275417343196234,
      0.8254775942030409,
      1.0774815163644784,
      1.104806024240804,
      0.9526482901809006,
      0.6364547187905588
    ],
    "mid_region_weights": [
      0.9247597760680508,
      1.0502270115117434,
      1.0211130783308795,
      0.7504433094870385,
      1.1932865904180008,
      1.1458296997316837,
      0.7639369048032711
    ],
    "ops_card_penalty": 0.19912666747420005,
    "realign_mode_bonus": -0.9745139060404515,
    "space_mode_bonus": 1.1685435007276201
  },
  "proxy_score": 0.8790322580645161,
  "snapshot_id": "candidate_0087",
  "source": "proxy_spsa",
  "speed_penalty": 0.042591298392554267
}
