{
  "created_process_s": 0.31156884599999995,
  "created_wall_s": 4.835502931004157,
  "label": "random_15",
  "objective": 0.8272209038821742,
  "paired_score": 0.0,
  "params": {
    "coup_mode_bonus": 3.569080237580278,
    "early_region_weights": [
      0.9401187444733812,
      1.435115819602181,
      1.269859730215269,
      0.841792813833534,
      0.5263182636749563,
      0.7873234214381104,
      1.184240931708929
    ],
    "influence_mode_bonus": 6.220616452858525,
    "late_region_weights": [
      1.2149234879081634,
      1.0175159840130221,
      0.9277686094520096,
      1.250926531174321,
      1.058949957502029,
      1.0577442880539885,
      0.6593273543134496
    ],
    "mid_region_weights": [
      0.8807818605393355,
      0.8830925008656965,
      1.241988106168148,
      0.8188573787027222,
      1.2367295875194795,
      1.2408025450943367,
      0.9094420700096842
    ],
    "ops_card_penalty": 0.1839933359071259,
    "realign_mode_bonus": -0.8319419390958435,
    "space_mode_bonus": 0.8393514686898077
  },
  "proxy_score": 0.8467741935483871,
  "snapshot_id": "candidate_0015",
  "source": "random_proxy_search",
  "speed_penalty": 0.1955328966621297
}
