{
  "created_process_s": 0.318902468,
  "created_wall_s": 4.842838520009536,
  "label": "random_25",
  "objective": 0.8467741935483871,
  "paired_score": 0.0,
  "params": {
    "coup_mode_bonus": 4.509326584998849,
    "early_region_weights": [
      0.7625277650353622,
      1.3021929287933245,
      1.0360370491455098,
      0.8240755399090629,
      0.5632145941765796,
      0.6284043555155742,
      1.3011295159291913
    ],
    "influence_mode_bonus": 5.908590562305518,
    "late_region_weights": [
      1.0620852034549337,
      1.021204314978418,
      0.8641480153225924,
      1.0436624245608608,
      0.8557827892958116,
      0.9703083134148197,
      0.8707589008425966
    ],
    "mid_region_weights": [
      0.954339624116642,
      0.9970008180692962,
      1.0754849942586842,
      0.9404496203060893,
      1.1990650989903673,
      1.0130765389719267,
      0.9723712192943103
    ],
    "ops_card_penalty": 0.07796933066911614,
    "realign_mode_bonus": -1.0522509574371794,
    "space_mode_bonus": 0.9256430171741381
  },
  "proxy_score": 0.8467741935483871,
  "snapshot_id": "candidate_0025",
  "source": "random_proxy_search",
  "speed_penalty": 0.0
}
