{
  "created_process_s": 2.518665053,
  "created_wall_s": 7.042596469997079,
  "label": "spsa_7_minus",
  "objective": 0.8636345756121506,
  "paired_score": 0.0,
  "params": {
    "coup_mode_bonus": 3.436136305745707,
    "early_region_weights": [
      0.965550783014858,
      1.434846310864874,
      1.091196175320188,
      0.4770985911861493,
      0.3930288712768112,
      0.4844189920177766,
      1.3831582787299799
    ],
    "influence_mode_bonus": 5.651127305271726,
    "late_region_weights": [
      1.1339206542765088,
      1.0404462486180563,
      0.8232635295811048,
      1.0645770020660454,
      1.117710538539237,
      0.9655528044793337,
      0.6342406541686227
    ],
    "mid_region_weights": [
      0.9225457114461147,
      1.0524410761336795,
      1.0188990137089433,
      0.7482292448651024,
      1.2061911047164338,
      1.1436156351097475,
      0.7661509694252072
    ],
    "ops_card_penalty": 0.19979088686078086,
    "realign_mode_bonus": -0.9789420352843236,
    "space_mode_bonus": 1.1943525293244863
  },
  "proxy_score": 0.8790322580645161,
  "snapshot_id": "candidate_0074",
  "source": "proxy_spsa",
  "speed_penalty": 0.1539768245236548
}
