{
  "created_process_s": 1.9250478500000001,
  "created_wall_s": 6.449177547998261,
  "label": "spsa_5_minus",
  "objective": 0.8662296227691492,
  "paired_score": 0.0,
  "params": {
    "coup_mode_bonus": 3.440291253095151,
    "early_region_weights": [
      0.9641658005650434,
      1.4513498722350577,
      1.0746926139500041,
      0.49360215255633294,
      0.3944138537266258,
      0.46791543064759294,
      1.3817732962801652
    ],
    "influence_mode_bonus": 5.655282252621169,
    "late_region_weights": [
      1.117417092906325,
      1.0239426872478725,
      0.8218785471312903,
      1.0631920196162308,
      1.1190955209890516,
      0.94904924310915,
      0.6507442155388065
    ],
    "mid_region_weights": [
      0.9390492728162985,
      1.0538260585834942,
      1.0354025750791271,
      0.7647328062352862,
      1.18968754334625,
      1.1601191964799313,
      0.7496474080550235
    ],
    "ops_card_penalty": 0.19483981844972575,
    "realign_mode_bonus": -0.9817120001839528,
    "space_mode_bonus": 1.1971224942241154
  },
  "proxy_score": 0.8790322580645161,
  "snapshot_id": "candidate_0070",
  "source": "proxy_spsa",
  "speed_penalty": 0.12802635295366982
}
