{
  "created_process_s": 1.1641567910000001,
  "created_wall_s": 5.688337881001644,
  "label": "spsa_3_plus",
  "objective": 0.8750404384830848,
  "paired_score": 0.0,
  "params": {
    "coup_mode_bonus": 3.448099453516531,
    "early_region_weights": [
      0.984657077858835,
      1.453952605708851,
      1.095183891243796,
      0.4731108752625413,
      0.37392257643283416,
      0.4884067079413846,
      1.402264573573957
    ],
    "influence_mode_bonus": 5.66309045304255,
    "late_region_weights": [
      1.1148143594325317,
      1.0213399537740793,
      0.8192758136574969,
      1.0836832969100225,
      1.0986042436952599,
      0.9695405204029416,
      0.6302529382450148
    ],
    "mid_region_weights": [
      0.9185579955225068,
      1.0333347812897025,
      1.0380053085529204,
      0.7673355397090795,
      1.2101788206400417,
      1.1396279191861396,
      0.7470446745812301
    ],
    "ops_card_penalty": 0.19405899840758775,
    "realign_mode_bonus": -0.9407294455963695,
    "space_mode_bonus": 1.1561399396365322
  },
  "proxy_score": 0.8790322580645161,
  "snapshot_id": "candidate_0065",
  "source": "proxy_spsa",
  "speed_penalty": 0.039918195814313995
}
