{
  "created_process_s": 2.9091095599999997,
  "created_wall_s": 7.4328796549962135,
  "label": "spsa_9_plus",
  "objective": 0.8781829551995014,
  "paired_score": 0.0,
  "params": {
    "coup_mode_bonus": 3.4334584373651533,
    "early_region_weights": [
      0.9797767391417093,
      1.449072266991725,
      1.0769702191933368,
      0.49132454731300046,
      0.3921362484832933,
      0.48352636922425873,
      1.3840509015234979
    ],
    "influence_mode_bonus": 5.608449436891172,
    "late_region_weights": [
      1.1330280314829908,
      1.0262202924912052,
      0.8241561523746227,
      1.0654696248595634,
      1.1034845824123858,
      0.9646601816858158,
      0.6351332769621406
    ],
    "mid_region_weights": [
      0.936771667572966,
      1.0515484533401616,
      1.0197916365024613,
      0.7491218676586203,
      1.1919651485895826,
      1.1578415912365987,
      0.7652583466316893
    ],
    "ops_card_penalty": 0.1995231000227255,
    "realign_mode_bonus": -0.9504901230306212,
    "space_mode_bonus": 1.1659006170707837
  },
  "proxy_score": 0.8790322580645161,
  "snapshot_id": "candidate_0077",
  "source": "proxy_spsa",
  "speed_penalty": 0.008493028650147227
}
