{
  "created_process_s": 4.669033053,
  "created_wall_s": 9.188683592001325,
  "label": "spsa_15_minus",
  "objective": 0.8508573212957249,
  "paired_score": 0.0,
  "params": {
    "coup_mode_bonus": 3.3979665039803235,
    "early_region_weights": [
      0.9782740502699858,
      1.4372416225301152,
      1.0784729080650601,
      0.4794939028513906,
      0.39063355961156987,
      0.4820236803525353,
      1.3958815459851077
    ],
    "influence_mode_bonus": 5.612957503506342,
    "late_region_weights": [
      1.121197387021381,
      1.038050936952815,
      0.8256588412463461,
      1.0773002693211733,
      1.1153152268739956,
      0.9528295372242058,
      0.6469639214237506
    ],
    "mid_region_weights": [
      0.9249410231113561,
      1.0500457644684382,
      1.0316222809640712,
      0.7506245565303438,
      1.2037957930511924,
      1.1563389023648754,
      0.7534277021700794
    ],
    "ops_card_penalty": 0.19907229336120846,
    "realign_mode_bonus": -0.9534955007740681,
    "space_mode_bonus": 1.1689059948142306
  },
  "proxy_score": 0.8790322580645161,
  "snapshot_id": "candidate_0090",
  "source": "proxy_spsa",
  "speed_penalty": 0.2817493676879119
}
