{
  "created_process_s": 4.047338829,
  "created_wall_s": 8.56930205199751,
  "label": "spsa_13_minus",
  "objective": 0.8790322580645161,
  "paired_score": 0.0,
  "params": {
    "coup_mode_bonus": 3.3968174314783965,
    "early_region_weights": [
      0.9675630705127902,
      1.4479526022873108,
      1.078089883897751,
      0.47911087868408153,
      0.39101658377887893,
      0.4713127005953398,
      1.3851705662279121
    ],
    "influence_mode_bonus": 5.611808431004415,
    "late_region_weights": [
      1.1319083667785765,
      1.0273399571956194,
      0.8363698210035417,
      1.0665892895639777,
      1.1046042471168,
      0.9635405169814014,
      0.6473469455910597
    ],
    "mid_region_weights": [
      0.924557998944047,
      1.0504287886357473,
      1.0209113012068756,
      0.7613355362875394,
      1.1930848132939968,
      1.1567219265321844,
      0.764138681927275
    ],
    "ops_card_penalty": 0.1958589994340498,
    "realign_mode_bonus": -0.95272945243945,
    "space_mode_bonus": 1.1903279543286218
  },
  "proxy_score": 0.8790322580645161,
  "snapshot_id": "candidate_0086",
  "source": "proxy_spsa",
  "speed_penalty": 0.0
}
