{
  "created_process_s": 3.154589459,
  "created_wall_s": 7.678221078997012,
  "label": "spsa_10_plus",
  "objective": 0.8790322580645161,
  "paired_score": 0.0,
  "params": {
    "coup_mode_bonus": 3.394484771404143,
    "early_region_weights": [
      0.9667855171547058,
      1.4487301556453953,
      1.0899614411803402,
      0.49098243596667057,
      0.3917941371369634,
      0.4705351472372553,
      1.3970421235105013
    ],
    "influence_mode_bonus": 5.609475770930161,
    "late_region_weights": [
      1.132685920136661,
      1.026562403837535,
      0.8371473743616261,
      1.0784608468465668,
      1.1038266937587156,
      0.9516689596988124,
      0.648124498949144
    ],
    "mid_region_weights": [
      0.936429556226636,
      1.0512063419938318,
      1.0327828584894647,
      0.7494639790049503,
      1.204956370576586,
      1.157499479890269,
      0.7649162352853593
    ],
    "ops_card_penalty": 0.19942046661882654,
    "realign_mode_bonus": -0.976472567004628,
    "space_mode_bonus": 1.1918830610447906
  },
  "proxy_score": 0.8790322580645161,
  "snapshot_id": "candidate_0079",
  "source": "proxy_spsa",
  "speed_penalty": 0.0
}
