{
  "created_process_s": 2.071265892,
  "created_wall_s": 6.595337905004271,
  "label": "spsa_6_plus",
  "objective": 0.8628051842172981,
  "paired_score": 0.0,
  "params": {
    "coup_mode_bonus": 3.3889635399373215,
    "early_region_weights": [
      0.9649451066657653,
      1.4342406345157812,
      1.0754719200507261,
      0.4764929148370565,
      0.3773046160073494,
      0.48502466836686936,
      1.3825526023808872
    ],
    "influence_mode_bonus": 5.652944334319003,
    "late_region_weights": [
      1.118196399007047,
      1.041051924967149,
      0.8389877848505667,
      1.0639713257169527,
      1.101986283269775,
      0.9661584808284264,
      0.6499649094380846
    ],
    "mid_region_weights": [
      0.921940035097022,
      1.0530467524827722,
      1.0182933373598506,
      0.7639535001345643,
      1.2067967810655265,
      1.1430099587606548,
      0.7504267141557454
    ],
    "ops_card_penalty": 0.19507361027994233,
    "realign_mode_bonus": -0.9801533879825091,
    "space_mode_bonus": 1.1955638820226717
  },
  "proxy_score": 0.8790322580645161,
  "snapshot_id": "candidate_0071",
  "source": "proxy_spsa",
  "speed_penalty": 0.16227073847218043
}
