{
  "created_process_s": 1.030286717,
  "created_wall_s": 5.554459284001496,
  "label": "spsa_2_minus",
  "objective": 0.8730162163025428,
  "paired_score": 0.0,
  "params": {
    "coup_mode_bonus": 3.4558848442363463,
    "early_region_weights": [
      0.9589679368513117,
      1.4282634647013275,
      1.0977790214837344,
      0.47051574502260285,
      0.3996117174403576,
      0.49100183818132304,
      1.4048597038138955
    ],
    "influence_mode_bonus": 5.6708758437623645,
    "late_region_weights": [
      1.1122192291925932,
      1.0470290947816028,
      0.8166806834175585,
      1.057994155902499,
      1.1242933847027834,
      0.97213565064288,
      0.6276578080050764
    ],
    "mid_region_weights": [
      0.9442471365300302,
      1.030739651049764,
      1.040600438792859,
      0.7416463987015561,
      1.2127739508799802,
      1.137032788946201,
      0.7727338155887535
    ],
    "ops_card_penalty": 0.1932804593356062,
    "realign_mode_bonus": -0.9355391851164926,
    "space_mode_bonus": 1.1509496791566554
  },
  "proxy_score": 0.8790322580645161,
  "snapshot_id": "candidate_0064",
  "source": "proxy_spsa",
  "speed_penalty": 0.060160417619733675
}
