{
  "created_process_s": 0.735265952,
  "created_wall_s": 5.259393708998687,
  "label": "spsa_1_minus",
  "objective": 0.8476371055979643,
  "paired_score": 0.0,
  "params": {
    "coup_mode_bonus": 3.4734584373651534,
    "early_region_weights": [
      0.9931100724750426,
      1.4624056003250585,
      1.1036368858600034,
      0.5046578806463338,
      0.36546958181662664,
      0.4968597025575921,
      1.3707175681901644
    ],
    "influence_mode_bonus": 5.568449436891172,
    "late_region_weights": [
      1.1463613648163242,
      1.0528869591578718,
      0.8508228190412894,
      1.05213629152623,
      1.0901512490790524,
      0.9779935150191491,
      0.6617999436288073
    ],
    "mid_region_weights": [
      0.9501050009062993,
      1.064881786673495,
      1.046458303169128,
      0.775788534325287,
      1.1786318152562492,
      1.131174924569932,
      0.7385916799650226
    ],
    "ops_card_penalty": 0.2035231000227255,
    "realign_mode_bonus": -0.9238234563639545,
    "space_mode_bonus": 1.1392339504041171
  },
  "proxy_score": 0.8790322580645161,
  "snapshot_id": "candidate_0062",
  "source": "proxy_spsa",
  "speed_penalty": 0.3139515246655178
}
