{
  "created_process_s": 2.220977172,
  "created_wall_s": 6.745006198005285,
  "label": "spsa_6_minus",
  "objective": 0.8604913484741442,
  "paired_score": 0.0,
  "params": {
    "coup_mode_bonus": 3.437953334792985,
    "early_region_weights": [
      0.9812750382843198,
      1.4505705661343358,
      1.0918018516692807,
      0.4928228464556111,
      0.39363454762590394,
      0.4686947367483148,
      1.3988825339994417
    ],
    "influence_mode_bonus": 5.6039545394633405,
    "late_region_weights": [
      1.1345263306256015,
      1.0247219933485945,
      0.8226578532320121,
      1.0803012573355073,
      1.1183162148883297,
      0.9498285492098718,
      0.63363497781953
    ],
    "mid_region_weights": [
      0.9382699667155766,
      1.0367168208642177,
      1.0346232689784052,
      0.7476235685160098,
      1.190466849446972,
      1.1593398903792094,
      0.7667566457742999
    ],
    "ops_card_penalty": 0.19997258976550866,
    "realign_mode_bonus": -0.9474935247453999,
    "space_mode_bonus": 1.1629040187855626
  },
  "proxy_score": 0.8790322580645161,
  "snapshot_id": "candidate_0072",
  "source": "proxy_spsa",
  "speed_penalty": 0.1854090959037189
}
