{
  "created_process_s": 0.306756716,
  "created_wall_s": 4.8306904869969,
  "label": "random_8",
  "objective": 0.7184655812749192,
  "paired_score": 0.0,
  "params": {
    "coup_mode_bonus": 3.7997499122889664,
    "early_region_weights": [
      0.6482862641614289,
      1.6284295487175964,
      1.1296795121034797,
      0.4299336680186311,
      0.5009445946035191,
      0.841398217818589,
      1.2416487403248428
    ],
    "influence_mode_bonus": 6.098242246045712,
    "late_region_weights": [
      1.0955477480766718,
      1.1024176410510793,
      1.0534898701911153,
      1.1544225882490982,
      1.1406155990235918,
      0.9943208471557868,
      0.610147826996196
    ],
    "mid_region_weights": [
      0.9970978362255931,
      0.9560519518166521,
      0.9516333131105744,
      0.8555335845440624,
      1.4962112882434604,
      1.387549002111566,
      0.8236374257031063
    ],
    "ops_card_penalty": 0.1736468486529926,
    "realign_mode_bonus": -1.2250565748960267,
    "space_mode_bonus": 0.9572013475646466
  },
  "proxy_score": 0.8467741935483871,
  "snapshot_id": "candidate_0008",
  "source": "random_proxy_search",
  "speed_penalty": 1.2830861227346793
}
