{
  "created_process_s": 3.4145285569999997,
  "created_wall_s": 7.938014932995429,
  "label": "spsa_11_plus",
  "objective": 0.8749384843812359,
  "paired_score": 0.0,
  "params": {
    "coup_mode_bonus": 3.3953677566904874,
    "early_region_weights": [
      0.9791402993665979,
      1.4363753734335032,
      1.077606658968448,
      0.47862765375477856,
      0.3794393549250714,
      0.47082947566603683,
      1.3846873412986092
    ],
    "influence_mode_bonus": 5.610358756216506,
    "late_region_weights": [
      1.1323915917078795,
      1.038917186049427,
      0.8368530459328447,
      1.0661060646346747,
      1.1161814759706077,
      0.9519632881275938,
      0.6478301705203626
    ],
    "mid_region_weights": [
      0.9361352277978546,
      1.0509120135650503,
      1.0204280762775726,
      0.7497583074337317,
      1.1926015883646939,
      1.1451446976783768,
      0.7646219068565779
    ],
    "ops_card_penalty": 0.19933216809019208,
    "realign_mode_bonus": -0.9758839101470651,
    "space_mode_bonus": 1.1671734966210066
  },
  "proxy_score": 0.8790322580645161,
  "snapshot_id": "candidate_0081",
  "source": "proxy_spsa",
  "speed_penalty": 0.040937736832802774
}
