{
  "created_process_s": 0.30850126699999997,
  "created_wall_s": 4.832435775999329,
  "label": "random_11",
  "objective": 0.8467741935483871,
  "paired_score": 0.0,
  "params": {
    "coup_mode_bonus": 4.096148971876267,
    "early_region_weights": [
      0.8140294174075489,
      1.2200860391439707,
      1.0238326996042384,
      0.601302826015138,
      0.3899994634323857,
      0.5872466401073771,
      1.2836615809165228
    ],
    "influence_mode_bonus": 5.605408787143412,
    "late_region_weights": [
      1.056746077728607,
      0.9202571347526225,
      1.0700635401060326,
      0.9822659768148287,
      1.1229674502390767,
      0.8666507871384267,
      0.6233426857524507
    ],
    "mid_region_weights": [
      0.9225248666919948,
      0.9296492276304851,
      1.0784294779613943,
      0.9243503922453641,
      1.0106137214337894,
      1.1790142219765427,
      0.9479891280784217
    ],
    "ops_card_penalty": 0.1431850709235803,
    "realign_mode_bonus": -0.6890446148516821,
    "space_mode_bonus": 0.8885259393962861
  },
  "proxy_score": 0.8467741935483871,
  "snapshot_id": "candidate_0011",
  "source": "random_proxy_search",
  "speed_penalty": 0.0
}
