{
  "created_process_s": 0.321387647,
  "created_wall_s": 4.845325201007654,
  "label": "random_29",
  "objective": 0.8467741935483871,
  "paired_score": 0.0,
  "params": {
    "coup_mode_bonus": 3.3133879837552924,
    "early_region_weights": [
      0.9489726365874787,
      1.2954922071292452,
      1.261830489663366,
      0.6164220767455304,
      0.508227494249878,
      0.7621496682323434,
      1.0109554340845261
    ],
    "influence_mode_bonus": 5.876342726743392,
    "late_region_weights": [
      1.139108705894255,
      0.9073049873413154,
      0.9132673146560593,
      0.9751869190418646,
      1.1844895539850095,
      0.9262193298980833,
      0.7788749462647232
    ],
    "mid_region_weights": [
      0.9649111532204232,
      0.8621116039021955,
      1.1042227648389902,
      0.9332967514788256,
      1.2922149732298291,
      1.0290064039157678,
      0.9859034280746315
    ],
    "ops_card_penalty": 0.151722735157567,
    "realign_mode_bonus": -1.1146015358973962,
    "space_mode_bonus": 1.2227295306835493
  },
  "proxy_score": 0.8467741935483871,
  "snapshot_id": "candidate_0029",
  "source": "random_proxy_search",
  "speed_penalty": 0.0
}
