{
  "created_process_s": 0.307317945,
  "created_wall_s": 4.831251923009404,
  "label": "random_9",
  "objective": 0.7513975562285737,
  "paired_score": 0.0,
  "params": {
    "coup_mode_bonus": 4.295714922728402,
    "early_region_weights": [
      0.8636624887650219,
      1.2994866595289738,
      1.0565600598449543,
      0.4154716930630659,
      0.710387611675879,
      0.6756803175043021,
      1.1803189998121535
    ],
    "influence_mode_bonus": 6.38309451999397,
    "late_region_weights": [
      1.0400011823000848,
      0.8268778131769567,
      0.9893742981312181,
      1.1308674012282485,
      1.235697517121121,
      1.0081454047229146,
      0.863808295096032
    ],
    "mid_region_weights": [
      1.1988155751731533,
      1.0474713071980621,
      1.0392893753220172,
      0.9795251847025322,
      1.1541720960588402,
      1.2505261799779273,
      0.924504930591379
    ],
    "ops_card_penalty": 0.1262343544286651,
    "realign_mode_bonus": -1.0771461826205389,
    "space_mode_bonus": 1.0857825695037844
  },
  "proxy_score": 0.8145161290322581,
  "snapshot_id": "candidate_0009",
  "source": "random_proxy_search",
  "speed_penalty": 0.6311857280368443
}
