{
  "created_process_s": 3.9235663560000003,
  "created_wall_s": 8.445989462998114,
  "label": "spsa_13_plus",
  "objective": 0.8790322580645161,
  "paired_score": 0.0,
  "params": {
    "coup_mode_bonus": 3.43009944325191,
    "early_region_weights": [
      0.9786570744372949,
      1.4368585983628062,
      1.0891838878222557,
      0.4902048826085861,
      0.3799225798543744,
      0.48240670451984435,
      1.3962645701524168
    ],
    "influence_mode_bonus": 5.645090442777929,
    "late_region_weights": [
      1.1208143628540719,
      1.038433961120124,
      0.8252758170790371,
      1.0776832934884824,
      1.1156982510413047,
      0.9524465130568968,
      0.636252941666555
    ],
    "mid_region_weights": [
      0.9356520028685517,
      1.0393347847112426,
      1.0320053051313802,
      0.7502415323630347,
      1.2041788172185015,
      1.1456279226076798,
      0.7530446780027703
    ],
    "ops_card_penalty": 0.1991872006114012,
    "realign_mode_bonus": -0.974917460288459,
    "space_mode_bonus": 1.1681399464796125
  },
  "proxy_score": 0.8790322580645161,
  "snapshot_id": "candidate_0085",
  "source": "proxy_spsa",
  "speed_penalty": 0.0
}
