{
  "created_process_s": 0.325593941,
  "created_wall_s": 4.849635524005862,
  "label": "random_37",
  "objective": 0.8352850271636598,
  "paired_score": 0.0,
  "params": {
    "coup_mode_bonus": 4.062051196172492,
    "early_region_weights": [
      1.035041113309108,
      1.3574909370459816,
      0.9695955674021647,
      0.5216310469860342,
      0.4876930709881708,
      0.5930113552473535,
      1.1462362001270796
    ],
    "influence_mode_bonus": 6.1293886386809,
    "late_region_weights": [
      1.1285798155377416,
      1.0804281620744578,
      0.8576307562619511,
      1.037672193724182,
      1.2358439730199238,
      1.0184733253068203,
      0.666909404031563
    ],
    "mid_region_weights": [
      0.7838411342846343,
      0.9845819923428117,
      0.9629510530099021,
      0.8030347438147681,
      1.2469731511000668,
      1.168173863917879,
      0.9826722316833731
    ],
    "ops_card_penalty": 0.1493427493476402,
    "realign_mode_bonus": -0.877798708904598,
    "space_mode_bonus": 0.9288559437824729
  },
  "proxy_score": 0.8467741935483871,
  "snapshot_id": "candidate_0037",
  "source": "random_proxy_search",
  "speed_penalty": 0.114891663847273
}
