{
  "created_process_s": 0.56656089,
  "created_wall_s": 5.090652405007859,
  "label": "spsa_1_plus",
  "objective": 0.8238936730030844,
  "paired_score": 0.0,
  "params": {
    "coup_mode_bonus": 3.3534584373651533,
    "early_region_weights": [
      0.9531100724750425,
      1.4224056003250585,
      1.0636368858600034,
      0.4646578806463338,
      0.4054695818166267,
      0.45685970255759206,
      1.4107175681901645
    ],
    "influence_mode_bonus": 5.6884494368911716,
    "late_region_weights": [
      1.1063613648163242,
      1.0128869591578717,
      0.8108228190412894,
      1.09213629152623,
      1.1301512490790524,
      0.9379935150191491,
      0.6217999436288073
    ],
    "mid_region_weights": [
      0.9101050009062993,
      1.024881786673495,
      1.0064583031691279,
      0.735788534325287,
      1.2186318152562492,
      1.171174924569932,
      0.7785916799650227
    ],
    "ops_card_penalty": 0.1915231000227255,
    "realign_mode_bonus": -1.0038234563639545,
    "space_mode_bonus": 1.2192339504041172
  },
  "proxy_score": 0.8790322580645161,
  "snapshot_id": "candidate_0061",
  "source": "proxy_spsa",
  "speed_penalty": 0.5513858506143179
}
