{
  "created_process_s": 0.33804725999999996,
  "created_wall_s": 4.86209135199897,
  "label": "random_56",
  "objective": 0.7948949313102428,
  "paired_score": 0.0,
  "params": {
    "coup_mode_bonus": 4.313362317840816,
    "early_region_weights": [
      0.8814962434243605,
      1.398208159750401,
      1.0244778250948339,
      0.49251212009396056,
      0.700597468900237,
      0.5146930253464227,
      1.2837283444305192
    ],
    "influence_mode_bonus": 5.961170499722296,
    "late_region_weights": [
      1.0986711402927918,
      1.0202786240895056,
      0.9569652291998647,
      1.1514151372097163,
      0.9247013721800474,
      1.0369112656191224,
      0.9532762217551874
    ],
    "mid_region_weights": [
      0.807841200774966,
      0.9571594692824723,
      0.9800880399887694,
      1.1276793070152382,
      1.1136375907842004,
      1.0449561251465305,
      1.0403778254144909
    ],
    "ops_card_penalty": 0.1563996631062666,
    "realign_mode_bonus": -1.0585919357742761,
    "space_mode_bonus": 1.2065503123493988
  },
  "proxy_score": 0.8145161290322581,
  "snapshot_id": "candidate_0056",
  "source": "random_proxy_search",
  "speed_penalty": 0.19621197722015293
}
