{
  "created_process_s": 2.3713390839999997,
  "created_wall_s": 6.895318915005191,
  "label": "spsa_7_plus",
  "objective": 0.8595065664912224,
  "paired_score": 0.0,
  "params": {
    "coup_mode_bonus": 3.3907805689846,
    "early_region_weights": [
      0.9806693619352271,
      1.449964889785243,
      1.0760775963998188,
      0.49221717010651833,
      0.37791029235644213,
      0.46930041309740755,
      1.398276857650349
    ],
    "influence_mode_bonus": 5.605771568510618,
    "late_region_weights": [
      1.1188020753561396,
      1.0253276696976872,
      0.838382108501474,
      1.0796955809864146,
      1.1025919596188678,
      0.9504342255589645,
      0.6493592330889919
    ],
    "mid_region_weights": [
      0.9376642903664839,
      1.0373224972133104,
      1.0340175926293125,
      0.7633478237854716,
      1.1910725257960646,
      1.1587342140301167,
      0.751032390504838
    ],
    "ops_card_penalty": 0.19525531318467013,
    "realign_mode_bonus": -0.9487048774435854,
    "space_mode_bonus": 1.164115371483748
  },
  "proxy_score": 0.8790322580645161,
  "snapshot_id": "candidate_0073",
  "source": "proxy_spsa",
  "speed_penalty": 0.19525691573293757
}
