{
  "created_process_s": 0.305594355,
  "created_wall_s": 4.829527847003192,
  "label": "random_6",
  "objective": 0.7125207798253357,
  "paired_score": 0.0,
  "params": {
    "coup_mode_bonus": 4.291203084118215,
    "early_region_weights": [
      0.7521241284715645,
      1.2292235632661812,
      1.0660610996781608,
      0.5533236682341364,
      0.47546113176811433,
      0.6137571372130272,
      1.209874160009224
    ],
    "influence_mode_bonus": 5.890950651396846,
    "late_region_weights": [
      1.1056125261819403,
      0.7777535468615326,
      0.8619181241928908,
      0.8866243087253762,
      1.1522216600583552,
      1.0833697368184148,
      0.7387493647460087
    ],
    "mid_region_weights": [
      0.9484985041869354,
      1.109326560665988,
      0.9986865761951125,
      0.9125989557313291,
      1.1530154950464446,
      1.3514300589313384,
      0.9097223304553326
    ],
    "ops_card_penalty": 0.1522128016612538,
    "realign_mode_bonus": -1.1082030470556534,
    "space_mode_bonus": 1.2419241256766638
  },
  "proxy_score": 0.8467741935483871,
  "snapshot_id": "candidate_0006",
  "source": "random_proxy_search",
  "speed_penalty": 1.3425341372305142
}
