{
  "created_process_s": 0.32509615799999997,
  "created_wall_s": 4.849137363999034,
  "label": "random_36",
  "objective": 0.738403445735788,
  "paired_score": 0.0,
  "params": {
    "coup_mode_bonus": 4.607005802756651,
    "early_region_weights": [
      0.7598111207361169,
      1.3243963676758437,
      1.0577063132922413,
      0.7186701457728134,
      0.4183010389656094,
      0.5277252595661519,
      1.3751017207882184
    ],
    "influence_mode_bonus": 5.902221480984244,
    "late_region_weights": [
      1.0516268240689925,
      0.9874457754505641,
      0.9860037724871715,
      1.1509767454580075,
      0.995053811843663,
      0.9963417094826748,
      0.5806374026865843
    ],
    "mid_region_weights": [
      1.086185166778042,
      0.9280694202852819,
      0.9087853153306307,
      1.0976893606483444,
      1.3923901016355706,
      1.3601403745613985,
      0.8397623805916262
    ],
    "ops_card_penalty": 0.17407012480321016,
    "realign_mode_bonus": -1.1998026361767076,
    "space_mode_bonus": 1.2640904469783476
  },
  "proxy_score": 0.782258064516129,
  "snapshot_id": "candidate_0036",
  "source": "random_proxy_search",
  "speed_penalty": 0.4385461878034107
}
