{
  "created_process_s": 0.307983283,
  "created_wall_s": 4.831917529998464,
  "label": "random_10",
  "objective": 0.7527670347600294,
  "paired_score": 0.0,
  "params": {
    "coup_mode_bonus": 4.096336094008464,
    "early_region_weights": [
      0.9074952296383895,
      1.2559682124876377,
      1.1672365655777093,
      0.6791476931636715,
      0.6099553323280533,
      0.6583322991515086,
      1.238114107090359
    ],
    "influence_mode_bonus": 5.414108334349687,
    "late_region_weights": [
      1.2732371518382932,
      1.032248136344001,
      0.9748684960069809,
      0.8839672815469624,
      1.1048681883024334,
      1.2048999725716638,
      0.6246521679147561
    ],
    "mid_region_weights": [
      0.9746505798415761,
      1.2527876400365257,
      1.1197315230973306,
      0.8634006898998179,
      0.9969893721908553,
      1.1357865578118733,
      0.9928992764118956
    ],
    "ops_card_penalty": 0.1516996639317525,
    "realign_mode_bonus": -1.3947098021616564,
    "space_mode_bonus": 1.0924028270789723
  },
  "proxy_score": 0.782258064516129,
  "snapshot_id": "candidate_0010",
  "source": "random_proxy_search",
  "speed_penalty": 0.2949102975609963
}
