{
  "created_process_s": 0.304996428,
  "created_wall_s": 4.828929800001788,
  "label": "random_5",
  "objective": 0.7719999309222466,
  "paired_score": 0.0,
  "params": {
    "coup_mode_bonus": 4.56529027883896,
    "early_region_weights": [
      0.7176853068544669,
      1.3821051013796224,
      1.3126821550024137,
      0.707466575818756,
      0.7282480322446366,
      0.5108314444468918,
      1.3047920783728761
    ],
    "influence_mode_bonus": 5.43158736589027,
    "late_region_weights": [
      1.1198011923830553,
      0.9753713776488102,
      1.0452272979416506,
      1.1563126717006993,
      1.1318167779521497,
      1.035574087180896,
      0.8387893568118293
    ],
    "mid_region_weights": [
      0.9369603329174159,
      1.0503896846851968,
      1.0354127323300564,
      1.0011120684192032,
      1.173989548244754,
      1.2314030814483212,
      0.8541318175933723
    ],
    "ops_card_penalty": 0.15849409071487264,
    "realign_mode_bonus": -1.0478565517279141,
    "space_mode_bonus": 1.129228680464708
  },
  "proxy_score": 0.8145161290322581,
  "snapshot_id": "candidate_0005",
  "source": "random_proxy_search",
  "speed_penalty": 0.42516198110011505
}
