{
  "created_process_s": 0.319567897,
  "created_wall_s": 4.843504332005978,
  "label": "random_26",
  "objective": 0.782258064516129,
  "paired_score": 0.0,
  "params": {
    "coup_mode_bonus": 4.423361535411414,
    "early_region_weights": [
      0.7566356233810231,
      1.3060365690111575,
      0.949180353210095,
      0.6576647405338742,
      0.41119726219588004,
      0.6340304303306057,
      1.277988787235098
    ],
    "influence_mode_bonus": 6.148182516829767,
    "late_region_weights": [
      1.3211681015500178,
      0.9959843614168843,
      0.9822365304145364,
      1.2548991219053545,
      1.1850319463655858,
      1.0668163137287658,
      0.8610244153363935
    ],
    "mid_region_weights": [
      0.9862938019777902,
      0.9632440341435204,
      0.9910097856275119,
      1.063659920274715,
      1.1225781058689506,
      1.057625972398843,
      0.8520962141536279
    ],
    "ops_card_penalty": 0.14009391889082218,
    "realign_mode_bonus": -1.0059931081619677,
    "space_mode_bonus": 1.1442028372530229
  },
  "proxy_score": 0.782258064516129,
  "snapshot_id": "candidate_0026",
  "source": "random_proxy_search",
  "speed_penalty": 0.0
}
