{
  "created_process_s": 0.334132015,
  "created_wall_s": 4.858175326007768,
  "label": "random_49",
  "objective": 0.7879933881314611,
  "paired_score": 0.0,
  "params": {
    "coup_mode_bonus": 3.519958251273821,
    "early_region_weights": [
      0.9255213722227744,
      1.0969682473669686,
      1.0128648990990061,
      0.6100338516842456,
      0.553195053580375,
      0.6465838509306541,
      1.1357667580193693
    ],
    "influence_mode_bonus": 6.015497636243249,
    "late_region_weights": [
      1.0849380724656765,
      0.9994896960212816,
      0.808151933846932,
      1.2016810178947823,
      1.0097841498771332,
      0.9493513298779134,
      0.6811878972084613
    ],
    "mid_region_weights": [
      0.8353538073360939,
      0.9499853335354121,
      0.9465988965619688,
      1.040350418993191,
      1.306304567000326,
      1.2003881008756951,
      1.0473585729550674
    ],
    "ops_card_penalty": 0.10621613736436311,
    "realign_mode_bonus": -0.9049257440624826,
    "space_mode_bonus": 0.8133148323435915
  },
  "proxy_score": 0.8145161290322581,
  "snapshot_id": "candidate_0049",
  "source": "random_proxy_search",
  "speed_penalty": 0.26522740900797026
}
