{
  "created_process_s": 0.31331800299999996,
  "created_wall_s": 4.837253189005423,
  "label": "random_18",
  "objective": 0.782258064516129,
  "paired_score": 0.0,
  "params": {
    "coup_mode_bonus": 3.8333404953512975,
    "early_region_weights": [
      0.7422403064439038,
      1.304625340977463,
      0.9670431753388459,
      0.49320282764475654,
      0.6040053468704105,
      0.6521153726196083,
      1.1668098468166006
    ],
    "influence_mode_bonus": 5.688360072515485,
    "late_region_weights": [
      1.0959439057812175,
      0.8550513293912446,
      0.781860780942226,
      1.036882230157718,
      1.0439774200788319,
      0.9376572531023493,
      0.6662824736567242
    ],
    "mid_region_weights": [
      1.0302458482338686,
      0.9117639328125375,
      1.0702124115593634,
      0.8146267165533924,
      1.098882851595409,
      1.1254266972687916,
      0.8905621206850652
    ],
    "ops_card_penalty": 0.1487838808652786,
    "realign_mode_bonus": -1.0019348493707523,
    "space_mode_bonus": 0.9415681013968704
  },
  "proxy_score": 0.782258064516129,
  "snapshot_id": "candidate_0018",
  "source": "random_proxy_search",
  "speed_penalty": 0.0
}
