{
  "20": {
    "heuristic": {
      "combined_wr": 0.48333333333333334,
      "us_wr": 0.4,
      "ussr_wr": 0.5666666666666667
    },
    "ppo_us_only_v5": {
      "combined_wr": 0.6333333333333333,
      "us_wr": 0.6,
      "ussr_wr": 0.6666666666666666
    },
    "ppo_ussr_only_v5": {
      "combined_wr": 0.4,
      "us_wr": 0.2,
      "ussr_wr": 0.6
    },
    "v56": {
      "combined_wr": 0.5,
      "us_wr": 0.4,
      "ussr_wr": 0.6
    }
  },
  "40": {
    "heuristic": {
      "combined_wr": 0.4166666666666667,
      "us_wr": 0.4,
      "ussr_wr": 0.43333333333333335
    },
    "ppo_us_only_v5": {
      "combined_wr": 0.4166666666666667,
      "us_wr": 0.23333333333333334,
      "ussr_wr": 0.6
    },
    "ppo_ussr_only_v5": {
      "combined_wr": 0.5,
      "us_wr": 0.23333333333333334,
      "ussr_wr": 0.7666666666666667
    },
    "v56": {
      "combined_wr": 0.48333333333333334,
      "us_wr": 0.23333333333333334,
      "ussr_wr": 0.7333333333333333
    }
  },
  "60": {
    "heuristic": {
      "combined_wr": 0.4,
      "us_wr": 0.3,
      "ussr_wr": 0.5
    },
    "ppo_us_only_v5": {
      "combined_wr": 0.48333333333333334,
      "us_wr": 0.3,
      "ussr_wr": 0.6666666666666666
    },
    "ppo_ussr_only_v5": {
      "combined_wr": 0.45,
      "us_wr": 0.23333333333333334,
      "ussr_wr": 0.6666666666666666
    },
    "v56": {
      "combined_wr": 0.43333333333333335,
      "us_wr": 0.3,
      "ussr_wr": 0.5666666666666667
    }
  },
  "80": {
    "heuristic": {
      "combined_wr": 0.5833333333333334,
      "us_wr": 0.5666666666666667,
      "ussr_wr": 0.6
    },
    "ppo_us_only_v5": {
      "combined_wr": 0.5333333333333333,
      "us_wr": 0.4666666666666667,
      "ussr_wr": 0.6
    },
    "ppo_ussr_only_v5": {
      "combined_wr": 0.48333333333333334,
      "us_wr": 0.16666666666666666,
      "ussr_wr": 0.8
    },
    "v56": {
      "combined_wr": 0.48333333333333334,
      "us_wr": 0.36666666666666664,
      "ussr_wr": 0.6
    }
  }
}
