{
  "10": {
    "heuristic": {
      "combined_wr": 0.16666666666666666,
      "us_wr": 0.03333333333333333,
      "ussr_wr": 0.3
    },
    "v56": {
      "combined_wr": 0.23333333333333334,
      "us_wr": 0.1,
      "ussr_wr": 0.36666666666666664
    }
  },
  "20": {
    "heuristic": {
      "combined_wr": 0.2833333333333333,
      "us_wr": 0.1,
      "ussr_wr": 0.4666666666666667
    },
    "v56": {
      "combined_wr": 0.2833333333333333,
      "us_wr": 0.13333333333333333,
      "ussr_wr": 0.43333333333333335
    }
  },
  "30": {
    "heuristic": {
      "combined_wr": 0.2,
      "us_wr": 0.03333333333333333,
      "ussr_wr": 0.36666666666666664
    },
    "v56": {
      "combined_wr": 0.2,
      "us_wr": 0.06666666666666667,
      "ussr_wr": 0.3333333333333333
    }
  },
  "40": {
    "heuristic": {
      "combined_wr": 0.15,
      "us_wr": 0.06666666666666667,
      "ussr_wr": 0.23333333333333334
    },
    "v56": {
      "combined_wr": 0.16666666666666666,
      "us_wr": 0.06666666666666667,
      "ussr_wr": 0.26666666666666666
    }
  }
}
