{
  "created_process_s": 2.320317387,
  "created_wall_s": 2.316123668992077,
  "label": "spsa_4_plus",
  "objective": 0.8726619954579737,
  "paired_score": 0.0,
  "params": {
    "coup_mode_bonus": 4.0046410161513775,
    "early_region_weights": [
      0.8515470053837925,
      1.3515470053837926,
      1.0784529946162076,
      0.6015470053837925,
      0.5484529946162076,
      0.6284529946162075,
      1.2715470053837925
    ],
    "influence_mode_bonus": 6.064641016151378,
    "late_region_weights": [
      1.1015470053837926,
      0.9715470053837925,
      0.9515470053837924,
      1.0484529946162076,
      1.1015470053837926,
      0.9784529946162075,
      0.7515470053837925
    ],
    "mid_region_weights": [
      0.9284529946162074,
      1.0215470053837925,
      0.9784529946162075,
      0.9484529946162075,
      1.1984529946162075,
      1.2215470053837925,
      0.9015470053837925
    ],
    "ops_card_penalty": 0.14953589838486225,
    "realign_mode_bonus": -1.043094010767585,
    "space_mode_bonus": 0.956905989232415
  },
  "proxy_score": 0.8790322580645161,
  "snapshot_id": "candidate_0015",
  "source": "proxy_spsa",
  "speed_penalty": 0.06370262606542432
}
