{
  "created_process_s": 2.457854819,
  "created_wall_s": 2.453281045993208,
  "label": "spsa_4_minus",
  "objective": 0.8348343322037033,
  "paired_score": 0.0,
  "params": {
    "coup_mode_bonus": 4.064641016151378,
    "early_region_weights": [
      0.8715470053837925,
      1.3715470053837926,
      1.0984529946162076,
      0.6215470053837925,
      0.5284529946162075,
      0.6484529946162075,
      1.2515470053837925
    ],
    "influence_mode_bonus": 6.0046410161513775,
    "late_region_weights": [
      1.1215470053837926,
      0.9515470053837924,
      0.9715470053837925,
      1.0284529946162075,
      1.1215470053837926,
      0.9984529946162075,
      0.7715470053837925
    ],
    "mid_region_weights": [
      0.9484529946162075,
      1.0015470053837925,
      0.9984529946162075,
      0.9284529946162074,
      1.1784529946162074,
      1.2015470053837924,
      0.9215470053837925
    ],
    "ops_card_penalty": 0.14353589838486225,
    "realign_mode_bonus": -1.003094010767585,
    "space_mode_bonus": 0.996905989232415
  },
  "proxy_score": 0.8467741935483871,
  "snapshot_id": "candidate_0016",
  "source": "proxy_spsa",
  "speed_penalty": 0.11939861344683877
}
