{
  "created_process_s": 0.329481888,
  "created_wall_s": 0.33072919500409625,
  "label": "random_1",
  "objective": 0.7713191334161057,
  "paired_score": 0.0,
  "params": {
    "coup_mode_bonus": 4.384768923073103,
    "early_region_weights": [
      0.8898084786287699,
      1.348913891587636,
      0.9598487558591104,
      0.5545973222818695,
      0.4740409344879982,
      0.7880582188442256,
      1.1030505151209602
    ],
    "influence_mode_bonus": 5.748153299481509,
    "late_region_weights": [
      1.158745942809895,
      0.9202844715689454,
      0.806351040433313,
      1.0514177323876672,
      1.2195112945787443,
      1.0075022580459991,
      0.8529975415810374
    ],
    "mid_region_weights": [
      0.9426329904790307,
      0.9538573300057995,
      0.9354105419528117,
      0.9782911398240896,
      1.0086703816216622,
      1.1992457096563593,
      0.8122899485762988
    ],
    "ops_card_penalty": 0.185005164866974,
    "realign_mode_bonus": -1.184110695183112,
    "space_mode_bonus": 1.117749218470725
  },
  "proxy_score": 0.782258064516129,
  "snapshot_id": "candidate_0001",
  "source": "random_proxy_search",
  "speed_penalty": 0.10938931100023352
}
