{
  "created_process_s": 1.924650646,
  "created_wall_s": 1.921545001998311,
  "label": "spsa_2_minus",
  "objective": 0.8330884103494292,
  "paired_score": 0.0,
  "params": {
    "coup_mode_bonus": 4.042426406871193,
    "early_region_weights": [
      0.8641421356237309,
      1.335857864376269,
      1.114142135623731,
      0.5858578643762691,
      0.564142135623731,
      0.6358578643762691,
      1.235857864376269
    ],
    "influence_mode_bonus": 5.957573593128807,
    "late_region_weights": [
      1.085857864376269,
      0.9641421356237309,
      0.935857864376269,
      1.035857864376269,
      1.114142135623731,
      1.014142135623731,
      0.7358578643762691
    ],
    "mid_region_weights": [
      0.935857864376269,
      1.014142135623731,
      1.014142135623731,
      0.9641421356237309,
      1.185857864376269,
      1.185857864376269,
      0.8858578643762691
    ],
    "ops_card_penalty": 0.1542426406871193,
    "realign_mode_bonus": -1.0282842712474618,
    "space_mode_bonus": 1.0282842712474618
  },
  "proxy_score": 0.8467741935483871,
  "snapshot_id": "candidate_0012",
  "source": "proxy_spsa",
  "speed_penalty": 0.13685783198957924
}
