{
  "created_process_s": 0.749687405,
  "created_wall_s": 0.7497827070037602,
  "label": "random_4",
  "objective": 0.8651477164747097,
  "paired_score": 0.0,
  "params": {
    "coup_mode_bonus": 3.5709572765396733,
    "early_region_weights": [
      0.6326652976466101,
      1.2504237050080453,
      1.3539963971962363,
      0.5150525426885104,
      0.572768080390082,
      0.4172512917478862,
      1.137422633565742
    ],
    "influence_mode_bonus": 5.755911958147088,
    "late_region_weights": [
      1.155999209160127,
      0.9746272294092961,
      1.0046577158052366,
      1.037667651882884,
      1.1011809719171954,
      0.9950476012404633,
      0.658106064211394
    ],
    "mid_region_weights": [
      0.8797449965336759,
      1.105182730675794,
      1.0833704618723456,
      1.014784230490556,
      1.349712359616833,
      1.2751273944244743,
      0.7522256800498995
    ],
    "ops_card_penalty": 0.1289246158082513,
    "realign_mode_bonus": -0.9371082174266003,
    "space_mode_bonus": 1.0673609797256765
  },
  "proxy_score": 0.8790322580645161,
  "snapshot_id": "candidate_0004",
  "source": "random_proxy_search",
  "speed_penalty": 0.13884541589806432
}
