{
  "created_process_s": 1.7853981339999998,
  "created_wall_s": 1.7826746689970605,
  "label": "spsa_2_plus",
  "objective": 0.8251334448060335,
  "paired_score": 0.0,
  "params": {
    "coup_mode_bonus": 3.957573593128807,
    "early_region_weights": [
      0.8358578643762691,
      1.364142135623731,
      1.085857864376269,
      0.6141421356237309,
      0.5358578643762691,
      0.6641421356237309,
      1.264142135623731
    ],
    "influence_mode_bonus": 6.042426406871193,
    "late_region_weights": [
      1.114142135623731,
      0.935857864376269,
      0.9641421356237309,
      1.064142135623731,
      1.085857864376269,
      0.9858578643762691,
      0.7641421356237309
    ],
    "mid_region_weights": [
      0.9641421356237309,
      0.9858578643762691,
      0.9858578643762691,
      0.935857864376269,
      1.214142135623731,
      1.214142135623731,
      0.9141421356237309
    ],
    "ops_card_penalty": 0.1457573593128807,
    "realign_mode_bonus": -0.9717157287525381,
    "space_mode_bonus": 0.9717157287525381
  },
  "proxy_score": 0.8467741935483871,
  "snapshot_id": "candidate_0011",
  "source": "proxy_spsa",
  "speed_penalty": 0.2164074874235371
}
