{
  "created_process_s": 1.642088274,
  "created_wall_s": 1.6397365519951563,
  "label": "spsa_1_minus",
  "objective": 0.7949377671740584,
  "paired_score": 0.0,
  "params": {
    "coup_mode_bonus": 4.06,
    "early_region_weights": [
      0.87,
      1.37,
      1.12,
      0.62,
      0.5700000000000001,
      0.63,
      1.23
    ],
    "influence_mode_bonus": 5.94,
    "late_region_weights": [
      1.12,
      0.9299999999999999,
      0.97,
      1.07,
      1.08,
      1.02,
      0.73
    ],
    "mid_region_weights": [
      0.97,
      1.02,
      1.02,
      0.97,
      1.22,
      1.18,
      0.88
    ],
    "ops_card_penalty": 0.144,
    "realign_mode_bonus": -1.04,
    "space_mode_bonus": 0.96
  },
  "proxy_score": 0.8145161290322581,
  "snapshot_id": "candidate_0010",
  "source": "proxy_spsa",
  "speed_penalty": 0.19578361858199722
}
