{
  "created_process_s": 2.18361953,
  "created_wall_s": 2.179802448998089,
  "label": "spsa_3_minus",
  "objective": 0.8348101108040449,
  "paired_score": 0.0,
  "params": {
    "coup_mode_bonus": 3.9653589838486223,
    "early_region_weights": [
      0.8384529946162075,
      1.3384529946162076,
      1.1115470053837926,
      0.5884529946162075,
      0.5615470053837925,
      0.6615470053837925,
      1.2384529946162075
    ],
    "influence_mode_bonus": 5.965358983848622,
    "late_region_weights": [
      1.0884529946162076,
      0.9384529946162075,
      0.9384529946162075,
      1.0615470053837925,
      1.0884529946162076,
      1.0115470053837925,
      0.7384529946162075
    ],
    "mid_region_weights": [
      0.9615470053837925,
      0.9884529946162075,
      1.0115470053837925,
      0.9615470053837925,
      1.2115470053837925,
      1.1884529946162075,
      0.8884529946162075
    ],
    "ops_card_penalty": 0.15346410161513774,
    "realign_mode_bonus": -0.976905989232415,
    "space_mode_bonus": 1.023094010767585
  },
  "proxy_score": 0.8467741935483871,
  "snapshot_id": "candidate_0014",
  "source": "proxy_spsa",
  "speed_penalty": 0.11964082744342242
}
