{
  "created_process_s": 2.049910906,
  "created_wall_s": 2.046460480996757,
  "label": "spsa_3_plus",
  "objective": 0.8783238375651498,
  "paired_score": 0.0,
  "params": {
    "coup_mode_bonus": 4.034641016151378,
    "early_region_weights": [
      0.8615470053837925,
      1.3615470053837926,
      1.0884529946162076,
      0.6115470053837925,
      0.5384529946162075,
      0.6384529946162075,
      1.2615470053837925
    ],
    "influence_mode_bonus": 6.034641016151378,
    "late_region_weights": [
      1.1115470053837926,
      0.9615470053837925,
      0.9615470053837925,
      1.0384529946162075,
      1.1115470053837926,
      0.9884529946162075,
      0.7615470053837925
    ],
    "mid_region_weights": [
      0.9384529946162075,
      1.0115470053837925,
      0.9884529946162075,
      0.9384529946162075,
      1.1884529946162075,
      1.2115470053837925,
      0.9115470053837925
    ],
    "ops_card_penalty": 0.14653589838486225,
    "realign_mode_bonus": -1.023094010767585,
    "space_mode_bonus": 0.976905989232415
  },
  "proxy_score": 0.8790322580645161,
  "snapshot_id": "candidate_0013",
  "source": "proxy_spsa",
  "speed_penalty": 0.007084204993664134
}
