{
  "created_process_s": 1.352147113,
  "created_wall_s": 1.3505900360032683,
  "label": "random_8",
  "objective": 0.7326216434788859,
  "paired_score": 0.0,
  "params": {
    "coup_mode_bonus": 4.094209244344964,
    "early_region_weights": [
      0.7792443049336936,
      1.2519881292181951,
      1.010014341976642,
      0.5569462795988287,
      0.49698961603204156,
      0.6465252197882392,
      1.3881866410153316
    ],
    "influence_mode_bonus": 5.921968644734262,
    "late_region_weights": [
      1.2782480322446368,
      0.8108314444468917,
      1.004792078372876,
      1.036960332917416,
      1.1503896846851969,
      1.0354127323300564,
      0.8011120684192032
    ],
    "mid_region_weights": [
      1.0293707257710512,
      0.8083385215865649,
      1.1997840089467613,
      0.8176853068544668,
      1.2321051013796223,
      1.4126821550024138,
      1.0074665758187562
    ],
    "ops_card_penalty": 0.15761141329464307,
    "realign_mode_bonus": -1.0917363648132554,
    "space_mode_bonus": 1.0396023847661102
  },
  "proxy_score": 0.75,
  "snapshot_id": "candidate_0008",
  "source": "random_proxy_search",
  "speed_penalty": 0.17378356521114102
}
