{
  "created_process_s": 0.33199091,
  "created_wall_s": 4.8560336280061165,
  "label": "random_45",
  "objective": 0.8790322580645161,
  "paired_score": 0.0,
  "params": {
    "coup_mode_bonus": 3.4134584373651533,
    "early_region_weights": [
      0.9731100724750426,
      1.4424056003250585,
      1.0836368858600034,
      0.4846578806463338,
      0.38546958181662666,
      0.4768597025575921,
      1.3907175681901645
    ],
    "influence_mode_bonus": 5.628449436891172,
    "late_region_weights": [
      1.1263613648163242,
      1.0328869591578718,
      0.8308228190412894,
      1.07213629152623,
      1.1101512490790524,
      0.9579935150191491,
      0.6417999436288073
    ],
    "mid_region_weights": [
      0.9301050009062993,
      1.044881786673495,
      1.026458303169128,
      0.755788534325287,
      1.1986318152562492,
      1.151174924569932,
      0.7585916799650226
    ],
    "ops_card_penalty": 0.1975231000227255,
    "realign_mode_bonus": -0.9638234563639545,
    "space_mode_bonus": 1.1792339504041172
  },
  "proxy_score": 0.8790322580645161,
  "snapshot_id": "candidate_0045",
  "source": "random_proxy_search",
  "speed_penalty": 0.0
}
