{
  "created_process_s": 0.33532899899999996,
  "created_wall_s": 4.8593725910031935,
  "label": "random_51",
  "objective": 0.8467741935483871,
  "paired_score": 0.0,
  "params": {
    "coup_mode_bonus": 4.005123831552951,
    "early_region_weights": [
      0.9498152239129443,
      1.3690134538982068,
      1.0042397159080427,
      0.611868669862552,
      0.7592055507578483,
      0.5957949097722508,
      1.123619735587191
    ],
    "influence_mode_bonus": 6.224326670397527,
    "late_region_weights": [
      1.1855417067258613,
      0.9049910353784644,
      1.0592835168420123,
      1.1122472124850562,
      1.215262921765302,
      1.0761295885782602,
      0.8516847518053579
    ],
    "mid_region_weights": [
      0.929378727218801,
      1.0630133001476034,
      1.07573163451191,
      1.0228466268802405,
      1.1392531484831967,
      1.455598108668991,
      0.8913189761488965
    ],
    "ops_card_penalty": 0.16740883134898765,
    "realign_mode_bonus": -0.9130887489586799,
    "space_mode_bonus": 1.2912491989066095
  },
  "proxy_score": 0.8467741935483871,
  "snapshot_id": "candidate_0051",
  "source": "random_proxy_search",
  "speed_penalty": 0.0
}
