{
  "created_process_s": 0.8942156250000001,
  "created_wall_s": 5.418334265996236,
  "label": "spsa_2_plus",
  "objective": 0.8636744182181245,
  "paired_score": 0.0,
  "params": {
    "coup_mode_bonus": 3.3710320304939603,
    "early_region_weights": [
      0.9872522080987735,
      1.4565477359487895,
      1.0694947502362724,
      0.49880001627006476,
      0.3713274461928957,
      0.4627175669338611,
      1.3765754325664334
    ],
    "influence_mode_bonus": 5.586023030019979,
    "late_region_weights": [
      1.1405035004400552,
      1.0187448235341408,
      0.8449649546650203,
      1.086278427149961,
      1.0960091134553214,
      0.9438513793954182,
      0.6559420792525382
    ],
    "mid_region_weights": [
      0.9159628652825684,
      1.059023922297226,
      1.0123161675453969,
      0.7699306699490179,
      1.1844896796325182,
      1.165317060193663,
      0.7444495443412917
    ],
    "ops_card_penalty": 0.2017657407098448,
    "realign_mode_bonus": -0.9921077276114164,
    "space_mode_bonus": 1.207518221651579
  },
  "proxy_score": 0.8790322580645161,
  "snapshot_id": "candidate_0063",
  "source": "proxy_spsa",
  "speed_penalty": 0.15357839846391608
}
