{
  "created_process_s": 0.328773862,
  "created_wall_s": 4.852815124002518,
  "label": "random_41",
  "objective": 0.8467741935483871,
  "paired_score": 0.0,
  "params": {
    "coup_mode_bonus": 3.7404529899149486,
    "early_region_weights": [
      0.8846904479250061,
      1.361065511406663,
      1.114991595331213,
      0.6062000493091694,
      0.49281987421017326,
      0.7050698813034033,
      1.183487173479992
    ],
    "influence_mode_bonus": 5.453205910005592,
    "late_region_weights": [
      1.0787236070912496,
      1.0329874862782376,
      0.8643413450354324,
      1.1567549734818214,
      0.9778398194624482,
      0.9103773394023497,
      0.5751235305615676
    ],
    "mid_region_weights": [
      0.9553616041672566,
      1.0463682260316811,
      1.1492821569339744,
      0.9473379155226676,
      1.1292635524350345,
      1.307219162001522,
      0.7936035685846843
    ],
    "ops_card_penalty": 0.19376730873323073,
    "realign_mode_bonus": -0.6595048232941374,
    "space_mode_bonus": 0.7432540870433427
  },
  "proxy_score": 0.8467741935483871,
  "snapshot_id": "candidate_0041",
  "source": "random_proxy_search",
  "speed_penalty": 0.0
}
