{
  "created_process_s": 0.340492921,
  "created_wall_s": 4.864537917004782,
  "label": "random_60",
  "objective": 0.8790322580645161,
  "paired_score": 0.0,
  "params": {
    "coup_mode_bonus": 4.040727990384924,
    "early_region_weights": [
      0.785931201264587,
      1.434972624292132,
      1.05563368360712,
      0.4017299314479501,
      0.4110610072075195,
      0.5467945033987083,
      1.3211390762540927
    ],
    "influence_mode_bonus": 6.0710136191793,
    "late_region_weights": [
      1.1360310555020943,
      0.9566947906354824,
      1.1263201876064275,
      1.0771926068029185,
      0.8776682434398979,
      0.8900944445023675,
      0.9027999023842079
    ],
    "mid_region_weights": [
      0.9431366367484854,
      1.1171416527731899,
      1.0297826280465137,
      1.102390165495386,
      1.2229086343520608,
      1.3838032596405494,
      1.0482311576254308
    ],
    "ops_card_penalty": 0.11063479934097106,
    "realign_mode_bonus": -0.8955576560281422,
    "space_mode_bonus": 0.8908472158201716
  },
  "proxy_score": 0.8790322580645161,
  "snapshot_id": "candidate_0060",
  "source": "random_proxy_search",
  "speed_penalty": 0.0
}
