{
  "created_process_s": 0.33350502699999995,
  "created_wall_s": 4.857548671003315,
  "label": "random_48",
  "objective": 0.8321275098245171,
  "paired_score": 0.0,
  "params": {
    "coup_mode_bonus": 4.228017879562967,
    "early_region_weights": [
      0.8105914148501228,
      1.3850121054766071,
      0.9793118592627752,
      0.6702005156270223,
      0.5901350287337812,
      0.6986876769565956,
      1.2319410037412184
    ],
    "influence_mode_bonus": 5.922963247150716,
    "late_region_weights": [
      1.0385556842110393,
      0.9392502183006466,
      1.0521951760666863,
      1.009690180228181,
      1.0780773534108885,
      0.9468513572389469,
      0.8682070549973424
    ],
    "mid_region_weights": [
      0.8763382595346436,
      1.0986349974334142,
      0.9585066016246317,
      0.9363004861630627,
      1.2009191788745517,
      1.2966464892663017,
      0.8475324856589189
    ],
    "ops_card_penalty": 0.1276421819867555,
    "realign_mode_bonus": -0.8461282640134167,
    "space_mode_bonus": 0.933163607744654
  },
  "proxy_score": 0.8467741935483871,
  "snapshot_id": "candidate_0048",
  "source": "random_proxy_search",
  "speed_penalty": 0.14646683723870035
}
