{
  "created_process_s": 4.842099638,
  "created_wall_s": 9.36112713199691,
  "label": "spsa_16_plus",
  "objective": 0.8459934825658506,
  "paired_score": 0.0,
  "params": {
    "coup_mode_bonus": 3.398458437365153,
    "early_region_weights": [
      0.9781100724750426,
      1.4474056003250584,
      1.0886368858600033,
      0.4896578806463338,
      0.38046958181662666,
      0.4818597025575921,
      1.3857175681901646
    ],
    "influence_mode_bonus": 5.643449436891172,
    "late_region_weights": [
      1.1213613648163243,
      1.0378869591578717,
      0.8258228190412894,
      1.07713629152623,
      1.1051512490790525,
      0.9529935150191491,
      0.6467999436288073
    ],
    "mid_region_weights": [
      0.9251050009062993,
      1.039881786673495,
      1.0314583031691278,
      0.750788534325287,
      1.203631815256249,
      1.156174924569932,
      0.7535916799650226
    ],
    "ops_card_penalty": 0.1960231000227255,
    "realign_mode_bonus": -0.9538234563639545,
    "space_mode_bonus": 1.1692339504041172
  },
  "proxy_score": 0.8790322580645161,
  "snapshot_id": "candidate_0091",
  "source": "proxy_spsa",
  "speed_penalty": 0.3303877549866554
}
