{
  "created_process_s": 2.6520794079999996,
  "created_wall_s": 7.175965364003787,
  "label": "spsa_8_plus",
  "objective": 0.8728416566225815,
  "paired_score": 0.0,
  "params": {
    "coup_mode_bonus": 3.4346716408007496,
    "early_region_weights": [
      0.966039004663177,
      1.449476668136924,
      1.090707953671869,
      0.49172894845819926,
      0.3783985140047612,
      0.48393077036945753,
      1.39778863600203
    ],
    "influence_mode_bonus": 5.607236233455575,
    "late_region_weights": [
      1.1334324326281897,
      1.0258158913460063,
      0.8237517512294239,
      1.0792073593380955,
      1.1030801812671869,
      0.9509224472072836,
      0.6347288758169418
    ],
    "mid_region_weights": [
      0.9230339330944338,
      1.0519528544853605,
      1.0193872353572624,
      0.7628596021371525,
      1.2057028830681147,
      1.1582459923817976,
      0.7515206121531571
    ],
    "ops_card_penalty": 0.19540177967916586,
    "realign_mode_bonus": -0.9496813207402236,
    "space_mode_bonus": 1.1650918147803861
  },
  "proxy_score": 0.8790322580645161,
  "snapshot_id": "candidate_0075",
  "source": "proxy_spsa",
  "speed_penalty": 0.061906014419345956
}
