{
  "created_process_s": 3.542611854,
  "created_wall_s": 8.066027909997501,
  "label": "spsa_11_minus",
  "objective": 0.8753926723902535,
  "paired_score": 0.0,
  "params": {
    "coup_mode_bonus": 3.431549118039819,
    "early_region_weights": [
      0.9670798455834873,
      1.4484358272166138,
      1.0896671127515587,
      0.49068810753788905,
      0.3914998087081819,
      0.4828899294491473,
      1.3967477950817198
    ],
    "influence_mode_bonus": 5.646540117565838,
    "late_region_weights": [
      1.120331137924769,
      1.0268567322663165,
      0.8247925921497341,
      1.0781665184177853,
      1.104121022187497,
      0.9640237419107044,
      0.635769716737252
    ],
    "mid_region_weights": [
      0.924074774014744,
      1.0388515597819397,
      1.0324885300606832,
      0.7618187612168423,
      1.2046620421478045,
      1.1572051514614874,
      0.7525614530734673
    ],
    "ops_card_penalty": 0.1957140319552589,
    "realign_mode_bonus": -0.9517630025808439,
    "space_mode_bonus": 1.1912944041872278
  },
  "proxy_score": 0.8790322580645161,
  "snapshot_id": "candidate_0082",
  "source": "proxy_spsa",
  "speed_penalty": 0.03639585674262591
}
