{
  "created_process_s": 0.31809256999999996,
  "created_wall_s": 4.842029139996157,
  "label": "random_24",
  "objective": 0.8467741935483871,
  "paired_score": 0.0,
  "params": {
    "coup_mode_bonus": 3.6873405365913916,
    "early_region_weights": [
      0.9293549374542811,
      1.4469181321126376,
      0.9296149832948389,
      0.7686159391663646,
      0.35496669232850825,
      0.5571363768896394,
      1.3738623320452314
    ],
    "influence_mode_bonus": 5.918634461918423,
    "late_region_weights": [
      1.0038610663436371,
      1.1599749050395725,
      0.9667726745538765,
      0.9043672875575255,
      0.9882013692716782,
      0.9649294112008282,
      0.8504800910229231
    ],
    "mid_region_weights": [
      1.0230196736262798,
      0.989680473688145,
      0.9457447973149932,
      0.7827094302251634,
      1.2495726823966333,
      1.1656798605823047,
      0.8438083708880076
    ],
    "ops_card_penalty": 0.16038823205147942,
    "realign_mode_bonus": -0.992632756356598,
    "space_mode_bonus": 0.7781856808250153
  },
  "proxy_score": 0.8467741935483871,
  "snapshot_id": "candidate_0024",
  "source": "random_proxy_search",
  "speed_penalty": 0.0
}
