{
  "label": "consensus_mean",
  "params": {
    "access_bonus": 1.5019575361767326,
    "china_asia_target_bonus": 1.3692404006751777,
    "china_early_penalty": -2.6681232642851263,
    "control_break_bonus": 5.2250217055282135,
    "country_battleground_bonus": 6.994872385995246,
    "country_europe_core_bonus": 1.9532186928388553,
    "country_mid_war_entry_bonus": 2.0437026256411293,
    "country_non_battleground_bonus": 1.0329985634493137,
    "country_region_scale": 4.890735041313234,
    "country_stability_scale": 0.5552302017129301,
    "country_thailand_early_bonus": 5.997024804722455,
    "coup_battleground_bonus": 2.4865683112686434,
    "coup_defcon2_penalty": -8.405678359594255,
    "coup_defcon3_penalty": -2.439637260625508,
    "coup_mode_bonus": 3.6449486061681817,
    "early_region_weights": [
      0.8900676628657994,
      1.3531945579999283,
      1.048938510365246,
      0.630106561984625,
      0.4018038395272996,
      0.5312549511328778,
      1.3082808667293229
    ],
    "headline_friendly_bonus": 1.9900817734293206,
    "headline_ops_scale": 0.7603763604082872,
    "influence_mode_bonus": 5.959527660146463,
    "late_region_weights": [
      1.098879022159508,
      1.0384885801303745,
      0.8931731568627281,
      0.9818705470595203,
      1.1012799722175726,
      1.0278038817684751,
      0.7165973766974544
    ],
    "mid_region_weights": [
      0.9514555466447604,
      1.0272765147409755,
      1.0071598388634408,
      0.8623870310771399,
      1.173528132505729,
      1.2254282884472405,
      0.7262931052483029
    ],
    "ops_card_penalty": 0.17781885838100872,
    "realign_base_penalty": -4.041606597366061,
    "realign_country_scale": 0.5688587636318461,
    "realign_defcon2_bonus": 1.89761897591785,
    "realign_mode_bonus": -1.0221110928235009,
    "space_early_bonus": 0.9977969263045491,
    "space_mode_bonus": 1.0295784433774797,
    "space_offside_bonus": 2.0738982391664607,
    "space_when_behind_bonus": 2.0051489028254554
  },
  "snapshot_id": "consensus_001",
  "source": "manual_consensus_blend"
}
