{
  "label": "consensus_shrink_050",
  "params": {
    "access_bonus": 1.5009787680883662,
    "china_asia_target_bonus": 1.434620200337589,
    "china_early_penalty": -2.5840616321425633,
    "control_break_bonus": 5.112510852764107,
    "country_battleground_bonus": 6.997436192997624,
    "country_europe_core_bonus": 1.9766093464194276,
    "country_mid_war_entry_bonus": 2.021851312820565,
    "country_non_battleground_bonus": 1.016499281724657,
    "country_region_scale": 4.945367520656617,
    "country_stability_scale": 0.5776151008564651,
    "country_thailand_early_bonus": 5.998512402361227,
    "coup_battleground_bonus": 2.4932841556343215,
    "coup_defcon2_penalty": -8.202839179797127,
    "coup_defcon3_penalty": -2.469818630312754,
    "coup_mode_bonus": 3.822474303084091,
    "early_region_weights": [
      0.8700338314328997,
      1.3515972789999642,
      1.0744692551826232,
      0.6150532809923125,
      0.4759019197636498,
      0.5906274755664389,
      1.2791404333646614
    ],
    "headline_friendly_bonus": 1.9950408867146603,
    "headline_ops_scale": 0.7551881802041436,
    "influence_mode_bonus": 5.979763830073232,
    "late_region_weights": [
      1.099439511079754,
      0.9942442900651872,
      0.921586578431364,
      1.0159352735297602,
      1.1006399861087863,
      1.0139019408842376,
      0.7332986883487271
    ],
    "mid_region_weights": [
      0.9507277733223802,
      1.0136382573704878,
      1.0035799194317203,
      0.9061935155385699,
      1.1867640662528645,
      1.2127141442236202,
      0.8131465526241515
    ],
    "ops_card_penalty": 0.16390942919050436,
    "realign_base_penalty": -4.020803298683031,
    "realign_country_scale": 0.559429381815923,
    "realign_defcon2_bonus": 1.948809487958925,
    "realign_mode_bonus": -1.0110555464117503,
    "space_early_bonus": 0.9988984631522746,
    "space_mode_bonus": 1.0147892216887398,
    "space_offside_bonus": 2.0369491195832303,
    "space_when_behind_bonus": 2.0025744514127277
  },
  "snapshot_id": "consensus_003",
  "source": "manual_consensus_blend"
}
