{
  "label": "consensus_shrink_075",
  "params": {
    "access_bonus": 1.5014681521325495,
    "china_asia_target_bonus": 1.4019303005063832,
    "china_early_penalty": -2.6260924482138446,
    "control_break_bonus": 5.16876627914616,
    "country_battleground_bonus": 6.996154289496435,
    "country_europe_core_bonus": 1.9649140196291415,
    "country_mid_war_entry_bonus": 2.032776969230847,
    "country_non_battleground_bonus": 1.0247489225869852,
    "country_region_scale": 4.918051280984925,
    "country_stability_scale": 0.5664226512846976,
    "country_thailand_early_bonus": 5.997768603541841,
    "coup_battleground_bonus": 2.4899262334514827,
    "coup_defcon2_penalty": -8.304258769695691,
    "coup_defcon3_penalty": -2.454727945469131,
    "coup_mode_bonus": 3.7337114546261363,
    "early_region_weights": [
      0.8800507471493495,
      1.3523959184999463,
      1.0617038827739345,
      0.6225799214884687,
      0.4388528796454747,
      0.5609412133496583,
      1.2937106500469921
    ],
    "headline_friendly_bonus": 1.9925613300719904,
    "headline_ops_scale": 0.7577822703062154,
    "influence_mode_bonus": 5.9696457451098475,
    "late_region_weights": [
      1.099159266619631,
      1.0163664350977808,
      0.9073798676470461,
      0.9989029102946402,
      1.1009599791631794,
      1.0208529113263562,
      0.7249480325230908
    ],
    "mid_region_weights": [
      0.9510916599835703,
      1.0204573860557316,
      1.0053698791475807,
      0.8842902733078549,
      1.1801460993792967,
      1.2190712163354305,
      0.7697198289362273
    ],
    "ops_card_penalty": 0.17086414378575654,
    "realign_base_penalty": -4.031204948024546,
    "realign_country_scale": 0.5641440727238846,
    "realign_defcon2_bonus": 1.9232142319383874,
    "realign_mode_bonus": -1.0165833196176257,
    "space_early_bonus": 0.9983476947284118,
    "space_mode_bonus": 1.0221838325331098,
    "space_offside_bonus": 2.0554236793748455,
    "space_when_behind_bonus": 2.0038616771190916
  },
  "snapshot_id": "consensus_002",
  "source": "manual_consensus_blend"
}
