{
  "created_process_s": 4.02864274,
  "created_wall_s": 10.120845877987449,
  "label": "spsa_17_plus",
  "objective": 0.878248454463041,
  "paired_score": 0.0,
  "params": {
    "access_bonus": 1.7140826786170271,
    "china_asia_target_bonus": 1.5212743720031914,
    "china_early_penalty": -2.9384011846015268,
    "control_break_bonus": 5.069465920496261,
    "country_battleground_bonus": 6.821047855691727,
    "country_europe_core_bonus": 1.8530592510595447,
    "country_mid_war_entry_bonus": 1.8298697016303664,
    "country_non_battleground_bonus": 0.9664151964110543,
    "country_region_scale": 5.154274743826167,
    "country_stability_scale": 0.5607274459701033,
    "country_thailand_early_bonus": 5.735187429656272,
    "coup_battleground_bonus": 2.244275227922542,
    "coup_defcon2_penalty": -7.726067412857532,
    "coup_defcon3_penalty": -2.314743225213676,
    "coup_mode_bonus": 3.8889245663878755,
    "early_region_weights": [
      0.8605489446318173,
      1.4133946013218326,
      1.0049381696745572,
      0.7243884824794702,
      0.6436394448412859,
      0.662323066504211,
      1.411062406956928
    ],
    "headline_friendly_bonus": 1.8534019396251116,
    "headline_ops_scale": 0.716725824312427,
    "influence_mode_bonus": 6.179948289951675,
    "late_region_weights": [
      1.258248483216673,
      1.0864175176938538,
      0.9713296812920924,
      0.9037002006093798,
      1.287673918487235,
      1.0208191813318201,
      0.9326697160940612
    ],
    "mid_region_weights": [
      0.8931530863167113,
      0.9850495504007267,
      1.104689193546879,
      0.905627584526592,
      1.327744162906086,
      1.146867978875226,
      0.8885562767857399
    ],
    "ops_card_penalty": 0.1447146961841076,
    "realign_base_penalty": -4.070705688366212,
    "realign_country_scale": 0.6185069974268668,
    "realign_defcon2_bonus": 2.2317095852171036,
    "realign_mode_bonus": -1.0461244230015299,
    "space_early_bonus": 0.9905354479295361,
    "space_mode_bonus": 0.859182921086381,
    "space_offside_bonus": 2.011625179981995,
    "space_when_behind_bonus": 1.8979331047584667
  },
  "proxy_score": 0.8790322580645161,
  "snapshot_id": "candidate_0153",
  "source": "proxy_spsa",
  "speed_penalty": 0.007838036014751637
}
