{
  "created_process_s": 0.334674992,
  "created_wall_s": 6.425659346990869,
  "label": "random_68",
  "objective": 0.8145161290322581,
  "paired_score": 0.0,
  "params": {
    "access_bonus": 1.372760115968665,
    "china_asia_target_bonus": 1.4663387792934763,
    "china_early_penalty": -2.3769361445250197,
    "control_break_bonus": 4.9209102545087315,
    "country_battleground_bonus": 7.047022309351655,
    "country_europe_core_bonus": 1.921642967866524,
    "country_mid_war_entry_bonus": 2.0362507175715336,
    "country_non_battleground_bonus": 1.0839038433537178,
    "country_region_scale": 4.624890254950931,
    "country_stability_scale": 0.6150894456120266,
    "country_thailand_early_bonus": 5.871226084293079,
    "coup_battleground_bonus": 2.3525162436787754,
    "coup_defcon2_penalty": -8.135402525855802,
    "coup_defcon3_penalty": -2.6281920180492055,
    "coup_mode_bonus": 3.8286911741800864,
    "early_region_weights": [
      0.8208359394956325,
      1.501711437922607,
      1.148856553300471,
      0.6155117423139432,
      0.6066008510533835,
      0.6698559591992033,
      1.2632507256531342
    ],
    "headline_friendly_bonus": 1.9520518578834356,
    "headline_ops_scale": 0.7195342078989057,
    "influence_mode_bonus": 5.761715882135763,
    "late_region_weights": [
      1.146609401433271,
      0.9498305879827146,
      0.7776423177169274,
      0.785510955032783,
      1.0619979447754015,
      0.7919782002314628,
      0.8114522057134199
    ],
    "mid_region_weights": [
      0.9172658269000542,
      1.0241974362973727,
      1.0532389283793615,
      1.0621910287924452,
      1.3440085866146,
      1.4132211481233699,
      0.9015935908155002
    ],
    "ops_card_penalty": 0.11636476608311427,
    "realign_base_penalty": -4.124740930743265,
    "realign_country_scale": 0.6074346953266921,
    "realign_defcon2_bonus": 2.155454760541221,
    "realign_mode_bonus": -0.7286444090023818,
    "space_early_bonus": 0.8295061668611597,
    "space_mode_bonus": 0.9206013005653971,
    "space_offside_bonus": 2.1480090993708165,
    "space_when_behind_bonus": 2.1112626952399083
  },
  "proxy_score": 0.8145161290322581,
  "snapshot_id": "candidate_0068",
  "source": "random_proxy_search",
  "speed_penalty": 0.0
}
