{
  "created_process_s": 7.302802328,
  "created_wall_s": 1269.2849177989992,
  "label": "refine_10",
  "objective": 0.8430718827987163,
  "paired_score": 0.0,
  "params": {
    "access_bonus": 1.4440488289153988,
    "china_asia_target_bonus": 1.4200200665088907,
    "china_early_penalty": -2.4447221381199093,
    "control_break_bonus": 5.125489630493203,
    "country_battleground_bonus": 6.81089710686078,
    "country_europe_core_bonus": 1.9975733372610776,
    "country_mid_war_entry_bonus": 2.0384490261715205,
    "country_non_battleground_bonus": 1.2713343377590542,
    "country_region_scale": 4.802181107418269,
    "country_stability_scale": 0.5201526477656122,
    "country_thailand_early_bonus": 5.919049881358364,
    "coup_battleground_bonus": 2.7293736285931054,
    "coup_defcon2_penalty": -8.010472055934379,
    "coup_defcon3_penalty": -2.4746378982352226,
    "coup_mode_bonus": 3.596185864209212,
    "early_region_weights": [
      0.8434316934723839,
      1.2533917608382752,
      0.9763824473171046,
      0.6397349422408503,
      0.3202021820574889,
      0.5784697924608272,
      1.29442014229904
    ],
    "headline_friendly_bonus": 1.7291229929786265,
    "headline_ops_scale": 0.8256633167096441,
    "influence_mode_bonus": 5.8397730907385546,
    "late_region_weights": [
      1.1149258718740167,
      1.0098750223795274,
      1.0207915518857478,
      0.9753245740731372,
      1.231819511439611,
      1.0013859399939362,
      0.6892168170009142
    ],
    "mid_region_weights": [
      0.8631413405237526,
      0.931045818149029,
      0.971274740161418,
      0.8525777166231389,
      1.1671234111242976,
      1.1949653958073474,
      0.7076390008333475
    ],
    "ops_card_penalty": 0.19621181243243774,
    "realign_base_penalty": -4.092524146889439,
    "realign_country_scale": 0.6052442804860098,
    "realign_defcon2_bonus": 1.9281351002103913,
    "realign_mode_bonus": -1.0470658469029617,
    "space_early_bonus": 0.9904874816877439,
    "space_mode_bonus": 0.7676952506160386,
    "space_offside_bonus": 2.082728149676914,
    "space_when_behind_bonus": 1.8413848582223566
  },
  "proxy_score": 0.8467741935483871,
  "snapshot_id": "candidate_0178",
  "source": "screen_refine",
  "speed_penalty": 0.03702310749670823
}
