{
  "created_process_s": 0.30311228,
  "created_wall_s": 6.3940744519932196,
  "label": "random_7",
  "objective": 0.7253408457064431,
  "paired_score": 0.0,
  "params": {
    "access_bonus": 1.5262957442639498,
    "china_asia_target_bonus": 1.3541675148452117,
    "china_early_penalty": -2.6822826666668287,
    "control_break_bonus": 5.0710305444552075,
    "country_battleground_bonus": 7.477807548193368,
    "country_europe_core_bonus": 1.9894392696755114,
    "country_mid_war_entry_bonus": 2.061212325087367,
    "country_non_battleground_bonus": 0.8422337428136782,
    "country_region_scale": 4.714043927968587,
    "country_stability_scale": 0.6413898657888571,
    "country_thailand_early_bonus": 6.034068047888503,
    "coup_battleground_bonus": 2.5124202172546837,
    "coup_defcon2_penalty": -8.421977173331953,
    "coup_defcon3_penalty": -2.796302064600297,
    "coup_mode_bonus": 4.541909584216198,
    "early_region_weights": [
      1.0120419558103122,
      1.187102492284811,
      1.0893770043472293,
      0.7002052540774031,
      0.54909346166944,
      0.6209605903376607,
      1.2816683598684133
    ],
    "headline_friendly_bonus": 1.8778196126068196,
    "headline_ops_scale": 0.7119815497061552,
    "influence_mode_bonus": 6.274125865129872,
    "late_region_weights": [
      1.1023586006564734,
      0.8360753164519513,
      0.9603484235901614,
      1.2377865868479379,
      1.1713698454924866,
      0.9377223240164894,
      0.934857726370637
    ],
    "mid_region_weights": [
      0.9589219853310567,
      0.832999346273369,
      1.2400483289946214,
      1.0168222322563336,
      1.1810474430371118,
      1.0745462529203222,
      0.8599034652036965
    ],
    "ops_card_penalty": 0.16917989718063411,
    "realign_base_penalty": -4.048065337663189,
    "realign_country_scale": 0.5676270730449223,
    "realign_defcon2_bonus": 1.8791851015110905,
    "realign_mode_bonus": -0.7356936592753959,
    "space_early_bonus": 0.8697375781646095,
    "space_mode_bonus": 1.381389721243032,
    "space_offside_bonus": 2.1879610098161417,
    "space_when_behind_bonus": 2.186858662213274
  },
  "proxy_score": 0.782258064516129,
  "snapshot_id": "candidate_0007",
  "source": "random_proxy_search",
  "speed_penalty": 0.5691721880968588
}
