{
  "created_process_s": 0.33386966,
  "created_wall_s": 6.424853688993608,
  "label": "random_66",
  "objective": 0.7955563945048599,
  "paired_score": 0.0,
  "params": {
    "access_bonus": 1.5142413301900188,
    "china_asia_target_bonus": 1.4245708047844083,
    "china_early_penalty": -2.8486555334708408,
    "control_break_bonus": 4.759377861792355,
    "country_battleground_bonus": 7.322145842940037,
    "country_europe_core_bonus": 2.0733121217150763,
    "country_mid_war_entry_bonus": 1.9594763747473793,
    "country_non_battleground_bonus": 1.1927632867775149,
    "country_region_scale": 4.973849007809751,
    "country_stability_scale": 0.5992886211103764,
    "country_thailand_early_bonus": 6.04247858051783,
    "coup_battleground_bonus": 2.642672914402877,
    "coup_defcon2_penalty": -8.144905503541214,
    "coup_defcon3_penalty": -2.6417619290102285,
    "coup_mode_bonus": 4.337863354103513,
    "early_region_weights": [
      0.6801568544982395,
      1.3219357132286738,
      0.9689620986398778,
      0.5793535505320404,
      0.6530589268956459,
      0.6387523242505097,
      1.1612190242161304
    ],
    "headline_friendly_bonus": 2.076522536924056,
    "headline_ops_scale": 0.6943414650939747,
    "influence_mode_bonus": 6.711816111436829,
    "late_region_weights": [
      1.267989998355767,
      0.8630566292923354,
      0.934100230121709,
      1.0397445864849015,
      1.0729941437045616,
      1.0327567891881062,
      0.8393116258586042
    ],
    "mid_region_weights": [
      1.0232945595907834,
      0.916279708359824,
      0.9721420036930467,
      1.0125889605382759,
      1.4957862894598555,
      1.1937323124634744,
      0.8851308788907133
    ],
    "ops_card_penalty": 0.14491048776791204,
    "realign_base_penalty": -4.138052846433404,
    "realign_country_scale": 0.5439389169161205,
    "realign_defcon2_bonus": 2.1218140185482417,
    "realign_mode_bonus": -1.1109138898745408,
    "space_early_bonus": 1.0581466706063631,
    "space_mode_bonus": 1.1296237844340502,
    "space_offside_bonus": 1.9214625271588723,
    "space_when_behind_bonus": 1.9603715928043972
  },
  "proxy_score": 0.8145161290322581,
  "snapshot_id": "candidate_0066",
  "source": "random_proxy_search",
  "speed_penalty": 0.18959734527398142
}
