{
  "created_process_s": 0.35000496999999997,
  "created_wall_s": 6.441115338995587,
  "label": "random_102",
  "objective": 0.8467741935483871,
  "paired_score": 0.0,
  "params": {
    "access_bonus": 1.6896988017810275,
    "china_asia_target_bonus": 1.4562767876393763,
    "china_early_penalty": -2.8202992010675514,
    "control_break_bonus": 4.600434330546323,
    "country_battleground_bonus": 7.058809861890606,
    "country_europe_core_bonus": 2.120392924766258,
    "country_mid_war_entry_bonus": 1.8751258207020431,
    "country_non_battleground_bonus": 0.9777855196478467,
    "country_region_scale": 4.848666521089217,
    "country_stability_scale": 0.5487666168390601,
    "country_thailand_early_bonus": 5.906648141146579,
    "coup_battleground_bonus": 2.6747772165598658,
    "coup_defcon2_penalty": -8.036809748590438,
    "coup_defcon3_penalty": -2.5022479443988503,
    "coup_mode_bonus": 3.4904412435104573,
    "early_region_weights": [
      0.8172283496870393,
      1.4361674708777452,
      1.0735163218257033,
      0.6566315318435764,
      0.5933447254053869,
      0.6382769786270194,
      1.3196147685729274
    ],
    "headline_friendly_bonus": 1.965263140918818,
    "headline_ops_scale": 0.6507894477556642,
    "influence_mode_bonus": 5.64513410106166,
    "late_region_weights": [
      1.07263986831435,
      0.9792938084015955,
      1.0690038561951192,
      1.3281256092781446,
      1.070005747087892,
      1.0568299984921883,
      0.8111067356518099
    ],
    "mid_region_weights": [
      1.0003064534506836,
      1.0986779539775087,
      1.0475025496565051,
      0.9766716264805816,
      1.2259073760624417,
      1.2437825906289628,
      0.8051021632742851
    ],
    "ops_card_penalty": 0.09633416653624988,
    "realign_base_penalty": -3.5404410526180348,
    "realign_country_scale": 0.48806652076214535,
    "realign_defcon2_bonus": 1.8497494271221286,
    "realign_mode_bonus": -0.9301189045697442,
    "space_early_bonus": 0.8757155811743307,
    "space_mode_bonus": 0.7240811686139326,
    "space_offside_bonus": 2.135852996508137,
    "space_when_behind_bonus": 1.8868709247638429
  },
  "proxy_score": 0.8467741935483871,
  "snapshot_id": "candidate_0102",
  "source": "random_proxy_search",
  "speed_penalty": 0.0
}
