{
  "created_process_s": 0.32829506199999997,
  "created_wall_s": 6.419277504988713,
  "label": "random_54",
  "objective": 0.8125930024775463,
  "paired_score": 0.0,
  "params": {
    "access_bonus": 1.4483013315239313,
    "china_asia_target_bonus": 1.5790981083041273,
    "china_early_penalty": -2.379681237751169,
    "control_break_bonus": 4.9354224456128115,
    "country_battleground_bonus": 7.173156905569835,
    "country_europe_core_bonus": 1.8500038714420637,
    "country_mid_war_entry_bonus": 1.8486292012350987,
    "country_non_battleground_bonus": 0.770799947542843,
    "country_region_scale": 4.76152440436161,
    "country_stability_scale": 0.5556328035748781,
    "country_thailand_early_bonus": 6.023664092289298,
    "coup_battleground_bonus": 2.4283497094753805,
    "coup_defcon2_penalty": -8.897210369600254,
    "coup_defcon3_penalty": -2.5321486559207793,
    "coup_mode_bonus": 4.022182428892941,
    "early_region_weights": [
      0.8622151238021124,
      1.2680173405339237,
      1.065085254733325,
      0.6564705938383747,
      0.6995340810528149,
      0.7673461304000975,
      1.3007936519263155
    ],
    "headline_friendly_bonus": 2.2083905123338465,
    "headline_ops_scale": 0.7221338470203258,
    "influence_mode_bonus": 5.805721585771014,
    "late_region_weights": [
      0.9732284264438668,
      0.8837052896127048,
      0.7640544576550186,
      0.840533887898463,
      1.074515495300725,
      0.8801410091717436,
      0.629333301727532
    ],
    "mid_region_weights": [
      1.0335966890852402,
      0.9910474935283681,
      0.9171092752722726,
      1.1532900641173378,
      1.1515625710744224,
      1.1508836246811662,
      0.9083529801792496
    ],
    "ops_card_penalty": 0.1638953396136545,
    "realign_base_penalty": -4.017992997303318,
    "realign_country_scale": 0.5774100131725283,
    "realign_defcon2_bonus": 1.9959809280698968,
    "realign_mode_bonus": -1.1563400496305691,
    "space_early_bonus": 0.9121693309189691,
    "space_mode_bonus": 1.2083039662787816,
    "space_offside_bonus": 2.0781337310862518,
    "space_when_behind_bonus": 1.8586659187507573
  },
  "proxy_score": 0.8145161290322581,
  "snapshot_id": "candidate_0054",
  "source": "random_proxy_search",
  "speed_penalty": 0.01923126554711785
}
