{
  "created_process_s": 0.310060531,
  "created_wall_s": 6.401023791986518,
  "label": "random_19",
  "objective": 0.7827844650808341,
  "paired_score": 0.0,
  "params": {
    "access_bonus": 1.406981962793565,
    "china_asia_target_bonus": 1.5046620603225538,
    "china_early_penalty": -2.496520514781236,
    "control_break_bonus": 4.793396990980589,
    "country_battleground_bonus": 7.093809610275457,
    "country_europe_core_bonus": 1.9576785746086214,
    "country_mid_war_entry_bonus": 1.9731166672712679,
    "country_non_battleground_bonus": 0.9633175477674143,
    "country_region_scale": 5.563224411890729,
    "country_stability_scale": 0.6143870413712362,
    "country_thailand_early_bonus": 5.907267829364872,
    "coup_battleground_bonus": 2.148812920381501,
    "coup_defcon2_penalty": -8.262636821553,
    "coup_defcon3_penalty": -2.6110065008973575,
    "coup_mode_bonus": 3.72654452084954,
    "early_region_weights": [
      0.8776670837092083,
      1.3944830726804502,
      1.0915808443325798,
      0.8728292289783133,
      0.5469297090078754,
      0.713072037692687,
      1.2451478912199856
    ],
    "headline_friendly_bonus": 2.207469650487223,
    "headline_ops_scale": 0.7048695276158714,
    "influence_mode_bonus": 5.592746308794844,
    "late_region_weights": [
      1.1949864873924019,
      0.7168708415694413,
      0.9536836529521627,
      1.257393968191593,
      0.9171052041562597,
      1.0383361860096831,
      0.934159719583085
    ],
    "mid_region_weights": [
      0.9565595071340054,
      1.1132847357685764,
      0.9606218021029487,
      0.9079772969335608,
      1.126799978838328,
      1.2174528420643926,
      0.8517162073336104
    ],
    "ops_card_penalty": 0.14171784908079124,
    "realign_base_penalty": -4.1598503690718704,
    "realign_country_scale": 0.5223831926129634,
    "realign_defcon2_bonus": 2.094267516831073,
    "realign_mode_bonus": -0.6755518741390891,
    "space_early_bonus": 0.9718876486246509,
    "space_mode_bonus": 0.38908363130832924,
    "space_offside_bonus": 1.9978700963580218,
    "space_when_behind_bonus": 1.9525689923553948
  },
  "proxy_score": 0.8467741935483871,
  "snapshot_id": "candidate_0019",
  "source": "random_proxy_search",
  "speed_penalty": 0.63989728467553
}
