{
  "created_process_s": 0.929850407,
  "created_wall_s": 7.021123758997419,
  "label": "spsa_2_minus",
  "objective": 0.8700458134758845,
  "paired_score": 0.0,
  "params": {
    "access_bonus": 1.7425719508037136,
    "china_asia_target_bonus": 1.511982948880187,
    "china_early_penalty": -2.9569840308475355,
    "control_break_bonus": 5.097340189865274,
    "country_battleground_bonus": 6.868529976002871,
    "country_europe_core_bonus": 1.8720520991840024,
    "country_mid_war_entry_bonus": 1.8108768535059088,
    "country_non_battleground_bonus": 0.9524780617265479,
    "country_region_scale": 5.201756864137311,
    "country_stability_scale": 0.5702238700323321,
    "country_thailand_early_bonus": 5.7731731259051875,
    "coup_battleground_bonus": 2.262858074168551,
    "coup_defcon2_penalty": -7.650096020359701,
    "coup_defcon3_penalty": -2.2915146674061653,
    "coup_mode_bonus": 3.9167988357568886,
    "early_region_weights": [
      0.8512575215088131,
      1.394401753197375,
      0.9859453215500996,
      0.7336799056024744,
      0.6626322929657434,
      0.6813159146286686,
      1.4300552550813856
    ],
    "headline_friendly_bonus": 1.881891211811798,
    "headline_ops_scale": 0.7120801127509249,
    "influence_mode_bonus": 6.207822559320688,
    "late_region_weights": [
      1.2675399063396773,
      1.067424669569396,
      0.99032252941655,
      0.9226930487338374,
      1.3066667666116927,
      1.0301106044548245,
      0.9516625642185188
    ],
    "mid_region_weights": [
      0.9024445094397155,
      1.0040423985251843,
      1.1236820416713367,
      0.9149190076495962,
      1.3467370110305437,
      1.1561594019982304,
      0.9075491249101975
    ],
    "ops_card_penalty": 0.14750212312100888,
    "realign_base_penalty": -4.047477130558701,
    "realign_country_scale": 0.6090105733646379,
    "realign_defcon2_bonus": 2.2032203130304175,
    "realign_mode_bonus": -1.0275415767555214,
    "space_early_bonus": 0.9715425998050785,
    "space_mode_bonus": 0.8777657673323895,
    "space_offside_bonus": 2.040114452168681,
    "space_when_behind_bonus": 1.8839959700739601
  },
  "proxy_score": 0.8790322580645161,
  "snapshot_id": "candidate_0124",
  "source": "proxy_spsa",
  "speed_penalty": 0.08986444588631581
}
