{
  "created_process_s": 2.7547995540000003,
  "created_wall_s": 8.846610670996597,
  "label": "spsa_11_plus",
  "objective": 0.8769397368645462,
  "paired_score": 0.0,
  "params": {
    "access_bonus": 1.7123134070307842,
    "china_asia_target_bonus": 1.5321553113954733,
    "china_early_penalty": -2.916639305816963,
    "control_break_bonus": 5.073004463668747,
    "country_battleground_bonus": 6.848250204172432,
    "country_europe_core_bonus": 1.851879736668716,
    "country_mid_war_entry_bonus": 1.831049216021195,
    "country_non_battleground_bonus": 0.9827366054994773,
    "country_region_scale": 5.151325957849095,
    "country_stability_scale": 0.5661679156662442,
    "country_thailand_early_bonus": 5.756949308440836,
    "coup_battleground_bonus": 2.2225133491379783,
    "coup_defcon2_penalty": -7.682543655288404,
    "coup_defcon3_penalty": -2.341945573694381,
    "coup_mode_bonus": 3.8924631095603615,
    "early_region_weights": [
      0.8593694302409887,
      1.4025136619295506,
      0.9940572302822752,
      0.7135075430871882,
      0.6545203842335678,
      0.6611435521133824,
      1.42194334634921
    ],
    "headline_friendly_bonus": 1.8516326680388686,
    "headline_ops_scale": 0.722166294008568,
    "influence_mode_bonus": 6.147305471774829,
    "late_region_weights": [
      1.2594279976075016,
      1.0755365783015718,
      0.9701501669012638,
      0.9145811400016618,
      1.2864944040964064,
      1.0099382419395382,
      0.9314902017032326
    ],
    "mid_region_weights": [
      0.8822721469244293,
      0.9838700360098981,
      1.1035096791560504,
      0.89474664513431,
      1.338625102298368,
      1.1480474932660547,
      0.8873767623949113
    ],
    "ops_card_penalty": 0.141450414366423,
    "realign_base_penalty": -4.0677569023891404,
    "realign_country_scale": 0.6130665277307258,
    "realign_defcon2_bonus": 2.233478856803347,
    "realign_mode_bonus": -1.0678863017860938,
    "space_early_bonus": 0.9917149623203647,
    "space_mode_bonus": 0.8615419498680381,
    "space_offside_bonus": 2.009855908395752,
    "space_when_behind_bonus": 1.8961638331722237
  },
  "proxy_score": 0.8790322580645161,
  "snapshot_id": "candidate_0141",
  "source": "proxy_spsa",
  "speed_penalty": 0.02092521199969921
}
