{
  "created_process_s": 2.4248655610000003,
  "created_wall_s": 8.51655969399144,
  "label": "spsa_9_minus",
  "objective": 0.8753835775364953,
  "paired_score": 0.0,
  "params": {
    "access_bonus": 1.711358747368117,
    "china_asia_target_bonus": 1.5194584178372514,
    "china_early_penalty": -2.9153664262667403,
    "control_break_bonus": 5.0349137829940815,
    "country_battleground_bonus": 6.816507970276877,
    "country_europe_core_bonus": 1.8512432968936048,
    "country_mid_war_entry_bonus": 1.8183523224629732,
    "country_non_battleground_bonus": 0.9636912651621443,
    "country_region_scale": 5.149734858411317,
    "country_stability_scale": 0.5664861355537999,
    "country_thailand_early_bonus": 5.758222187991059,
    "coup_battleground_bonus": 2.2212404695877557,
    "coup_defcon2_penalty": -7.679997896187959,
    "coup_defcon3_penalty": -2.310203339798826,
    "coup_mode_bonus": 3.8943724288856956,
    "early_region_weights": [
      0.8720663237992107,
      1.4152105554877725,
      0.9934207905071638,
      0.7262044366454102,
      0.6418234906753458,
      0.6738404456716044,
      1.4225797861243212
    ],
    "headline_friendly_bonus": 1.8706780083762016,
    "headline_ops_scale": 0.7224845138961237,
    "influence_mode_bonus": 6.185396152449495,
    "late_region_weights": [
      1.2600644373826129,
      1.0882334718597937,
      0.9695137271261524,
      0.9152175797767732,
      1.285857964321295,
      1.0093018021644269,
      0.9308537619281212
    ],
    "mid_region_weights": [
      0.8816357071493179,
      0.9832335962347867,
      1.1162065727142723,
      0.8941102053591986,
      1.3392615420734792,
      1.148683933041166,
      0.8867403226197998
    ],
    "ops_card_penalty": 0.14125948243388958,
    "realign_base_penalty": -4.066165802951362,
    "realign_country_scale": 0.6194149745098367,
    "realign_defcon2_bonus": 2.2344335164660136,
    "realign_mode_bonus": -1.0691591813363166,
    "space_early_bonus": 0.9923514020954761,
    "space_mode_bonus": 0.8628148294182609,
    "space_offside_bonus": 2.0289012487330846,
    "space_when_behind_bonus": 1.9152091735095567
  },
  "proxy_score": 0.8790322580645161,
  "snapshot_id": "candidate_0138",
  "source": "proxy_spsa",
  "speed_penalty": 0.036486805280208534
}
