{
  "created_process_s": 0.332925734,
  "created_wall_s": 6.423909713994362,
  "label": "random_64",
  "objective": 0.7651114722596623,
  "paired_score": 0.0,
  "params": {
    "access_bonus": 1.3331457469309744,
    "china_asia_target_bonus": 1.62510641781544,
    "china_early_penalty": -2.408343400381654,
    "control_break_bonus": 4.962862600959836,
    "country_battleground_bonus": 7.094312280593852,
    "country_europe_core_bonus": 1.9964115194832919,
    "country_mid_war_entry_bonus": 2.004063021000821,
    "country_non_battleground_bonus": 1.0607505152982886,
    "country_region_scale": 4.806632267894515,
    "country_stability_scale": 0.6232819025612476,
    "country_thailand_early_bonus": 6.288943406580284,
    "coup_battleground_bonus": 2.528585281982794,
    "coup_defcon2_penalty": -8.172308535471833,
    "coup_defcon3_penalty": -2.2119789281811753,
    "coup_mode_bonus": 4.4057812784002515,
    "early_region_weights": [
      0.9481672918444248,
      1.186633265510379,
      1.147783465645328,
      0.6046014493026058,
      0.6182678073356006,
      0.5911060514402593,
      1.1403993039241667
    ],
    "headline_friendly_bonus": 1.993729479397,
    "headline_ops_scale": 0.8298445581449502,
    "influence_mode_bonus": 5.9993978388122855,
    "late_region_weights": [
      1.1278844511884123,
      0.8464964685395057,
      0.9973231732275066,
      1.0849127253453523,
      1.1010056551827303,
      1.0187889645954655,
      0.770014499467375
    ],
    "mid_region_weights": [
      0.9724738207746702,
      1.0256589610102422,
      0.804925328911204,
      1.0413776956247813,
      1.331213513659647,
      1.2497125063245407,
      0.842003451469658
    ],
    "ops_card_penalty": 0.16100293626805506,
    "realign_base_penalty": -4.061074819905138,
    "realign_country_scale": 0.5192860911578339,
    "realign_defcon2_bonus": 1.8154611125732347,
    "realign_mode_bonus": -0.7974181443452713,
    "space_early_bonus": 0.8552020966586094,
    "space_mode_bonus": 1.0306264404795231,
    "space_offside_bonus": 1.9763255005577252,
    "space_when_behind_bonus": 2.0551119282668955
  },
  "proxy_score": 0.782258064516129,
  "snapshot_id": "candidate_0064",
  "source": "random_proxy_search",
  "speed_penalty": 0.17146592256466753
}
