{
  "created_process_s": 0.33653018,
  "created_wall_s": 6.427514781986247,
  "label": "random_72",
  "objective": 0.8467741935483871,
  "paired_score": 0.0,
  "params": {
    "access_bonus": 1.6814756140530096,
    "china_asia_target_bonus": 1.4269574373336336,
    "china_early_penalty": -2.293533513377521,
    "control_break_bonus": 4.910509301243046,
    "country_battleground_bonus": 7.0878237006748925,
    "country_europe_core_bonus": 1.8439932506301588,
    "country_mid_war_entry_bonus": 1.9464011109682025,
    "country_non_battleground_bonus": 1.1900396842161056,
    "country_region_scale": 5.209999581211952,
    "country_stability_scale": 0.5231090541494553,
    "country_thailand_early_bonus": 5.897275618603833,
    "coup_battleground_bonus": 2.515128479686632,
    "coup_defcon2_penalty": -8.212586986989603,
    "coup_defcon3_penalty": -2.835284539394447,
    "coup_mode_bonus": 4.017173219779625,
    "early_region_weights": [
      0.9393976287562588,
      1.5031195213474773,
      1.110727458057851,
      0.6187943221629824,
      0.7918968951378615,
      0.6630015918911557,
      1.170066392032909
    ],
    "headline_friendly_bonus": 1.846735477846244,
    "headline_ops_scale": 0.7977563155928089,
    "influence_mode_bonus": 6.257176802769264,
    "late_region_weights": [
      1.1976431094345241,
      0.9172466413148633,
      1.0222563016794894,
      0.9065528049735171,
      1.0151493293474287,
      0.9641572707607244,
      0.9041691584596558
    ],
    "mid_region_weights": [
      0.9310677481421412,
      1.114803325880903,
      0.96117911732661,
      1.0578510263040086,
      1.2731159110333299,
      1.0617763056899105,
      0.9488067935697799
    ],
    "ops_card_penalty": 0.12222950984165794,
    "realign_base_penalty": -3.9115750206062727,
    "realign_country_scale": 0.6203301665615004,
    "realign_defcon2_bonus": 2.173067108283972,
    "realign_mode_bonus": -1.0436598811664923,
    "space_early_bonus": 0.9058376609963826,
    "space_mode_bonus": 1.0729766812441808,
    "space_offside_bonus": 2.23441530707891,
    "space_when_behind_bonus": 1.8767047039097189
  },
  "proxy_score": 0.8467741935483871,
  "snapshot_id": "candidate_0072",
  "source": "random_proxy_search",
  "speed_penalty": 0.0
}
