{
  "created_process_s": 0.29903462,
  "created_wall_s": 6.389992647993495,
  "label": "random_1",
  "objective": 0.734141702570953,
  "paired_score": 0.0,
  "params": {
    "access_bonus": 1.4417636101660862,
    "china_asia_target_bonus": 1.3632664731366402,
    "china_early_penalty": -2.6598016810028233,
    "control_break_bonus": 4.940098181564407,
    "country_battleground_bonus": 7.4299335469173915,
    "country_europe_core_bonus": 2.0509460106969857,
    "country_mid_war_entry_bonus": 2.007790116027812,
    "country_non_battleground_bonus": 0.8841680129163466,
    "country_region_scale": 5.161952940210394,
    "country_stability_scale": 0.5906295075909829,
    "country_thailand_early_bonus": 5.8249109519441635,
    "coup_battleground_bonus": 2.352279686649458,
    "coup_defcon2_penalty": -8.087637425101773,
    "coup_defcon3_penalty": -2.751535511795225,
    "coup_mode_bonus": 4.562775077660045,
    "early_region_weights": [
      0.8786449730627823,
      1.2421007916515125,
      1.115250294223619,
      0.4700583384503826,
      0.5205219205243975,
      0.5499171216909581,
      1.2289513808675099
    ],
    "headline_friendly_bonus": 2.008615589169359,
    "headline_ops_scale": 0.7644466555481821,
    "influence_mode_bonus": 6.102848564765462,
    "late_region_weights": [
      1.0384503796237152,
      0.8275772911439114,
      1.1339517736238498,
      0.9101250701449375,
      1.0326738693249629,
      0.9770560562616142,
      0.8543354846998782
    ],
    "mid_region_weights": [
      0.872507327584198,
      0.9997793246524165,
      1.015072313230849,
      1.0188723189092164,
      1.1468155350716136,
      1.382950407533454,
      0.7139127397243419
    ],
    "ops_card_penalty": 0.19555924953850554,
    "realign_base_penalty": -3.7888474742242995,
    "realign_country_scale": 0.4962721914588253,
    "realign_defcon2_bonus": 2.2554598004696724,
    "realign_mode_bonus": -1.1014977266249475,
    "space_early_bonus": 0.9822306183201728,
    "space_mode_bonus": 0.8788808081982604,
    "space_offside_bonus": 1.9856784991682526,
    "space_when_behind_bonus": 2.1520689144985163
  },
  "proxy_score": 0.782258064516129,
  "snapshot_id": "candidate_0001",
  "source": "random_proxy_search",
  "speed_penalty": 0.4811636194517601
}
