{
  "created_process_s": 3.925343077,
  "created_wall_s": 10.017517059997772,
  "label": "spsa_16_minus",
  "objective": 0.867487431178129,
  "paired_score": 0.0,
  "params": {
    "access_bonus": 1.7288587473681172,
    "china_asia_target_bonus": 1.5211250845039181,
    "china_early_penalty": -2.9186997596000737,
    "control_break_bonus": 5.069913782994081,
    "country_battleground_bonus": 6.845674636943544,
    "country_europe_core_bonus": 1.8629099635602713,
    "country_mid_war_entry_bonus": 1.8300189891296397,
    "country_non_battleground_bonus": 0.9811912651621443,
    "country_region_scale": 5.153901525077983,
    "country_stability_scale": 0.5606528022204667,
    "country_thailand_early_bonus": 5.734888854657726,
    "coup_battleground_bonus": 2.2445738029210887,
    "coup_defcon2_penalty": -7.6866645628546255,
    "coup_defcon3_penalty": -2.3393700064654928,
    "coup_mode_bonus": 3.8893724288856957,
    "early_region_weights": [
      0.860399657132544,
      1.4135438888211058,
      1.0050874571738304,
      0.7145377699787435,
      0.6434901573420125,
      0.6721737790049377,
      1.4109131194576547
    ],
    "headline_friendly_bonus": 1.8681780083762016,
    "headline_ops_scale": 0.7166511805627904,
    "influence_mode_bonus": 6.1503961524494954,
    "late_region_weights": [
      1.2583977707159462,
      1.0765668051931272,
      0.9711803937928191,
      0.9035509131101065,
      1.2975246309879616,
      1.0109684688310936,
      0.9425204285947879
    ],
    "mid_region_weights": [
      0.8933023738159847,
      0.9949002629014534,
      1.1145399060476056,
      0.8957768720258653,
      1.3375948754068125,
      1.1470172663744993,
      0.8984069892864666
    ],
    "ops_card_penalty": 0.14175948243388958,
    "realign_base_penalty": -4.0703324696180285,
    "realign_country_scale": 0.6135816411765035,
    "realign_defcon2_bonus": 2.216933516466014,
    "realign_mode_bonus": -1.0658258480029832,
    "space_early_bonus": 0.9806847354288094,
    "space_mode_bonus": 0.8394814960849276,
    "space_offside_bonus": 2.011401248733085,
    "space_when_behind_bonus": 1.9127091735095567
  },
  "proxy_score": 0.8790322580645161,
  "snapshot_id": "candidate_0152",
  "source": "proxy_spsa",
  "speed_penalty": 0.11544826886387094
}
