{
  "created_process_s": 0.34223560799999997,
  "created_wall_s": 6.433221992992912,
  "label": "random_84",
  "objective": 0.8397244764311838,
  "paired_score": 0.0,
  "params": {
    "access_bonus": 1.5295862906518092,
    "china_asia_target_bonus": 1.5057028831219426,
    "china_early_penalty": -2.5523961085516684,
    "control_break_bonus": 4.777884215638745,
    "country_battleground_bonus": 7.023286968204877,
    "country_europe_core_bonus": 1.965156170336071,
    "country_mid_war_entry_bonus": 1.8916576112975056,
    "country_non_battleground_bonus": 1.0267204678175563,
    "country_region_scale": 4.850004262856836,
    "country_stability_scale": 0.6309713282064089,
    "country_thailand_early_bonus": 6.0934288736374205,
    "coup_battleground_bonus": 2.4557661485563536,
    "coup_defcon2_penalty": -7.901740300998516,
    "coup_defcon3_penalty": -2.6453780221357235,
    "coup_mode_bonus": 3.621389456078701,
    "early_region_weights": [
      0.7118221811884395,
      1.4068596859851292,
      1.1026866852736383,
      0.46584038157315266,
      0.36997066235092246,
      0.7135706398633392,
      1.01701395029825
    ],
    "headline_friendly_bonus": 2.1619423998528475,
    "headline_ops_scale": 0.7705324961044211,
    "influence_mode_bonus": 5.728854851632783,
    "late_region_weights": [
      1.1078572573555556,
      0.8288442386119228,
      0.9232643424990323,
      1.0883229529632268,
      1.1344965158676164,
      1.2472409827076762,
      0.7498898709119819
    ],
    "mid_region_weights": [
      0.8292326985332719,
      1.083454898133607,
      0.9719746127993023,
      0.9889005540479576,
      1.092613812832065,
      1.2118421309873675,
      0.9041185684407214
    ],
    "ops_card_penalty": 0.07400494320152778,
    "realign_base_penalty": -3.9519695925020644,
    "realign_country_scale": 0.5081987927577034,
    "realign_defcon2_bonus": 1.9284112323152718,
    "realign_mode_bonus": -0.8832981887203449,
    "space_early_bonus": 0.8449663853174663,
    "space_mode_bonus": 0.6693904285524112,
    "space_offside_bonus": 2.296078021825025,
    "space_when_behind_bonus": 2.0154690931612587
  },
  "proxy_score": 0.8467741935483871,
  "snapshot_id": "candidate_0084",
  "source": "random_proxy_search",
  "speed_penalty": 0.07049717117203413
}
