{
  "created_process_s": 1.7720296240000002,
  "created_wall_s": 7.863533847994404,
  "label": "spsa_6_minus",
  "objective": 0.8724614463215975,
  "paired_score": 0.0,
  "params": {
    "access_bonus": 1.733606196082033,
    "china_asia_target_bonus": 1.5179601186946408,
    "china_early_penalty": -2.912369827981519,
    "control_break_bonus": 5.03041888556625,
    "country_battleground_bonus": 6.853587051466737,
    "country_europe_core_bonus": 1.8660749293695487,
    "country_mid_war_entry_bonus": 1.833183954938917,
    "country_non_battleground_bonus": 0.9859387138760602,
    "country_region_scale": 5.186813939601176,
    "country_stability_scale": 0.5672352851251052,
    "country_thailand_early_bonus": 5.76121878627628,
    "coup_battleground_bonus": 2.2182438713025343,
    "coup_defcon2_penalty": -7.674004699617516,
    "coup_defcon3_penalty": -2.3064575919422996,
    "coup_mode_bonus": 3.8498775314578637,
    "early_region_weights": [
      0.8735646229418212,
      1.4167088546303832,
      0.9919224913645532,
      0.7277027357880208,
      0.6403251915327353,
      0.675338744814215,
      1.424078085266932
    ],
    "headline_friendly_bonus": 1.8484305596622856,
    "headline_ops_scale": 0.723233663467429,
    "influence_mode_bonus": 6.140901255021664,
    "late_region_weights": [
      1.2615627365252235,
      1.0897317710024044,
      0.9680154279835418,
      0.9003859473008292,
      1.2843596651786844,
      1.0241334346403708,
      0.9293554627855106
    ],
    "mid_region_weights": [
      0.8801374080067074,
      0.9980652287107307,
      1.117704871856883,
      0.9089418378351426,
      1.3244299095975354,
      1.1501822321837767,
      0.9015719550957438
    ],
    "ops_card_penalty": 0.14080999269110642,
    "realign_base_penalty": -4.062420055094836,
    "realign_country_scale": 0.6201641240811421,
    "realign_defcon2_bonus": 2.2366809651799295,
    "realign_mode_bonus": -1.0394959163844286,
    "space_early_bonus": 0.9775197696195321,
    "space_mode_bonus": 0.8658114277034822,
    "space_offside_bonus": 2.006653800019169,
    "space_when_behind_bonus": 1.9174566222234726
  },
  "proxy_score": 0.8790322580645161,
  "snapshot_id": "candidate_0132",
  "source": "proxy_spsa",
  "speed_penalty": 0.06570811742918647
}
