{
  "created_process_s": 5.328782143,
  "created_wall_s": 11.420671604995732,
  "label": "spsa_23_plus",
  "objective": 0.8790322580645161,
  "paired_score": 0.0,
  "params": {
    "access_bonus": 1.7276141797898295,
    "china_asia_target_bonus": 1.5302953727850594,
    "china_early_penalty": -2.9370403361623563,
    "control_break_bonus": 5.067424647837505,
    "country_battleground_bonus": 6.82274891624069,
    "country_europe_core_bonus": 1.85373967527913,
    "country_mid_war_entry_bonus": 1.8291892774107812,
    "country_non_battleground_bonus": 0.9799466975838566,
    "country_region_scale": 5.176827245780837,
    "country_stability_scale": 0.5610676580798959,
    "country_thailand_early_bonus": 5.753229431220008,
    "coup_battleground_bonus": 2.226233226358806,
    "coup_defcon2_penalty": -7.723345715979191,
    "coup_defcon3_penalty": -2.316444285762639,
    "coup_mode_bonus": 3.8868832937291202,
    "early_region_weights": [
      0.8612293688514024,
      1.4127141771022473,
      1.004257745454972,
      0.715367481697602,
      0.6526604456231541,
      0.6630034907237962,
      1.420083407738796
    ],
    "headline_friendly_bonus": 1.8544225759544892,
    "headline_ops_scale": 0.7170660364222197,
    "influence_mode_bonus": 6.177907017292919,
    "late_region_weights": [
      1.2492274824348049,
      1.0857370934742685,
      0.9803506820739606,
      0.904380624828965,
      1.296694919269103,
      1.020138757112235,
      0.9333501403136464
    ],
    "mid_region_weights": [
      0.8841320855348431,
      0.9857299746203119,
      1.113710194328747,
      0.8966065837447238,
      1.336765163687954,
      1.1461875546556408,
      0.889236701005325
    ],
    "ops_card_penalty": 0.14200839594954714,
    "realign_base_penalty": -4.093258190320882,
    "realign_country_scale": 0.6181667853170741,
    "realign_defcon2_bonus": 2.230688948887726,
    "realign_mode_bonus": -1.0474852714407001,
    "space_early_bonus": 0.9898550237099509,
    "space_mode_bonus": 0.8411409195226446,
    "space_offside_bonus": 2.0126458163113727,
    "space_when_behind_bonus": 1.911464605931269
  },
  "proxy_score": 0.8790322580645161,
  "snapshot_id": "candidate_0165",
  "source": "proxy_spsa",
  "speed_penalty": 0.0
}
