{
  "created_process_s": 0.336022079,
  "created_wall_s": 6.427006681988132,
  "label": "random_71",
  "objective": 0.782258064516129,
  "paired_score": 0.0,
  "params": {
    "access_bonus": 1.484879678318243,
    "china_asia_target_bonus": 1.4606951256297809,
    "china_early_penalty": -2.8353340312357327,
    "control_break_bonus": 5.046723118980947,
    "country_battleground_bonus": 7.269229106136816,
    "country_europe_core_bonus": 2.145065395293015,
    "country_mid_war_entry_bonus": 2.0844250526426595,
    "country_non_battleground_bonus": 1.062936443068812,
    "country_region_scale": 5.52177924462303,
    "country_stability_scale": 0.6441149438246934,
    "country_thailand_early_bonus": 6.008213392737691,
    "coup_battleground_bonus": 2.860673916986589,
    "coup_defcon2_penalty": -7.841063123152032,
    "coup_defcon3_penalty": -2.5211494481460486,
    "coup_mode_bonus": 3.6369346153533506,
    "early_region_weights": [
      0.7809833136551044,
      1.477220681872856,
      1.191899279319836,
      0.7509976077146531,
      0.35529607095672155,
      0.6809081129914454,
      1.391410449734116
    ],
    "headline_friendly_bonus": 1.8808952951150615,
    "headline_ops_scale": 0.7724113209447929,
    "influence_mode_bonus": 5.781686516040957,
    "late_region_weights": [
      1.2955000558356062,
      1.095386077772694,
      0.9748294433551272,
      0.9329620237301579,
      1.2266470038111483,
      1.24682688764935,
      0.761815237033683
    ],
    "mid_region_weights": [
      1.004569263320161,
      1.088021070206481,
      0.8504326189347973,
      1.117132834607666,
      1.1868286574342082,
      1.3967446539167327,
      0.916878359643589
    ],
    "ops_card_penalty": 0.12540221433724238,
    "realign_base_penalty": -3.9628935236581446,
    "realign_country_scale": 0.6287308412917756,
    "realign_defcon2_bonus": 2.200208135346916,
    "realign_mode_bonus": -0.9703408568241124,
    "space_early_bonus": 1.071883678126043,
    "space_mode_bonus": 1.2382286191054095,
    "space_offside_bonus": 1.9720600725055573,
    "space_when_behind_bonus": 2.052031955201736
  },
  "proxy_score": 0.782258064516129,
  "snapshot_id": "candidate_0071",
  "source": "random_proxy_search",
  "speed_penalty": 0.0
}
