{
  "created_process_s": 0.313866675,
  "created_wall_s": 6.404831768988515,
  "label": "random_26",
  "objective": 0.8445167395324015,
  "paired_score": 0.0,
  "params": {
    "access_bonus": 1.8036010339548196,
    "china_asia_target_bonus": 1.4900672945960909,
    "china_early_penalty": -2.170385801495338,
    "control_break_bonus": 4.678357547654545,
    "country_battleground_bonus": 7.191648143364688,
    "country_europe_core_bonus": 1.9206567528039424,
    "country_mid_war_entry_bonus": 1.9988226752354097,
    "country_non_battleground_bonus": 0.7161193037136644,
    "country_region_scale": 5.373545626716022,
    "country_stability_scale": 0.5346474024365901,
    "country_thailand_early_bonus": 6.077421656517593,
    "coup_battleground_bonus": 2.6520129742192147,
    "coup_defcon2_penalty": -8.723954650195441,
    "coup_defcon3_penalty": -2.325192920227785,
    "coup_mode_bonus": 4.000736115031477,
    "early_region_weights": [
      0.7786343663458187,
      1.4505021559738647,
      1.179190673585447,
      0.48002411818995,
      0.4696037022225297,
      0.7376674721998422,
      1.2536918978944567
    ],
    "headline_friendly_bonus": 2.3367567264207345,
    "headline_ops_scale": 0.7124795989760071,
    "influence_mode_bonus": 6.242725041905508,
    "late_region_weights": [
      1.0014288324280134,
      0.9309890719784671,
      0.893033056191901,
      1.093536017491316,
      1.029887918736013,
      0.8414850102288839,
      0.9920758776278094
    ],
    "mid_region_weights": [
      0.8803057250681094,
      0.9452962760162665,
      1.120095967127749,
      0.9417736770498206,
      1.3594762600567898,
      1.1072750591773304,
      0.7204616108357476
    ],
    "ops_card_penalty": 0.12954391588837386,
    "realign_base_penalty": -3.905132861071053,
    "realign_country_scale": 0.5712267122573954,
    "realign_defcon2_bonus": 1.8554609274498313,
    "realign_mode_bonus": -1.158830525440344,
    "space_early_bonus": 1.006428548710143,
    "space_mode_bonus": 1.1517095263244501,
    "space_offside_bonus": 1.7741818242058738,
    "space_when_behind_bonus": 2.0053594669780472
  },
  "proxy_score": 0.8467741935483871,
  "snapshot_id": "candidate_0026",
  "source": "random_proxy_search",
  "speed_penalty": 0.02257454015985605
}
