{
  "created_process_s": 0.342639066,
  "created_wall_s": 6.4336256939859595,
  "label": "random_85",
  "objective": 0.8145161290322581,
  "paired_score": 0.0,
  "params": {
    "access_bonus": 1.1716337808507145,
    "china_asia_target_bonus": 1.2381064057850573,
    "china_early_penalty": -2.475316202775064,
    "control_break_bonus": 5.131000898873258,
    "country_battleground_bonus": 6.961725701965369,
    "country_europe_core_bonus": 1.9926443334665216,
    "country_mid_war_entry_bonus": 1.9838919647244857,
    "country_non_battleground_bonus": 0.8220752556854226,
    "country_region_scale": 5.050719367036376,
    "country_stability_scale": 0.684252701719352,
    "country_thailand_early_bonus": 5.727458187103249,
    "coup_battleground_bonus": 2.807608639553178,
    "coup_defcon2_penalty": -7.671745370385504,
    "coup_defcon3_penalty": -2.4329192454878594,
    "coup_mode_bonus": 4.176871335769931,
    "early_region_weights": [
      0.8592699749939086,
      1.5042985532552342,
      0.9940366807525283,
      0.5098225157564849,
      0.6017074932892167,
      0.6500526219738015,
      1.282809234120639
    ],
    "headline_friendly_bonus": 2.195884698581918,
    "headline_ops_scale": 0.7158769777028627,
    "influence_mode_bonus": 6.231596646974259,
    "late_region_weights": [
      0.8875341754082398,
      0.8472755648408602,
      0.8616576755026759,
      0.9863034585692467,
      1.3043612691430861,
      1.1427819924837632,
      0.7928957067979086
    ],
    "mid_region_weights": [
      0.8646507158330848,
      1.1074065668991864,
      1.143460368774083,
      0.978047629328669,
      1.2580730040972965,
      1.172320126893689,
      0.9449331963470896
    ],
    "ops_card_penalty": 0.16580035476298927,
    "realign_base_penalty": -3.950963689460096,
    "realign_country_scale": 0.49521634721262264,
    "realign_defcon2_bonus": 1.8242189828763218,
    "realign_mode_bonus": -1.2773512655631187,
    "space_early_bonus": 0.9438244100230639,
    "space_mode_bonus": 1.3293383966399397,
    "space_offside_bonus": 1.9069990601711875,
    "space_when_behind_bonus": 2.0340394966183104
  },
  "proxy_score": 0.8145161290322581,
  "snapshot_id": "candidate_0085",
  "source": "random_proxy_search",
  "speed_penalty": 0.0
}
