{
  "created_process_s": 0.357764675,
  "created_wall_s": 6.448876818991266,
  "label": "random_120",
  "objective": 0.8790322580645161,
  "paired_score": 0.0,
  "params": {
    "access_bonus": 1.672551558613621,
    "china_asia_target_bonus": 1.5042273414137564,
    "china_early_penalty": -2.384639137171823,
    "control_break_bonus": 4.895971891476177,
    "country_battleground_bonus": 7.185668412735615,
    "country_europe_core_bonus": 1.9934159401110223,
    "country_mid_war_entry_bonus": 2.0138307027053397,
    "country_non_battleground_bonus": 0.9454656607891146,
    "country_region_scale": 4.858307268747879,
    "country_stability_scale": 0.5943928278815401,
    "country_thailand_early_bonus": 6.235149008410095,
    "coup_battleground_bonus": 2.4018186346177584,
    "coup_defcon2_penalty": -8.399342895327083,
    "coup_defcon3_penalty": -2.66604668167708,
    "coup_mode_bonus": 3.8894318774400123,
    "early_region_weights": [
      0.9924048353228508,
      1.5986109518832612,
      1.1135615768636762,
      0.5503173445058055,
      0.5198048460456591,
      0.5826831991707839,
      1.062778593061446
    ],
    "headline_friendly_bonus": 1.9430201135266836,
    "headline_ops_scale": 0.6787613652381939,
    "influence_mode_bonus": 6.44345547868,
    "late_region_weights": [
      0.9120037699412143,
      1.0883726075674691,
      0.9623477647608735,
      1.0434124186762885,
      1.0010344573051662,
      0.8844545284343005,
      0.8020904567060323
    ],
    "mid_region_weights": [
      0.9967301173569854,
      1.0253015226819229,
      0.8337113537839466,
      0.969952248822215,
      1.0781795427631822,
      1.1810755185139934,
      1.0592908500063838
    ],
    "ops_card_penalty": 0.1686202709553138,
    "realign_base_penalty": -4.059935879892732,
    "realign_country_scale": 0.6115783782410469,
    "realign_defcon2_bonus": 1.8545313317773986,
    "realign_mode_bonus": -0.8482340437436852,
    "space_early_bonus": 1.1047957401202846,
    "space_mode_bonus": 0.9278725152672238,
    "space_offside_bonus": 1.9614971251080189,
    "space_when_behind_bonus": 1.9700078940013805
  },
  "proxy_score": 0.8790322580645161,
  "snapshot_id": "candidate_0120",
  "source": "random_proxy_search",
  "speed_penalty": 0.0
}
