{
  "created_process_s": 0.325633546,
  "created_wall_s": 6.416615344991442,
  "label": "random_49",
  "objective": 0.7841272515557097,
  "paired_score": 0.0,
  "params": {
    "access_bonus": 1.4249224224784482,
    "china_asia_target_bonus": 1.5866682438339472,
    "china_early_penalty": -2.3924851503024893,
    "control_break_bonus": 4.65672830562894,
    "country_battleground_bonus": 6.874604282132254,
    "country_europe_core_bonus": 2.058219805120202,
    "country_mid_war_entry_bonus": 1.9726811484553843,
    "country_non_battleground_bonus": 1.1374153996776504,
    "country_region_scale": 4.525630302030953,
    "country_stability_scale": 0.6456332758941962,
    "country_thailand_early_bonus": 6.076894348450303,
    "coup_battleground_bonus": 2.198992427989416,
    "coup_defcon2_penalty": -7.448818948878828,
    "coup_defcon3_penalty": -2.618139558340984,
    "coup_mode_bonus": 3.7322699590949573,
    "early_region_weights": [
      0.8965244812915596,
      1.312724314366149,
      0.9634681572321124,
      0.8017408192391382,
      0.6351768843612098,
      0.6822069216951887,
      1.122506086711446
    ],
    "headline_friendly_bonus": 1.9720479549295489,
    "headline_ops_scale": 0.7481108643822993,
    "influence_mode_bonus": 5.658549975953447,
    "late_region_weights": [
      1.068775582944782,
      0.9716827212038407,
      0.797240167835266,
      1.157906433762886,
      0.9174832125607035,
      0.9712451048501105,
      0.7250263862414998
    ],
    "mid_region_weights": [
      0.9910961590835639,
      0.9284666881396288,
      0.9235624827655421,
      0.7175557302597887,
      1.1120908209689004,
      1.1283667053401094,
      0.9353148059622572
    ],
    "ops_card_penalty": 0.1438098068434328,
    "realign_base_penalty": -4.014676093694642,
    "realign_country_scale": 0.5535715298194407,
    "realign_defcon2_bonus": 1.7939847741052484,
    "realign_mode_bonus": -0.7714798684954659,
    "space_early_bonus": 1.188878698420502,
    "space_mode_bonus": 1.1036220109991124,
    "space_offside_bonus": 2.0159146053356367,
    "space_when_behind_bonus": 1.8835570081280641
  },
  "proxy_score": 0.8145161290322581,
  "snapshot_id": "candidate_0049",
  "source": "random_proxy_search",
  "speed_penalty": 0.30388877476548415
}
