{
  "created_process_s": 3.183876719,
  "created_wall_s": 9.275806752993958,
  "label": "spsa_13_plus",
  "objective": 0.873457450213875,
  "paired_score": 0.0,
  "params": {
    "access_bonus": 1.7130382444247387,
    "china_asia_target_bonus": 1.5205780825416657,
    "china_early_penalty": -2.939793763524578,
    "control_break_bonus": 5.071554788880838,
    "country_battleground_bonus": 6.819307132037913,
    "country_europe_core_bonus": 1.852362961598019,
    "country_mid_war_entry_bonus": 1.830565991091892,
    "country_non_battleground_bonus": 0.9820117681055227,
    "country_region_scale": 5.180269029983614,
    "country_stability_scale": 0.5659263032015928,
    "country_thailand_early_bonus": 5.733794850733221,
    "coup_battleground_bonus": 2.223479798996584,
    "coup_defcon2_penalty": -7.728852570703634,
    "coup_defcon3_penalty": -2.3130025015598616,
    "coup_mode_bonus": 3.857731422998939,
    "early_region_weights": [
      0.8598526551702916,
      1.4029968868588536,
      0.9945404552115782,
      0.7139907680164912,
      0.6429431553797602,
      0.67272078096719,
      1.4103661174954023
    ],
    "headline_friendly_bonus": 1.86899851131958,
    "headline_ops_scale": 0.7163776795816642,
    "influence_mode_bonus": 6.148755146562738,
    "late_region_weights": [
      1.247850768753694,
      1.0871138071553794,
      0.9817273957550714,
      0.9140979150723588,
      1.298071632950214,
      1.0104214668688412,
      0.9430674305570402
    ],
    "mid_region_weights": [
      0.893849375778237,
      0.9843532609392011,
      1.1039929040853533,
      0.9063238739881176,
      1.338141877369065,
      1.136470264412247,
      0.8878599873242142
    ],
    "ops_card_penalty": 0.1415953818452139,
    "realign_base_penalty": -4.068964964712398,
    "realign_country_scale": 0.6133081401953773,
    "realign_defcon2_bonus": 2.232754019409392,
    "realign_mode_bonus": -1.0447318440784785,
    "space_early_bonus": 0.9801377334665571,
    "space_mode_bonus": 0.8605755000094322,
    "space_offside_bonus": 2.0105807457897065,
    "space_when_behind_bonus": 1.913529676452935
  },
  "proxy_score": 0.8790322580645161,
  "snapshot_id": "candidate_0145",
  "source": "proxy_spsa",
  "speed_penalty": 0.055748078506411725
}
