{
  "created_process_s": 0.355259108,
  "created_wall_s": 6.446370574994944,
  "label": "random_114",
  "objective": 0.8790322580645161,
  "paired_score": 0.0,
  "params": {
    "access_bonus": 1.3401514725670234,
    "china_asia_target_bonus": 1.3463922332456943,
    "china_early_penalty": -2.048281633033942,
    "control_break_bonus": 5.273238639188132,
    "country_battleground_bonus": 7.244974338040354,
    "country_europe_core_bonus": 2.125032664221547,
    "country_mid_war_entry_bonus": 1.9113842531593779,
    "country_non_battleground_bonus": 0.9260762249822123,
    "country_region_scale": 4.6437918060374415,
    "country_stability_scale": 0.5217000453410511,
    "country_thailand_early_bonus": 5.896058146506148,
    "coup_battleground_bonus": 2.235347019770334,
    "coup_defcon2_penalty": -7.238374597704509,
    "coup_defcon3_penalty": -2.9002758890045377,
    "coup_mode_bonus": 3.8137660599861705,
    "early_region_weights": [
      0.9514672030793438,
      1.3573619419117247,
      1.0396723954873823,
      0.5453302737349056,
      0.5416593010859215,
      0.7417735430269261,
      1.1880004741090773
    ],
    "headline_friendly_bonus": 1.865232395573657,
    "headline_ops_scale": 0.6774376178177947,
    "influence_mode_bonus": 6.1180640578460395,
    "late_region_weights": [
      1.2056345939948407,
      0.9878903444386287,
      1.0834069099727763,
      0.9956670171379691,
      1.0789392487189553,
      0.9851514419586532,
      0.7558225833042527
    ],
    "mid_region_weights": [
      0.9193229274541778,
      1.0144647770896715,
      0.9668662407098744,
      0.881709037110775,
      1.0299502739762885,
      1.061866284975245,
      0.89036193418717
    ],
    "ops_card_penalty": 0.1616622591000919,
    "realign_base_penalty": -4.315208038384984,
    "realign_country_scale": 0.5677631569473959,
    "realign_defcon2_bonus": 1.7925194932156285,
    "realign_mode_bonus": -1.174510614689982,
    "space_early_bonus": 0.9393797059573312,
    "space_mode_bonus": 1.0162869371792098,
    "space_offside_bonus": 1.97567931558245,
    "space_when_behind_bonus": 1.9885241835026333
  },
  "proxy_score": 0.8790322580645161,
  "snapshot_id": "candidate_0114",
  "source": "random_proxy_search",
  "speed_penalty": 0.0
}
