{
  "created_process_s": 4.348651577,
  "created_wall_s": 10.440788745996542,
  "label": "spsa_18_minus",
  "objective": 0.8780255549728472,
  "paired_score": 0.0,
  "params": {
    "access_bonus": 1.7284298151799826,
    "china_asia_target_bonus": 1.5214110392960076,
    "china_early_penalty": -2.9381278500158943,
    "control_break_bonus": 5.069055918617812,
    "country_battleground_bonus": 6.821389523923768,
    "country_europe_core_bonus": 1.8626240087681818,
    "country_mid_war_entry_bonus": 1.8203049439217294,
    "country_non_battleground_bonus": 0.9807623329740098,
    "country_region_scale": 5.178186638097759,
    "country_stability_scale": 0.5655098248244218,
    "country_thailand_early_bonus": 5.735460764241905,
    "coup_battleground_bonus": 2.225145712505268,
    "coup_defcon2_penalty": -7.6878083820229834,
    "coup_defcon3_penalty": -2.3386551194852685,
    "coup_mode_bonus": 3.8602302932619645,
    "early_region_weights": [
      0.8606856119246337,
      1.4132579340290163,
      1.004801502381741,
      0.7242518151866538,
      0.6437761121341022,
      0.6624597337970274,
      1.420627164665565
    ],
    "headline_friendly_bonus": 1.853606940564336,
    "headline_ops_scale": 0.7167941579588352,
    "influence_mode_bonus": 6.151254016825765,
    "late_region_weights": [
      1.2581118159238567,
      1.0862808504010375,
      0.9714663485849088,
      0.9132649583180168,
      1.2878105857800513,
      1.011254423623183,
      0.9328063833868776
    ],
    "mid_region_weights": [
      0.8835883286080743,
      0.9851862176935431,
      1.114253951255516,
      0.9054909172337756,
      1.3278808301989022,
      1.137303221166589,
      0.8981210344943769
    ],
    "ops_card_penalty": 0.1418452688715165,
    "realign_base_penalty": -4.094617582637804,
    "realign_country_scale": 0.6184386637804586,
    "realign_defcon2_bonus": 2.231504584277879,
    "realign_mode_bonus": -1.0463977575871626,
    "space_early_bonus": 0.9809706902208991,
    "space_mode_bonus": 0.840053405669107,
    "space_offside_bonus": 2.0118301809212196,
    "space_when_behind_bonus": 1.8981381056976911
  },
  "proxy_score": 0.8790322580645161,
  "snapshot_id": "candidate_0156",
  "source": "proxy_spsa",
  "speed_penalty": 0.010067030916689257
}
