{
  "created_process_s": 5.227027954,
  "created_wall_s": 11.318945110993809,
  "label": "spsa_22_minus",
  "objective": 0.8776929312705501,
  "paired_score": 0.0,
  "params": {
    "access_bonus": 1.7149627258774487,
    "china_asia_target_bonus": 1.5303890988310302,
    "china_early_penalty": -2.937227788254298,
    "control_break_bonus": 5.042121740012744,
    "country_battleground_bonus": 6.843834672761324,
    "country_europe_core_bonus": 1.8621739778873836,
    "country_mid_war_entry_bonus": 1.8207549748025276,
    "country_non_battleground_bonus": 0.9800872866528126,
    "country_region_scale": 5.177061560895764,
    "country_stability_scale": 0.5610207950569105,
    "country_thailand_early_bonus": 5.7363608260035015,
    "coup_battleground_bonus": 2.2431018315753133,
    "coup_defcon2_penalty": -7.723720620163074,
    "coup_defcon3_penalty": -2.316209970647712,
    "coup_mode_bonus": 3.887164471867032,
    "early_region_weights": [
      0.8611356428054318,
      1.4042798744939937,
      1.0043514715009427,
      0.7152737556516313,
      0.6527541716691247,
      0.6714377933320499,
      1.4116491051305424
    ],
    "headline_friendly_bonus": 1.8542819868855331,
    "headline_ops_scale": 0.7170191733992343,
    "influence_mode_bonus": 6.152604109468158,
    "late_region_weights": [
      1.249133756388834,
      1.0773027908660149,
      0.9804444081199313,
      0.9042868987829943,
      1.2967886453150739,
      1.0202324831582057,
      0.9417844429219001
    ],
    "mid_region_weights": [
      0.8925663881430969,
      0.9941642772285656,
      1.1052758917204935,
      0.9050408863529775,
      1.3368588897339249,
      1.1462812807016116,
      0.8976710036135788
    ],
    "ops_card_penalty": 0.14198027813575592,
    "realign_base_penalty": -4.093492505435809,
    "realign_country_scale": 0.6139496340129473,
    "realign_defcon2_bonus": 2.2180374949753454,
    "realign_mode_bonus": -1.0643538766572076,
    "space_early_bonus": 0.9814207211016972,
    "space_mode_bonus": 0.8409534674307032,
    "space_offside_bonus": 2.0125052272424164,
    "space_when_behind_bonus": 1.8988131520188882
  },
  "proxy_score": 0.8790322580645161,
  "snapshot_id": "candidate_0164",
  "source": "proxy_spsa",
  "speed_penalty": 0.013393267939659337
}
