{
  "created_process_s": 0.300843511,
  "created_wall_s": 6.391804753991892,
  "label": "random_3",
  "objective": 0.7368767898724817,
  "paired_score": 0.0,
  "params": {
    "access_bonus": 1.5510872223864816,
    "china_asia_target_bonus": 1.697499179711516,
    "china_early_penalty": -2.318630712326548,
    "control_break_bonus": 5.014912913884205,
    "country_battleground_bonus": 6.917274937198454,
    "country_europe_core_bonus": 2.0039935309326125,
    "country_mid_war_entry_bonus": 1.84700434800481,
    "country_non_battleground_bonus": 1.1645807910899784,
    "country_region_scale": 5.243953312037809,
    "country_stability_scale": 0.6066615727996233,
    "country_thailand_early_bonus": 6.157702677865681,
    "coup_battleground_bonus": 2.6543531524537793,
    "coup_defcon2_penalty": -8.100827870808706,
    "coup_defcon3_penalty": -2.5220439700352117,
    "coup_mode_bonus": 3.888476605176972,
    "early_region_weights": [
      0.8259600197050396,
      1.4180330790387317,
      1.100305526884874,
      0.4863278441719428,
      0.41668001406382926,
      0.6224086631015787,
      1.2618201976598324
    ],
    "headline_friendly_bonus": 2.036752928833184,
    "headline_ops_scale": 0.736054401916752,
    "influence_mode_bonus": 5.84175494551136,
    "late_region_weights": [
      1.0650560125923265,
      0.9972662362872098,
      0.8951346943645362,
      1.0907130304510249,
      1.299405594674849,
      1.0491748780233712,
      0.7963919441363477
    ],
    "mid_region_weights": [
      0.8622982898971238,
      0.9942579025778927,
      1.0144609621529175,
      1.1188727150069884,
      1.2510566971547632,
      1.2013341661585042,
      1.1215134793630392
    ],
    "ops_card_penalty": 0.1706044624323152,
    "realign_base_penalty": -4.272056825327581,
    "realign_country_scale": 0.5071753330582011,
    "realign_defcon2_bonus": 1.847964996136301,
    "realign_mode_bonus": -0.8146503759249542,
    "space_early_bonus": 1.2032565116960452,
    "space_mode_bonus": 0.9629897400875137,
    "space_offside_bonus": 1.9466280172946602,
    "space_when_behind_bonus": 2.2977951478855854
  },
  "proxy_score": 0.8145161290322581,
  "snapshot_id": "candidate_0003",
  "source": "random_proxy_search",
  "speed_penalty": 0.7763933915977643
}
