{
  "created_process_s": 0.316904599,
  "created_wall_s": 6.407870549999643,
  "label": "random_32",
  "objective": 0.8385697048923658,
  "paired_score": 0.0,
  "params": {
    "access_bonus": 1.343679171600475,
    "china_asia_target_bonus": 1.454849635427648,
    "china_early_penalty": -2.715756230743294,
    "control_break_bonus": 4.438043374787439,
    "country_battleground_bonus": 6.9457481700583195,
    "country_europe_core_bonus": 1.8685282524224747,
    "country_mid_war_entry_bonus": 2.0432314886612,
    "country_non_battleground_bonus": 1.0915028693417557,
    "country_region_scale": 4.851575206920921,
    "country_stability_scale": 0.6218855752565183,
    "country_thailand_early_bonus": 6.505914574079636,
    "coup_battleground_bonus": 2.5326694868958244,
    "coup_defcon2_penalty": -7.534594267752552,
    "coup_defcon3_penalty": -2.3110544911927557,
    "coup_mode_bonus": 3.9107944428333057,
    "early_region_weights": [
      0.9291403198545118,
      1.2730528841279916,
      0.9600261885602681,
      0.5536235793697656,
      0.4346317646188122,
      0.6032104684349038,
      1.329890178528365
    ],
    "headline_friendly_bonus": 1.9404868419018981,
    "headline_ops_scale": 0.6961538828401036,
    "influence_mode_bonus": 5.285441636578731,
    "late_region_weights": [
      1.2341547582735588,
      1.0167821908130024,
      0.8878642469127034,
      1.1090859288354062,
      1.1052797146794153,
      1.0602853238339132,
      0.7722088751727343
    ],
    "mid_region_weights": [
      0.9154840753714216,
      1.1701008206740025,
      0.9916527969451644,
      0.9452449849850492,
      1.2492015863614363,
      1.1860695110613406,
      0.7641368515112894
    ],
    "ops_card_penalty": 0.10476825386180941,
    "realign_base_penalty": -3.760857691990599,
    "realign_country_scale": 0.5560124579029557,
    "realign_defcon2_bonus": 2.080565331883642,
    "realign_mode_bonus": -0.9559766942826022,
    "space_early_bonus": 0.9558864848495556,
    "space_mode_bonus": 0.7300450761513482,
    "space_offside_bonus": 1.9859160717257298,
    "space_when_behind_bonus": 2.3024985518788954
  },
  "proxy_score": 0.8467741935483871,
  "snapshot_id": "candidate_0032",
  "source": "random_proxy_search",
  "speed_penalty": 0.0820448865602128
}
