{
  "created_process_s": 3.391645897,
  "created_wall_s": 9.48369391799497,
  "label": "spsa_14_plus",
  "objective": 0.8752094493340768,
  "paired_score": 0.0,
  "params": {
    "access_bonus": 1.7293765846254898,
    "china_asia_target_bonus": 1.5314703093421664,
    "china_early_penalty": -2.9180093099235767,
    "control_break_bonus": 5.070949457508827,
    "country_battleground_bonus": 6.819811574847923,
    "country_europe_core_bonus": 1.852564738722023,
    "country_mid_war_entry_bonus": 1.8196737642913914,
    "country_non_battleground_bonus": 0.9656734279047716,
    "country_region_scale": 5.179764587173604,
    "country_stability_scale": 0.5658254146395908,
    "country_thailand_early_bonus": 5.734198404981228,
    "coup_battleground_bonus": 2.223883353244592,
    "coup_defcon2_penalty": -7.6852836635016315,
    "coup_defcon3_penalty": -2.3135069443698715,
    "coup_mode_bonus": 3.85833675437095,
    "early_region_weights": [
      0.8707448819707925,
      1.4031986639828575,
      0.994742232335582,
      0.724882994816992,
      0.653835382180261,
      0.6725190038431862,
      1.4105678946194062
    ],
    "headline_friendly_bonus": 1.8526601711188289,
    "headline_ops_scale": 0.7164785681436662,
    "influence_mode_bonus": 6.181431826964241,
    "late_region_weights": [
      1.2480525458776979,
      1.0869120300313755,
      0.9815256186310676,
      0.913896137948355,
      1.2871794061497133,
      1.0213136936693419,
      0.9321752037565394
    ],
    "mid_region_weights": [
      0.8936475986542332,
      0.9952454877397019,
      1.114885130885854,
      0.9061220968641138,
      1.3272496505685643,
      1.136672041536251,
      0.888061764448218
    ],
    "ops_card_penalty": 0.14165591498241503,
    "realign_base_penalty": -4.09619553171365,
    "realign_country_scale": 0.6187542535956276,
    "realign_defcon2_bonus": 2.216415679208641,
    "realign_mode_bonus": -1.0451353983264862,
    "space_early_bonus": 0.9803395105905609,
    "space_mode_bonus": 0.8387910464084306,
    "space_offside_bonus": 2.026919085990458,
    "space_when_behind_bonus": 1.9132270107669294
  },
  "proxy_score": 0.8790322580645161,
  "snapshot_id": "candidate_0147",
  "source": "proxy_spsa",
  "speed_penalty": 0.0382280873043932
}
