{
  "created_process_s": 0.354680922,
  "created_wall_s": 6.445792692989926,
  "label": "random_113",
  "objective": 0.8467741935483871,
  "paired_score": 0.0,
  "params": {
    "access_bonus": 1.3827559442919746,
    "china_asia_target_bonus": 1.4758619611814419,
    "china_early_penalty": -2.7636494394150124,
    "control_break_bonus": 4.485171717752541,
    "country_battleground_bonus": 6.761374235699655,
    "country_europe_core_bonus": 1.8564926702911755,
    "country_mid_war_entry_bonus": 1.8016859351729893,
    "country_non_battleground_bonus": 0.9451845935968113,
    "country_region_scale": 4.538856159298021,
    "country_stability_scale": 0.5664786914893692,
    "country_thailand_early_bonus": 6.378501384430138,
    "coup_battleground_bonus": 2.545953634873073,
    "coup_defcon2_penalty": -7.544041306098467,
    "coup_defcon3_penalty": -2.5797287814297514,
    "coup_mode_bonus": 4.06629828824456,
    "early_region_weights": [
      0.8304822584577409,
      1.4781365155554174,
      1.025087006624937,
      0.6237969734650565,
      0.4886644040739504,
      0.661052382464966,
      1.4761853264323814
    ],
    "headline_friendly_bonus": 2.0746299162124466,
    "headline_ops_scale": 0.7703797063956139,
    "influence_mode_bonus": 6.387558000197151,
    "late_region_weights": [
      1.1258281523705176,
      0.9847264394229669,
      0.9219140409881127,
      1.0942108984132362,
      1.0447847695248427,
      0.8897487876445797,
      0.7464361440869026
    ],
    "mid_region_weights": [
      0.9172020968406712,
      1.1545241592695916,
      0.8943278431849395,
      1.0471804299002054,
      1.3194663871757344,
      1.109934308670234,
      0.9392334294062401
    ],
    "ops_card_penalty": 0.09038028824433725,
    "realign_base_penalty": -4.464998624155964,
    "realign_country_scale": 0.4727270262968644,
    "realign_defcon2_bonus": 1.73107833997013,
    "realign_mode_bonus": -0.5803957231279628,
    "space_early_bonus": 0.9385278199938316,
    "space_mode_bonus": 0.7814284440589071,
    "space_offside_bonus": 2.200425219748933,
    "space_when_behind_bonus": 2.1745065786675557
  },
  "proxy_score": 0.8467741935483871,
  "snapshot_id": "candidate_0113",
  "source": "random_proxy_search",
  "speed_penalty": 0.0
}
