{
  "created_process_s": 4.583188801,
  "created_wall_s": 10.675275577988941,
  "label": "spsa_19_minus",
  "objective": 0.8662682832084401,
  "paired_score": 0.0,
  "params": {
    "access_bonus": 1.728241219384234,
    "china_asia_target_bonus": 1.5307133991813293,
    "china_early_penalty": -2.919523130245251,
    "control_break_bonus": 5.041148838961847,
    "country_battleground_bonus": 6.844645423637072,
    "country_europe_core_bonus": 1.85332164888286,
    "country_mid_war_entry_bonus": 1.829607303807051,
    "country_non_battleground_bonus": 0.9805737371782611,
    "country_region_scale": 5.154930738384455,
    "country_stability_scale": 0.560858644881761,
    "country_thailand_early_bonus": 5.735712225302903,
    "coup_battleground_bonus": 2.2437504322759114,
    "coup_defcon2_penalty": -7.72501782156427,
    "coup_defcon3_penalty": -2.3153992197719644,
    "coup_mode_bonus": 3.8881373729179294,
    "early_region_weights": [
      0.8699879718099552,
      1.4131322034985172,
      0.9954991424964192,
      0.7149494553013322,
      0.6439018426646013,
      0.671762093682349,
      1.4113248047802434
    ],
    "headline_friendly_bonus": 1.8537955363600847,
    "headline_ops_scale": 0.7168570232240847,
    "influence_mode_bonus": 6.151631208417261,
    "late_region_weights": [
      1.2579860853933575,
      1.0861551198705384,
      0.9807687084702303,
      0.9039625984326952,
      1.2879363163105504,
      1.0113801541536822,
      0.9329321139173766
    ],
    "mid_region_weights": [
      0.8837140591385734,
      0.9944885775788647,
      1.1049515913701944,
      0.9053651867032766,
      1.3280065607294014,
      1.1374289516970881,
      0.8979953039638778
    ],
    "ops_card_penalty": 0.14463597683711296,
    "realign_base_penalty": -4.0713616829245005,
    "realign_country_scale": 0.6137874838377978,
    "realign_defcon2_bonus": 2.2313159884821308,
    "realign_mode_bonus": -1.0466492186481606,
    "space_early_bonus": 0.9810964207513981,
    "space_mode_bonus": 0.8403048667301052,
    "space_offside_bonus": 2.012018776716968,
    "space_when_behind_bonus": 1.9120916455256736
  },
  "proxy_score": 0.8790322580645161,
  "snapshot_id": "candidate_0158",
  "source": "proxy_spsa",
  "speed_penalty": 0.12763974856076077
}
