{
  "created_process_s": 6.627212147,
  "created_wall_s": 1012.9730558279989,
  "label": "refine_5",
  "objective": 0.8664006884108341,
  "paired_score": 0.0,
  "params": {
    "access_bonus": 1.4705028902596855,
    "china_asia_target_bonus": 1.4550552860372858,
    "china_early_penalty": -2.4380066132737785,
    "control_break_bonus": 5.217215012367902,
    "country_battleground_bonus": 6.8163341438068645,
    "country_europe_core_bonus": 2.043618655084857,
    "country_mid_war_entry_bonus": 2.0211587738606007,
    "country_non_battleground_bonus": 1.2174924762012413,
    "country_region_scale": 4.839922073231022,
    "country_stability_scale": 0.5163186373411581,
    "country_thailand_early_bonus": 5.718548415620001,
    "coup_battleground_bonus": 2.713617401826693,
    "coup_defcon2_penalty": -8.022555975894328,
    "coup_defcon3_penalty": -2.5033431281179808,
    "coup_mode_bonus": 3.5292791408039994,
    "early_region_weights": [
      0.8464144632442706,
      1.2218654269505749,
      0.976415208020205,
      0.6764267083002266,
      0.29640668647147894,
      0.602303796030656,
      1.2556256925019846
    ],
    "headline_friendly_bonus": 1.7130275435213238,
    "headline_ops_scale": 0.8261118560743488,
    "influence_mode_bonus": 5.919764619254806,
    "late_region_weights": [
      1.1735154124952325,
      1.035244338439172,
      1.0279909335731734,
      0.9687171705771953,
      1.1742775487457242,
      0.9916176820340146,
      0.6499388565529911
    ],
    "mid_region_weights": [
      0.8597582658799542,
      0.9607942305315151,
      0.9555343979928583,
      0.8681144471014103,
      1.1731403064991097,
      1.216181236689253,
      0.7289015214953811
    ],
    "ops_card_penalty": 0.1945563232083989,
    "realign_base_penalty": -3.985238862599405,
    "realign_country_scale": 0.6023516960155025,
    "realign_defcon2_bonus": 1.8357480602040717,
    "realign_mode_bonus": -1.1047515841183937,
    "space_early_bonus": 1.0034995771963484,
    "space_mode_bonus": 0.8838239698620443,
    "space_offside_bonus": 2.1661275969054126,
    "space_when_behind_bonus": 1.8794865318206144
  },
  "proxy_score": 0.8790322580645161,
  "snapshot_id": "candidate_0173",
  "source": "screen_refine",
  "speed_penalty": 0.12631569653682084
}
