{
  "created_process_s": 0.30357739899999997,
  "created_wall_s": 6.394539944987628,
  "label": "random_8",
  "objective": 0.7410235374469415,
  "paired_score": 0.0,
  "params": {
    "access_bonus": 1.6796918531191511,
    "china_asia_target_bonus": 1.5542336831649421,
    "china_early_penalty": -2.734836926053108,
    "control_break_bonus": 4.662708990745485,
    "country_battleground_bonus": 6.838861663722314,
    "country_europe_core_bonus": 2.0776939483652206,
    "country_mid_war_entry_bonus": 1.9978847119584895,
    "country_non_battleground_bonus": 1.2777785172693776,
    "country_region_scale": 5.26173547194368,
    "country_stability_scale": 0.5776771946861747,
    "country_thailand_early_bonus": 5.559682295901514,
    "coup_battleground_bonus": 2.883532086763204,
    "coup_defcon2_penalty": -7.871962415566771,
    "coup_defcon3_penalty": -2.060338040047594,
    "coup_mode_bonus": 4.35417251096574,
    "early_region_weights": [
      0.7809329289171678,
      1.2859404107708439,
      1.0736063744462183,
      0.5986826210008053,
      0.40587998707142403,
      0.6087394908696986,
      1.2894707727983987
    ],
    "headline_friendly_bonus": 1.8989672329073028,
    "headline_ops_scale": 0.7180051204412686,
    "influence_mode_bonus": 6.3209194466784036,
    "late_region_weights": [
      1.0033291113808092,
      0.8743544427244679,
      0.9411359335899224,
      1.105527527176183,
      1.1552091363455925,
      0.9337459440922931,
      0.6333563677560013
    ],
    "mid_region_weights": [
      1.0213015869127837,
      1.069142261388197,
      1.059897980218037,
      0.9526138056389979,
      1.2295574273426848,
      1.3418464201644662,
      0.9079747699042818
    ],
    "ops_card_penalty": 0.16995210292040597,
    "realign_base_penalty": -4.100554758799042,
    "realign_country_scale": 0.5012183274907539,
    "realign_defcon2_bonus": 1.8232326717059655,
    "realign_mode_bonus": -1.1899318803342827,
    "space_early_bonus": 1.026276798126175,
    "space_mode_bonus": 0.8652385069875276,
    "space_offside_bonus": 2.363765574548684,
    "space_when_behind_bonus": 2.109895603227526
  },
  "proxy_score": 0.8145161290322581,
  "snapshot_id": "candidate_0008",
  "source": "random_proxy_search",
  "speed_penalty": 0.734925915853166
}
