{
  "created_process_s": 3.076416951,
  "created_wall_s": 9.1683101279923,
  "label": "spsa_12_minus",
  "objective": 0.8777224785995638,
  "paired_score": 0.0,
  "params": {
    "access_bonus": 1.7126984933302727,
    "china_asia_target_bonus": 1.5318985871958144,
    "china_early_penalty": -2.940246764983866,
    "control_break_bonus": 5.07223429106977,
    "country_battleground_bonus": 6.818740880213803,
    "country_europe_core_bonus": 1.852136460868375,
    "country_mid_war_entry_bonus": 1.8192454864377434,
    "country_non_battleground_bonus": 0.9823515191999888,
    "country_region_scale": 5.180835281807724,
    "country_stability_scale": 0.5660395535664148,
    "country_thailand_early_bonus": 5.733341849273933,
    "coup_battleground_bonus": 2.223026797537296,
    "coup_defcon2_penalty": -7.68357055208704,
    "coup_defcon3_penalty": -2.312436249735752,
    "coup_mode_bonus": 3.8916929369613844,
    "early_region_weights": [
      0.8711731598244402,
      1.4143173915130023,
      0.9943139544819343,
      0.7253112726706398,
      0.6427166546501163,
      0.6614002763130414,
      1.4101396167657583
    ],
    "headline_friendly_bonus": 1.8520177543383571,
    "headline_ops_scale": 0.7162644292168422,
    "influence_mode_bonus": 6.182716660525184,
    "late_region_weights": [
      1.24762426802405,
      1.0873403078850234,
      0.9819538964847153,
      0.9027774104182102,
      1.2867511282960653,
      1.0217419715229898,
      0.9432939312866842
    ],
    "mid_region_weights": [
      0.8940758765078809,
      0.9841267602095571,
      1.115313408739502,
      0.9065503747177616,
      1.3268213727149163,
      1.136243763682603,
      0.8876334865945703
    ],
    "ops_card_penalty": 0.1415274316263207,
    "realign_base_penalty": -4.068398712888288,
    "realign_country_scale": 0.6131948898305553,
    "realign_defcon2_bonus": 2.2330937705038583,
    "realign_mode_bonus": -1.0442788426191907,
    "space_early_bonus": 0.9799112327369132,
    "space_mode_bonus": 0.8379344907011351,
    "space_offside_bonus": 2.0275615027709293,
    "space_when_behind_bonus": 1.913869427547401
  },
  "proxy_score": 0.8790322580645161,
  "snapshot_id": "candidate_0144",
  "source": "proxy_spsa",
  "speed_penalty": 0.013097794649523209
}
