{
  "created_process_s": 0.344136192,
  "created_wall_s": 6.435123141985969,
  "label": "random_89",
  "objective": 0.8317759403005256,
  "paired_score": 0.0,
  "params": {
    "access_bonus": 1.3537943747719483,
    "china_asia_target_bonus": 1.5322034074721527,
    "china_early_penalty": -2.258105820004001,
    "control_break_bonus": 5.102708511200476,
    "country_battleground_bonus": 6.745575394799346,
    "country_europe_core_bonus": 2.0891829710452443,
    "country_mid_war_entry_bonus": 1.9988131743929407,
    "country_non_battleground_bonus": 1.0784212167850957,
    "country_region_scale": 5.072434815985958,
    "country_stability_scale": 0.609373092802772,
    "country_thailand_early_bonus": 5.829025516589837,
    "coup_battleground_bonus": 2.345937213163476,
    "coup_defcon2_penalty": -8.631198352988065,
    "coup_defcon3_penalty": -2.7680961269907076,
    "coup_mode_bonus": 4.129663909791721,
    "early_region_weights": [
      0.8087135243163934,
      1.3215170587721394,
      1.302124747812804,
      0.7731812836593774,
      0.4800229295918321,
      0.6433840020858399,
      1.0594093473437722
    ],
    "headline_friendly_bonus": 2.1623548567410333,
    "headline_ops_scale": 0.8140616800171139,
    "influence_mode_bonus": 6.212465716600271,
    "late_region_weights": [
      0.9731773732074395,
      0.842157911992677,
      0.7152142357064509,
      1.0589231691727312,
      0.9976246857895164,
      1.0738866647532088,
      0.7309235488100669
    ],
    "mid_region_weights": [
      0.8901331942239455,
      1.012930791890037,
      1.0221034470342556,
      0.9340141818081462,
      1.0694356837095336,
      1.2306088384998037,
      1.0336822714343157
    ],
    "ops_card_penalty": 0.14392332095539265,
    "realign_base_penalty": -4.167730464677742,
    "realign_country_scale": 0.5895408982266512,
    "realign_defcon2_bonus": 2.2140802459391167,
    "realign_mode_bonus": -0.620686128373881,
    "space_early_bonus": 0.9652371301499607,
    "space_mode_bonus": 1.1121672037290113,
    "space_offside_bonus": 1.970953339705328,
    "space_when_behind_bonus": 2.0628194234051658
  },
  "proxy_score": 0.8467741935483871,
  "snapshot_id": "candidate_0089",
  "source": "random_proxy_search",
  "speed_penalty": 0.14998253247861482
}
