{
  "created_process_s": 0.31583922799999997,
  "created_wall_s": 6.406804811995244,
  "label": "random_30",
  "objective": 0.8467741935483871,
  "paired_score": 0.0,
  "params": {
    "access_bonus": 1.3851941171885784,
    "china_asia_target_bonus": 1.5333732161077145,
    "china_early_penalty": -2.502929648939527,
    "control_break_bonus": 4.65755655370616,
    "country_battleground_bonus": 7.22016080336482,
    "country_europe_core_bonus": 1.9645598001638873,
    "country_mid_war_entry_bonus": 1.927432219168705,
    "country_non_battleground_bonus": 0.934354534754178,
    "country_region_scale": 4.9339121022285,
    "country_stability_scale": 0.6083412632558661,
    "country_thailand_early_bonus": 5.761632618776577,
    "coup_battleground_bonus": 2.7731442716974506,
    "coup_defcon2_penalty": -7.709527340702407,
    "coup_defcon3_penalty": -2.2027745781844628,
    "coup_mode_bonus": 4.228520961988623,
    "early_region_weights": [
      0.9353420919125877,
      1.1844171421048093,
      1.0230737602640796,
      0.7034315028131296,
      0.5028551402939685,
      0.5998410845830021,
      1.0594177463546963
    ],
    "headline_friendly_bonus": 2.1338893749512544,
    "headline_ops_scale": 0.7880914507588281,
    "influence_mode_bonus": 5.689795548955937,
    "late_region_weights": [
      1.1339654093812932,
      0.9769784660658566,
      1.0596007012750066,
      1.0095411110339896,
      1.0281039099490186,
      0.9581688159624937,
      0.8396706407510499
    ],
    "mid_region_weights": [
      0.9981346424418109,
      1.0827953383867412,
      1.1512662028531127,
      0.835884181200432,
      1.3813954458459001,
      1.1552118790438313,
      0.9054835782822936
    ],
    "ops_card_penalty": 0.13378162811966812,
    "realign_base_penalty": -3.857364503303455,
    "realign_country_scale": 0.48189938086855977,
    "realign_defcon2_bonus": 1.8369766001666572,
    "realign_mode_bonus": -1.0441314264569188,
    "space_early_bonus": 0.9694994198212901,
    "space_mode_bonus": 0.5474087727848692,
    "space_offside_bonus": 2.01341619526153,
    "space_when_behind_bonus": 2.161016724929236
  },
  "proxy_score": 0.8467741935483871,
  "snapshot_id": "candidate_0030",
  "source": "random_proxy_search",
  "speed_penalty": 0.0
}
