{
  "created_process_s": 0.357304217,
  "created_wall_s": 6.4484161809959915,
  "label": "random_119",
  "objective": 0.782258064516129,
  "paired_score": 0.0,
  "params": {
    "access_bonus": 1.2428411137607829,
    "china_asia_target_bonus": 1.4768546126063344,
    "china_early_penalty": -2.678647968505247,
    "control_break_bonus": 4.769965755908799,
    "country_battleground_bonus": 6.9236648008477495,
    "country_europe_core_bonus": 1.868847350973389,
    "country_mid_war_entry_bonus": 2.0577286523041343,
    "country_non_battleground_bonus": 0.9425839880606869,
    "country_region_scale": 4.735361791502888,
    "country_stability_scale": 0.579259571440155,
    "country_thailand_early_bonus": 5.847498052277117,
    "coup_battleground_bonus": 2.153812259534161,
    "coup_defcon2_penalty": -8.197094517362713,
    "coup_defcon3_penalty": -2.5587335683769443,
    "coup_mode_bonus": 4.075389219499477,
    "early_region_weights": [
      0.8145135895976732,
      1.2426188125524593,
      0.9962687757113077,
      0.6389552415928591,
      0.4753810819233407,
      0.6905800299718543,
      1.5342109152905945
    ],
    "headline_friendly_bonus": 1.9086982024616674,
    "headline_ops_scale": 0.7473755855352258,
    "influence_mode_bonus": 5.658122484780744,
    "late_region_weights": [
      1.1454845447361164,
      1.0023987836857124,
      1.001783609696183,
      1.1046787049206384,
      1.070347785771869,
      0.8831156691632613,
      0.8346545464986824
    ],
    "mid_region_weights": [
      0.937269763347094,
      0.9675596893002917,
      0.9893670391766294,
      1.0363409360011748,
      1.2139860264607727,
      1.3483158957413393,
      0.9015204454888944
    ],
    "ops_card_penalty": 0.16745944606798657,
    "realign_base_penalty": -3.606801580818907,
    "realign_country_scale": 0.5239631254372639,
    "realign_defcon2_bonus": 1.651552005308211,
    "realign_mode_bonus": -1.226109782920107,
    "space_early_bonus": 1.0246443999057262,
    "space_mode_bonus": 1.2377723204861932,
    "space_offside_bonus": 1.8984487467705609,
    "space_when_behind_bonus": 1.9501184027263299
  },
  "proxy_score": 0.782258064516129,
  "snapshot_id": "candidate_0119",
  "source": "random_proxy_search",
  "speed_penalty": 0.0
}
