{
  "created_process_s": 0.326603979,
  "created_wall_s": 6.417586036986904,
  "label": "random_51",
  "objective": 0.8421690314474969,
  "paired_score": 0.0,
  "params": {
    "access_bonus": 1.5597314094118628,
    "china_asia_target_bonus": 1.5664526075685234,
    "china_early_penalty": -2.5863314657875986,
    "control_break_bonus": 5.03657886428748,
    "country_battleground_bonus": 6.947757103417238,
    "country_europe_core_bonus": 2.0699706630493395,
    "country_mid_war_entry_bonus": 2.1063250950531223,
    "country_non_battleground_bonus": 1.022429214602612,
    "country_region_scale": 5.043829966650848,
    "country_stability_scale": 0.6044930276500082,
    "country_thailand_early_bonus": 6.203459487451053,
    "coup_battleground_bonus": 2.438853797626117,
    "coup_defcon2_penalty": -8.601343747440076,
    "coup_defcon3_penalty": -2.8282360608419017,
    "coup_mode_bonus": 3.678886302006494,
    "early_region_weights": [
      0.8924245604645651,
      1.2325187151840078,
      1.073038219617954,
      0.5596188934409126,
      0.6018335919732998,
      0.6321176355972217,
      1.1374148999969955
    ],
    "headline_friendly_bonus": 2.1486485064852543,
    "headline_ops_scale": 0.7298897013148012,
    "influence_mode_bonus": 6.208017045726461,
    "late_region_weights": [
      1.2314249571893376,
      0.7674280726048408,
      0.8160399990184452,
      1.162449135951733,
      1.1515334597112534,
      1.07029778911534,
      0.7477096430857444
    ],
    "mid_region_weights": [
      0.926059579077701,
      1.037006316963078,
      1.1519805689712572,
      0.8909027868008221,
      1.0866993754595526,
      1.1155712461089464,
      0.8821538191865695
    ],
    "ops_card_penalty": 0.1717140185744036,
    "realign_base_penalty": -3.6745762194991047,
    "realign_country_scale": 0.516939498660265,
    "realign_defcon2_bonus": 2.5149246897666497,
    "realign_mode_bonus": -1.0272284296829846,
    "space_early_bonus": 1.0016227947283853,
    "space_mode_bonus": 1.1337428585457572,
    "space_offside_bonus": 1.8651463426560744,
    "space_when_behind_bonus": 2.0177932079576557
  },
  "proxy_score": 0.8467741935483871,
  "snapshot_id": "candidate_0051",
  "source": "random_proxy_search",
  "speed_penalty": 0.04605162100890281
}
