{
  "created_process_s": 0.325119604,
  "created_wall_s": 6.416101538998191,
  "label": "random_48",
  "objective": 0.8145161290322581,
  "paired_score": 0.0,
  "params": {
    "access_bonus": 1.7685754520754653,
    "china_asia_target_bonus": 1.5884626746920407,
    "china_early_penalty": -2.409724250791624,
    "control_break_bonus": 4.9384278382879865,
    "country_battleground_bonus": 6.9115812043195906,
    "country_europe_core_bonus": 1.978813347240053,
    "country_mid_war_entry_bonus": 2.098691641854093,
    "country_non_battleground_bonus": 1.0853646051080927,
    "country_region_scale": 4.783317635200414,
    "country_stability_scale": 0.49958494909482487,
    "country_thailand_early_bonus": 5.801627265672395,
    "coup_battleground_bonus": 2.169680215617912,
    "coup_defcon2_penalty": -7.317422813092622,
    "coup_defcon3_penalty": -2.7582311241775646,
    "coup_mode_bonus": 3.9434044393887464,
    "early_region_weights": [
      0.9865984566430417,
      1.327975426304533,
      1.0285909945030474,
      0.5517686134290749,
      0.27554559516321664,
      0.5712384737844323,
      1.1048497332362581
    ],
    "headline_friendly_bonus": 1.9910641276985193,
    "headline_ops_scale": 0.7426341934716723,
    "influence_mode_bonus": 6.005167365959377,
    "late_region_weights": [
      0.9591604137024334,
      0.7135512156740862,
      1.129299574261976,
      1.0041685341734699,
      1.083416916539259,
      1.0376965134570137,
      0.8164252641918885
    ],
    "mid_region_weights": [
      0.9460443047286319,
      0.902972664495175,
      1.002432914578144,
      1.150875759275491,
      1.0601311774675162,
      1.1545752976865904,
      0.7102264084184583
    ],
    "ops_card_penalty": 0.14754137539912818,
    "realign_base_penalty": -4.319396495895069,
    "realign_country_scale": 0.5469711025215201,
    "realign_defcon2_bonus": 2.1210604286244927,
    "realign_mode_bonus": -1.255062223663915,
    "space_early_bonus": 1.158123698527865,
    "space_mode_bonus": 0.5582851566811873,
    "space_offside_bonus": 1.9366357416952202,
    "space_when_behind_bonus": 2.1277549969963867
  },
  "proxy_score": 0.8145161290322581,
  "snapshot_id": "candidate_0048",
  "source": "random_proxy_search",
  "speed_penalty": 0.0
}
