{
  "created_process_s": 0.330781946,
  "created_wall_s": 6.421765202991082,
  "label": "random_59",
  "objective": 0.8363911000604656,
  "paired_score": 0.0,
  "params": {
    "access_bonus": 1.7197774294030852,
    "china_asia_target_bonus": 1.4926718369202627,
    "china_early_penalty": -2.513188620091996,
    "control_break_bonus": 5.359618510105844,
    "country_battleground_bonus": 6.7765108098864095,
    "country_europe_core_bonus": 1.941623635303372,
    "country_mid_war_entry_bonus": 2.137689312362363,
    "country_non_battleground_bonus": 1.419392761229571,
    "country_region_scale": 5.012914832965086,
    "country_stability_scale": 0.6506559916042681,
    "country_thailand_early_bonus": 5.782730386945191,
    "coup_battleground_bonus": 2.2066531377922027,
    "coup_defcon2_penalty": -8.293481049349271,
    "coup_defcon3_penalty": -2.3799651367280834,
    "coup_mode_bonus": 3.923311824467637,
    "early_region_weights": [
      0.9547075223800368,
      1.2366481383058208,
      1.2507220705962565,
      0.5359528180418405,
      0.6060438242914421,
      0.46319711396309204,
      1.2560223163684447
    ],
    "headline_friendly_bonus": 2.0115430904482476,
    "headline_ops_scale": 0.7673595826776007,
    "influence_mode_bonus": 6.134573598407486,
    "late_region_weights": [
      1.0108800154017974,
      0.8484767865389233,
      1.0577061846206548,
      1.0350537236001858,
      1.1324914748620165,
      0.8624483828450509,
      0.7677576890085444
    ],
    "mid_region_weights": [
      0.8463268240455378,
      0.9114785791816123,
      0.8104363746363166,
      0.7762665706675445,
      1.2167024701522706,
      1.179033106456115,
      1.0364797357222792
    ],
    "ops_card_penalty": 0.15312981901592396,
    "realign_base_penalty": -4.0256138588548,
    "realign_country_scale": 0.5906446727964411,
    "realign_defcon2_bonus": 2.0665594528384843,
    "realign_mode_bonus": -0.7314213818249774,
    "space_early_bonus": 1.0776434515721114,
    "space_mode_bonus": 0.9008386925968338,
    "space_offside_bonus": 2.3500133377291093,
    "space_when_behind_bonus": 2.103201560666862
  },
  "proxy_score": 0.8467741935483871,
  "snapshot_id": "candidate_0059",
  "source": "random_proxy_search",
  "speed_penalty": 0.10383093487921502
}
