{
  "created_process_s": 0.349493776,
  "created_wall_s": 6.440603906987235,
  "label": "random_101",
  "objective": 0.8007348401087347,
  "paired_score": 0.0,
  "params": {
    "access_bonus": 1.3770850099879752,
    "china_asia_target_bonus": 1.5708753800542845,
    "china_early_penalty": -2.4776368533821755,
    "control_break_bonus": 4.9631811951100815,
    "country_battleground_bonus": 7.289727269240732,
    "country_europe_core_bonus": 1.870007276297085,
    "country_mid_war_entry_bonus": 2.153306053283853,
    "country_non_battleground_bonus": 1.0372843203439577,
    "country_region_scale": 4.932476134322003,
    "country_stability_scale": 0.7378642902481897,
    "country_thailand_early_bonus": 6.106792774017061,
    "coup_battleground_bonus": 2.550759987481671,
    "coup_defcon2_penalty": -7.709433651234395,
    "coup_defcon3_penalty": -2.44526276433226,
    "coup_mode_bonus": 3.362176446613665,
    "early_region_weights": [
      0.8117314765299084,
      1.381615256482846,
      1.2298689019544375,
      0.6439629303132778,
      0.6034372876220288,
      0.6209669229085029,
      1.1688123208349481
    ],
    "headline_friendly_bonus": 1.9195544001545635,
    "headline_ops_scale": 0.780722017122508,
    "influence_mode_bonus": 6.280080163809767,
    "late_region_weights": [
      0.9912652722865842,
      0.8366209373303319,
      0.973822944770359,
      1.1449532518191696,
      1.001904465241731,
      0.8619638621955379,
      0.8141590854772661
    ],
    "mid_region_weights": [
      0.8610673814654439,
      0.8705465594638134,
      0.8700280373180507,
      1.0185921922281764,
      1.1904465316642616,
      1.119945949183384,
      0.8487757820273896
    ],
    "ops_card_penalty": 0.15662909983177586,
    "realign_base_penalty": -3.8854969019605097,
    "realign_country_scale": 0.5663427832465052,
    "realign_defcon2_bonus": 1.9296614972227468,
    "realign_mode_bonus": -0.9516572154798361,
    "space_early_bonus": 0.9854770561220586,
    "space_mode_bonus": 1.1564994658271148,
    "space_offside_bonus": 1.9849561046010864,
    "space_when_behind_bonus": 1.9158662366224117
  },
  "proxy_score": 0.8145161290322581,
  "snapshot_id": "candidate_0101",
  "source": "random_proxy_search",
  "speed_penalty": 0.13781288923523394
}
