{
  "created_process_s": 0.340483015,
  "created_wall_s": 6.431468664988643,
  "label": "random_80",
  "objective": 0.782258064516129,
  "paired_score": 0.0,
  "params": {
    "access_bonus": 1.6417525941962887,
    "china_asia_target_bonus": 1.5550340700289367,
    "china_early_penalty": -2.3844430475381944,
    "control_break_bonus": 4.805075081360462,
    "country_battleground_bonus": 7.041200268859538,
    "country_europe_core_bonus": 1.9460494632354184,
    "country_mid_war_entry_bonus": 1.9626166963912874,
    "country_non_battleground_bonus": 1.114122861811435,
    "country_region_scale": 4.980513890846995,
    "country_stability_scale": 0.5814595926736092,
    "country_thailand_early_bonus": 5.9013594529181725,
    "coup_battleground_bonus": 2.6355306606782234,
    "coup_defcon2_penalty": -7.816163141015728,
    "coup_defcon3_penalty": -2.3550236227891186,
    "coup_mode_bonus": 4.014481259501938,
    "early_region_weights": [
      0.8773145034931963,
      1.2675653110804972,
      1.0414545028440092,
      0.5029508648334691,
      0.47485088895071803,
      0.5516675701527862,
      1.244636617666995
    ],
    "headline_friendly_bonus": 2.0232200572900716,
    "headline_ops_scale": 0.8176555385857913,
    "influence_mode_bonus": 5.8330609389299966,
    "late_region_weights": [
      1.1802450901542987,
      0.9737300661130801,
      1.0093662800913157,
      0.8726103395767466,
      1.0633984830686631,
      1.150753909001111,
      0.7895851754283013
    ],
    "mid_region_weights": [
      0.7174701342369998,
      0.9342649782919987,
      0.7446036116454054,
      1.053767556159039,
      1.168659309587709,
      1.2919650734990458,
      1.0440738206560762
    ],
    "ops_card_penalty": 0.11318797999674934,
    "realign_base_penalty": -4.0621816993939985,
    "realign_country_scale": 0.5505076230721251,
    "realign_defcon2_bonus": 1.8534568716889384,
    "realign_mode_bonus": -0.5776548359561308,
    "space_early_bonus": 1.0569131944763042,
    "space_mode_bonus": 0.7448028135126197,
    "space_offside_bonus": 2.065443949424961,
    "space_when_behind_bonus": 2.103029236334242
  },
  "proxy_score": 0.782258064516129,
  "snapshot_id": "candidate_0080",
  "source": "random_proxy_search",
  "speed_penalty": 0.0
}
