{
  "created_process_s": 1.8790094860000002,
  "created_wall_s": 7.970542635986931,
  "label": "spsa_7_plus",
  "objective": 0.8665196860578155,
  "paired_score": 0.0,
  "params": {
    "access_bonus": 1.7326976815583939,
    "china_asia_target_bonus": 1.5336843739641026,
    "china_early_penalty": -2.9438183385204426,
    "control_break_bonus": 5.077591651374635,
    "country_battleground_bonus": 6.8520728605940056,
    "country_europe_core_bonus": 1.8503506741000868,
    "country_mid_war_entry_bonus": 1.8325782785898244,
    "country_non_battleground_bonus": 0.9850301993524211,
    "country_region_scale": 5.1475033014275215,
    "country_stability_scale": 0.5669324469505589,
    "country_thailand_early_bonus": 5.760007433578094,
    "coup_battleground_bonus": 2.249692381841458,
    "coup_defcon2_penalty": -7.676427405013887,
    "coup_defcon3_penalty": -2.345768230115954,
    "coup_mode_bonus": 3.897050297266249,
    "early_region_weights": [
      0.8729589465927285,
      1.4161031782812905,
      0.9925281677136459,
      0.7270970594389281,
      0.6560494468021971,
      0.6747330684651223,
      1.40835382999747
    ],
    "headline_friendly_bonus": 1.8720169425664783,
    "headline_ops_scale": 0.7229308252928827,
    "influence_mode_bonus": 6.142718284068941,
    "late_region_weights": [
      1.2609570601761309,
      1.0740075157329425,
      0.9837396832530036,
      0.9009916236499219,
      1.284965341527777,
      1.008409179370909,
      0.9299611391346033
    ],
    "mid_region_weights": [
      0.8807430843558001,
      0.9823409734412688,
      1.101980616587421,
      0.9083361614860499,
      1.325035585946628,
      1.149576555834684,
      0.885847699826282
    ],
    "ops_card_penalty": 0.14552726927194495,
    "realign_base_penalty": -4.1017306932684905,
    "realign_country_scale": 0.6123019964464111,
    "realign_defcon2_bonus": 2.235772450656291,
    "realign_mode_bonus": -1.040707269082614,
    "space_early_bonus": 0.9781254459686248,
    "space_mode_bonus": 0.8646000750052967,
    "space_offside_bonus": 2.030240182923362,
    "space_when_behind_bonus": 1.9165481076998334
  },
  "proxy_score": 0.8790322580645161,
  "snapshot_id": "candidate_0133",
  "source": "proxy_spsa",
  "speed_penalty": 0.12512572006700595
}
