{
  "created_process_s": 0.343388542,
  "created_wall_s": 6.434375344993896,
  "label": "random_87",
  "objective": 0.8467741935483871,
  "paired_score": 0.0,
  "params": {
    "access_bonus": 1.5642628092483735,
    "china_asia_target_bonus": 1.423750262790721,
    "china_early_penalty": -2.4819735273671117,
    "control_break_bonus": 4.952641759426335,
    "country_battleground_bonus": 6.8071367530374935,
    "country_europe_core_bonus": 2.055193942509059,
    "country_mid_war_entry_bonus": 2.021261272418597,
    "country_non_battleground_bonus": 0.8183399764004038,
    "country_region_scale": 4.917032110720836,
    "country_stability_scale": 0.5435904348283588,
    "country_thailand_early_bonus": 5.953934954053562,
    "coup_battleground_bonus": 2.159743158988917,
    "coup_defcon2_penalty": -7.949368332167163,
    "coup_defcon3_penalty": -2.669846878593975,
    "coup_mode_bonus": 4.131508641517596,
    "early_region_weights": [
      0.9623417383702998,
      1.3998778308823987,
      1.1431012732785146,
      0.5411113036976752,
      0.3800628890146945,
      0.7394381604766391,
      1.3171896350754273
    ],
    "headline_friendly_bonus": 2.1980615924134344,
    "headline_ops_scale": 0.7143018795313383,
    "influence_mode_bonus": 5.733931848122629,
    "late_region_weights": [
      1.1016649397562843,
      1.0760099037779887,
      1.0256093277017788,
      0.9479808469297802,
      0.8602948049898572,
      1.1240496629085095,
      0.709041115693946
    ],
    "mid_region_weights": [
      0.9032874225639458,
      0.8731734511126046,
      0.9954409239321376,
      0.9844216253801022,
      1.16961192038137,
      1.0401671130474428,
      0.7577216654623913
    ],
    "ops_card_penalty": 0.12213346334961296,
    "realign_base_penalty": -3.941290123973643,
    "realign_country_scale": 0.5161032209366533,
    "realign_defcon2_bonus": 2.1093457529744803,
    "realign_mode_bonus": -0.9014718151476279,
    "space_early_bonus": 1.0787642518157543,
    "space_mode_bonus": 0.7455187282806603,
    "space_offside_bonus": 2.09068383914503,
    "space_when_behind_bonus": 1.9720289906384474
  },
  "proxy_score": 0.8467741935483871,
  "snapshot_id": "candidate_0087",
  "source": "random_proxy_search",
  "speed_penalty": 0.0
}
