{
  "created_process_s": 0.317567397,
  "created_wall_s": 6.408533335998072,
  "label": "random_33",
  "objective": 0.7812789225855161,
  "paired_score": 0.0,
  "params": {
    "access_bonus": 1.3844807819222003,
    "china_asia_target_bonus": 1.4474339188612213,
    "china_early_penalty": -2.672517988562674,
    "control_break_bonus": 4.678510303235366,
    "country_battleground_bonus": 7.239995331320254,
    "country_europe_core_bonus": 2.063202813118194,
    "country_mid_war_entry_bonus": 2.2468500941459397,
    "country_non_battleground_bonus": 0.9312389453137309,
    "country_region_scale": 5.089113301355114,
    "country_stability_scale": 0.5942628321083925,
    "country_thailand_early_bonus": 5.9746503936328486,
    "coup_battleground_bonus": 2.6421089699540152,
    "coup_defcon2_penalty": -7.726649528216177,
    "coup_defcon3_penalty": -1.9886072907133714,
    "coup_mode_bonus": 3.699849518307583,
    "early_region_weights": [
      0.7915090872454335,
      1.1954716713240843,
      1.0105119465554357,
      0.6878128803926841,
      0.5488382081321144,
      0.4951281181741325,
      1.241690072311333
    ],
    "headline_friendly_bonus": 2.0670551233112455,
    "headline_ops_scale": 0.7211469002337116,
    "influence_mode_bonus": 5.940567147961508,
    "late_region_weights": [
      1.130849313571822,
      0.9701024981446998,
      0.8326575381683057,
      1.1571045563748954,
      0.9614763866566005,
      1.0130291262189044,
      0.6494001108124869
    ],
    "mid_region_weights": [
      1.086060272217272,
      0.9251702385939798,
      0.8910406991587152,
      0.8538994000493328,
      1.249212744756884,
      1.3540990267581308,
      1.0018064234814372
    ],
    "ops_card_penalty": 0.18212162943022242,
    "realign_base_penalty": -4.218382689463646,
    "realign_country_scale": 0.5454913663182732,
    "realign_defcon2_bonus": 1.9245725810887748,
    "realign_mode_bonus": -1.2612983917842016,
    "space_early_bonus": 0.9224312866074101,
    "space_mode_bonus": 1.0152506739244607,
    "space_offside_bonus": 1.9886435149793462,
    "space_when_behind_bonus": 2.07351029457037
  },
  "proxy_score": 0.782258064516129,
  "snapshot_id": "candidate_0033",
  "source": "random_proxy_search",
  "speed_penalty": 0.009791419306128368
}
