{
  "created_process_s": 0.307624428,
  "created_wall_s": 6.398587837989908,
  "label": "random_15",
  "objective": 0.744927493445758,
  "paired_score": 0.0,
  "params": {
    "access_bonus": 1.3914765944957042,
    "china_asia_target_bonus": 1.5238653998795997,
    "china_early_penalty": -2.1980559137001627,
    "control_break_bonus": 5.101107965428644,
    "country_battleground_bonus": 7.011958059658469,
    "country_europe_core_bonus": 2.0053859689092115,
    "country_mid_war_entry_bonus": 2.101438329246711,
    "country_non_battleground_bonus": 1.2323519857488467,
    "country_region_scale": 5.071117030027394,
    "country_stability_scale": 0.5781036263465449,
    "country_thailand_early_bonus": 5.8923370996564355,
    "coup_battleground_bonus": 2.6254118419422126,
    "coup_defcon2_penalty": -8.067770071327674,
    "coup_defcon3_penalty": -2.417812012424308,
    "coup_mode_bonus": 3.7688772516028743,
    "early_region_weights": [
      0.9110833885226937,
      1.1905368213696683,
      1.1017250803107066,
      0.6128738322755987,
      0.5942571814989414,
      0.5251479456591409,
      1.257434933256555
    ],
    "headline_friendly_bonus": 1.9850161214082918,
    "headline_ops_scale": 0.7529719702177965,
    "influence_mode_bonus": 6.2230559933182334,
    "late_region_weights": [
      1.0100571335060593,
      0.9946501467891086,
      1.005249891128545,
      1.1107159415111683,
      1.046906003893874,
      1.0468126777344615,
      0.7803703230441921
    ],
    "mid_region_weights": [
      0.9709297909669254,
      0.8675658190771903,
      1.082045443712153,
      1.0393173122328645,
      1.3063068422679927,
      1.0745798051731033,
      0.9125180266992208
    ],
    "ops_card_penalty": 0.15169475042974914,
    "realign_base_penalty": -3.860574376073254,
    "realign_country_scale": 0.591701604697023,
    "realign_defcon2_bonus": 1.917792202902588,
    "realign_mode_bonus": -1.0227240383619736,
    "space_early_bonus": 0.944471077126441,
    "space_mode_bonus": 1.1974372603719114,
    "space_offside_bonus": 1.6289990787009963,
    "space_when_behind_bonus": 1.7299771273627271
  },
  "proxy_score": 0.8145161290322581,
  "snapshot_id": "candidate_0015",
  "source": "random_proxy_search",
  "speed_penalty": 0.695886355865001
}
