{
  "created_process_s": 7.566679616,
  "created_wall_s": 1370.7451762609999,
  "label": "refine_12",
  "objective": 0.8770280268846152,
  "paired_score": 0.0,
  "params": {
    "access_bonus": 1.4697194978047723,
    "china_asia_target_bonus": 1.423920515485078,
    "china_early_penalty": -2.514637578975665,
    "control_break_bonus": 5.224003361782574,
    "country_battleground_bonus": 6.864371754026044,
    "country_europe_core_bonus": 1.972872846412523,
    "country_mid_war_entry_bonus": 2.066542234330973,
    "country_non_battleground_bonus": 1.2581245446638,
    "country_region_scale": 4.896172561191036,
    "country_stability_scale": 0.5285833998754487,
    "country_thailand_early_bonus": 5.812422422495328,
    "coup_battleground_bonus": 2.7449452731152935,
    "coup_defcon2_penalty": -7.930202890221763,
    "coup_defcon3_penalty": -2.399401491761526,
    "coup_mode_bonus": 3.3300925614588563,
    "early_region_weights": [
      0.8572836417976822,
      1.2968278679035579,
      0.9868137779605826,
      0.6255146479803908,
      0.3375136777132676,
      0.6152550093827104,
      1.2618035266923466
    ],
    "headline_friendly_bonus": 1.7205799632526477,
    "headline_ops_scale": 0.8308461696812451,
    "influence_mode_bonus": 5.800796236629418,
    "late_region_weights": [
      1.1158078351238205,
      1.003044677039989,
      1.0443291864776016,
      0.9765362909931793,
      1.189339862121487,
      0.9705785008853648,
      0.6829763496785156
    ],
    "mid_region_weights": [
      0.8895251796352777,
      0.9481135757633802,
      0.9157336319424566,
      0.8847798101531438,
      1.137470032568573,
      1.261306458876557,
      0.716608774937524
    ],
    "ops_card_penalty": 0.1926358757571665,
    "realign_base_penalty": -3.9331323433049428,
    "realign_country_scale": 0.6148000985033439,
    "realign_defcon2_bonus": 1.8883817841084651,
    "realign_mode_bonus": -1.048247112201648,
    "space_early_bonus": 1.0104108805771108,
    "space_mode_bonus": 0.944654974309503,
    "space_offside_bonus": 2.1021518088333604,
    "space_when_behind_bonus": 1.8755852545509715
  },
  "proxy_score": 0.8790322580645161,
  "snapshot_id": "candidate_0180",
  "source": "screen_refine",
  "speed_penalty": 0.020042311799009394
}
