{
  "created_process_s": 0.339402451,
  "created_wall_s": 6.430388052991475,
  "label": "random_78",
  "objective": 0.8145161290322581,
  "paired_score": 0.0,
  "params": {
    "access_bonus": 1.4636446073168574,
    "china_asia_target_bonus": 1.5826018660927645,
    "china_early_penalty": -2.6491664365495367,
    "control_break_bonus": 5.33464922096132,
    "country_battleground_bonus": 7.135205597973893,
    "country_europe_core_bonus": 1.9931853877229502,
    "country_mid_war_entry_bonus": 1.8363459583538269,
    "country_non_battleground_bonus": 0.9695468045932233,
    "country_region_scale": 5.346295197836249,
    "country_stability_scale": 0.5892608433660317,
    "country_thailand_early_bonus": 6.179514406113316,
    "coup_battleground_bonus": 2.482125990976831,
    "coup_defcon2_penalty": -7.4616942394183265,
    "coup_defcon3_penalty": -2.7376968011400376,
    "coup_mode_bonus": 4.11013551464826,
    "early_region_weights": [
      0.822089993486631,
      1.5167857881042053,
      0.9614346488111206,
      0.45170953202797204,
      0.40466501758142304,
      0.6163914639020912,
      1.177313723647706
    ],
    "headline_friendly_bonus": 2.112008670047846,
    "headline_ops_scale": 0.8260409236780005,
    "influence_mode_bonus": 5.669799155033987,
    "late_region_weights": [
      0.9679511596330455,
      0.8033590530149778,
      0.882926451013835,
      0.9703492224824105,
      1.1464091505742553,
      1.0963701505205063,
      0.7727648377477598
    ],
    "mid_region_weights": [
      0.9264512957989351,
      1.1155747827019926,
      0.9987411701620521,
      0.8742899054874806,
      1.0962600576933432,
      1.3280560263723231,
      1.095098670720153
    ],
    "ops_card_penalty": 0.2034211353897401,
    "realign_base_penalty": -3.9991134927058383,
    "realign_country_scale": 0.5812389667594273,
    "realign_defcon2_bonus": 2.1614563615987383,
    "realign_mode_bonus": -0.5607310121175754,
    "space_early_bonus": 0.9457907720225617,
    "space_mode_bonus": 1.1577381250675953,
    "space_offside_bonus": 2.0012632492630704,
    "space_when_behind_bonus": 2.2561224581627926
  },
  "proxy_score": 0.8145161290322581,
  "snapshot_id": "candidate_0078",
  "source": "random_proxy_search",
  "speed_penalty": 0.0
}
