{
  "created_process_s": 4.241647981,
  "created_wall_s": 10.333813976991223,
  "label": "spsa_18_plus",
  "objective": 0.8726067878015942,
  "paired_score": 0.0,
  "params": {
    "access_bonus": 1.7142876795562516,
    "china_asia_target_bonus": 1.5308391297118285,
    "china_early_penalty": -2.9192716691842526,
    "control_break_bonus": 5.0407716473703505,
    "country_battleground_bonus": 6.844959749963319,
    "country_europe_core_bonus": 1.853195918352361,
    "country_mid_war_entry_bonus": 1.8297330343375502,
    "country_non_battleground_bonus": 0.9666201973502788,
    "country_region_scale": 5.154616412058208,
    "country_stability_scale": 0.5607957796165114,
    "country_thailand_early_bonus": 5.754316945073546,
    "coup_battleground_bonus": 2.2440018933369097,
    "coup_defcon2_penalty": -7.725520743686267,
    "coup_defcon3_penalty": -2.3150848934457167,
    "coup_mode_bonus": 3.8885145645094266,
    "early_region_weights": [
      0.8701137023404543,
      1.4038298436131955,
      0.9953734119659202,
      0.7148237247708332,
      0.6532042025499228,
      0.671887824212848,
      1.4111990742497442
    ],
    "headline_friendly_bonus": 1.867749076188067,
    "headline_ops_scale": 0.7215082031667456,
    "influence_mode_bonus": 6.179538288073226,
    "late_region_weights": [
      1.2486837255080359,
      1.0768527599852167,
      0.9808944390007294,
      0.9038368679021962,
      1.297238676195872,
      1.020682514039004,
      0.9422344738026982
    ],
    "mid_region_weights": [
      0.893016419023895,
      0.9946143081093637,
      1.1048258608396953,
      0.896062826817955,
      1.337308920614723,
      1.1467313115824098,
      0.8886929440785563
    ],
    "ops_card_penalty": 0.14467369599626267,
    "realign_base_penalty": -4.071047356598253,
    "realign_country_scale": 0.6137246185725482,
    "realign_defcon2_bonus": 2.2173624486541486,
    "realign_mode_bonus": -1.0652539384188038,
    "space_early_bonus": 0.9903987806367197,
    "space_mode_bonus": 0.8589095865007482,
    "space_offside_bonus": 2.02597231654495,
    "space_when_behind_bonus": 1.9122802413214222
  },
  "proxy_score": 0.8790322580645161,
  "snapshot_id": "candidate_0155",
  "source": "proxy_spsa",
  "speed_penalty": 0.06425470262921995
}
