{
  "created_process_s": 0.340979773,
  "created_wall_s": 6.4319656119914725,
  "label": "random_81",
  "objective": 0.8145161290322581,
  "paired_score": 0.0,
  "params": {
    "access_bonus": 1.4654221448780824,
    "china_asia_target_bonus": 1.6486644916993436,
    "china_early_penalty": -2.344029519707648,
    "control_break_bonus": 4.768676337705607,
    "country_battleground_bonus": 7.0959843914168275,
    "country_europe_core_bonus": 1.8540029530675284,
    "country_mid_war_entry_bonus": 1.7958067871306762,
    "country_non_battleground_bonus": 0.8886740463464358,
    "country_region_scale": 4.8099867623706585,
    "country_stability_scale": 0.5313654403476763,
    "country_thailand_early_bonus": 5.980398463647616,
    "coup_battleground_bonus": 2.4451211337576373,
    "coup_defcon2_penalty": -7.997573617496861,
    "coup_defcon3_penalty": -2.309912242636686,
    "coup_mode_bonus": 4.043647921023289,
    "early_region_weights": [
      0.9328456547985002,
      1.3601818263086238,
      0.8687332105731337,
      0.8502168329236676,
      0.43242548358774585,
      0.582661320321956,
      1.2128331868278068
    ],
    "headline_friendly_bonus": 1.7891275353649403,
    "headline_ops_scale": 0.7903800213302722,
    "influence_mode_bonus": 5.890692086147854,
    "late_region_weights": [
      1.1476691494911153,
      0.9690942560922149,
      0.7810405914422616,
      0.9785099167115999,
      1.0307763545616964,
      0.9180665058511923,
      0.6565845679376632
    ],
    "mid_region_weights": [
      0.9820321857417484,
      1.1304338275301142,
      1.0623275578400626,
      1.0153451271150353,
      1.1800061164703175,
      0.9792787234307568,
      0.8849831006894604
    ],
    "ops_card_penalty": 0.15549495363979465,
    "realign_base_penalty": -3.922530364165666,
    "realign_country_scale": 0.5574702842189364,
    "realign_defcon2_bonus": 2.1356836566815254,
    "realign_mode_bonus": -0.9273860246995977,
    "space_early_bonus": 0.881988131053068,
    "space_mode_bonus": 1.055717033245785,
    "space_offside_bonus": 1.9350696575213677,
    "space_when_behind_bonus": 2.2026895784527207
  },
  "proxy_score": 0.8145161290322581,
  "snapshot_id": "candidate_0081",
  "source": "random_proxy_search",
  "speed_penalty": 0.0
}
