{
  "created_process_s": 0.32779506199999997,
  "created_wall_s": 6.418777283994132,
  "label": "random_53",
  "objective": 0.8145161290322581,
  "paired_score": 0.0,
  "params": {
    "access_bonus": 1.4231878251048813,
    "china_asia_target_bonus": 1.5105147077616008,
    "china_early_penalty": -2.687417335989623,
    "control_break_bonus": 4.362663257126006,
    "country_battleground_bonus": 6.651986884243114,
    "country_europe_core_bonus": 1.9612925832357064,
    "country_mid_war_entry_bonus": 2.0826671602802698,
    "country_non_battleground_bonus": 1.1666254355170766,
    "country_region_scale": 5.176125066272656,
    "country_stability_scale": 0.6565838350409682,
    "country_thailand_early_bonus": 6.235556297886222,
    "coup_battleground_bonus": 2.5356410595478667,
    "coup_defcon2_penalty": -7.168869658036973,
    "coup_defcon3_penalty": -2.8517474280671995,
    "coup_mode_bonus": 4.301987940282449,
    "early_region_weights": [
      0.9255114410254437,
      1.2679600378236489,
      1.0227695441645916,
      0.5294333717657329,
      0.5737144615837999,
      0.5743362985395557,
      1.265062813738964
    ],
    "headline_friendly_bonus": 2.204560823121556,
    "headline_ops_scale": 0.8446261690803261,
    "influence_mode_bonus": 6.00740240436786,
    "late_region_weights": [
      0.9872086380406567,
      1.109158205437858,
      0.9254792738475991,
      0.9979915592329593,
      1.115582426288489,
      0.9884283829647186,
      0.8081403172146896
    ],
    "mid_region_weights": [
      0.8320323793597597,
      1.1109789597912074,
      1.1216024954403232,
      0.8585247001480633,
      1.1513598933820417,
      1.0738763806425409,
      1.0380264230195968
    ],
    "ops_card_penalty": 0.2085980835739662,
    "realign_base_penalty": -4.1104645468102525,
    "realign_country_scale": 0.5782003815631511,
    "realign_defcon2_bonus": 2.1125460143207486,
    "realign_mode_bonus": -0.8212827217077859,
    "space_early_bonus": 1.0504901853109705,
    "space_mode_bonus": 1.029529203029775,
    "space_offside_bonus": 1.886898028894856,
    "space_when_behind_bonus": 2.098053012631719
  },
  "proxy_score": 0.8145161290322581,
  "snapshot_id": "candidate_0053",
  "source": "random_proxy_search",
  "speed_penalty": 0.0
}
