{
  "created_process_s": 0.312795714,
  "created_wall_s": 6.403760612985934,
  "label": "random_24",
  "objective": 0.8129733232729496,
  "paired_score": 0.0,
  "params": {
    "access_bonus": 1.7365649640937888,
    "china_asia_target_bonus": 1.6904535161696086,
    "china_early_penalty": -2.3934279620674044,
    "control_break_bonus": 4.521780441925672,
    "country_battleground_bonus": 7.2332239616877745,
    "country_europe_core_bonus": 2.0716816772360995,
    "country_mid_war_entry_bonus": 2.114164970808141,
    "country_non_battleground_bonus": 1.0584802383762604,
    "country_region_scale": 4.89709674066808,
    "country_stability_scale": 0.7204086785354041,
    "country_thailand_early_bonus": 6.061456567480195,
    "coup_battleground_bonus": 2.64660816307996,
    "coup_defcon2_penalty": -8.179817136078153,
    "coup_defcon3_penalty": -2.2450275144947716,
    "coup_mode_bonus": 3.6651366911540673,
    "early_region_weights": [
      1.0613668891229004,
      1.1924318181719806,
      1.0423281650031124,
      0.6448269802213346,
      0.6196775814945839,
      0.6316422959786808,
      1.2993829752912605
    ],
    "headline_friendly_bonus": 1.8640447756605703,
    "headline_ops_scale": 0.7418437130143462,
    "influence_mode_bonus": 5.881517179626755,
    "late_region_weights": [
      1.069762673234429,
      1.0253767889355763,
      0.9271685281561811,
      1.1763377468475362,
      1.2110651220940563,
      0.9670341970197451,
      0.6943294338520597
    ],
    "mid_region_weights": [
      1.0925554459599611,
      1.0242299714834735,
      1.0463111195581074,
      0.8947182631453987,
      0.9657644182151464,
      1.3562383264261186,
      0.8612027559104215
    ],
    "ops_card_penalty": 0.12525772971778265,
    "realign_base_penalty": -3.901080616561119,
    "realign_country_scale": 0.5475254343930255,
    "realign_defcon2_bonus": 2.0340713799143058,
    "realign_mode_bonus": -1.193111971739375,
    "space_early_bonus": 1.0563750744801845,
    "space_mode_bonus": 1.0946008456886107,
    "space_offside_bonus": 2.114401496362292,
    "space_when_behind_bonus": 1.9201260309439694
  },
  "proxy_score": 0.8145161290322581,
  "snapshot_id": "candidate_0024",
  "source": "random_proxy_search",
  "speed_penalty": 0.015428057593085853
}
