{
  "created_process_s": 0.315361076,
  "created_wall_s": 6.406326514988905,
  "label": "random_29",
  "objective": 0.8393079452765192,
  "paired_score": 0.0,
  "params": {
    "access_bonus": 1.1444198160526076,
    "china_asia_target_bonus": 1.5779207158216408,
    "china_early_penalty": -2.829337606771191,
    "control_break_bonus": 4.81823860444273,
    "country_battleground_bonus": 7.125581270542533,
    "country_europe_core_bonus": 2.21142132304736,
    "country_mid_war_entry_bonus": 1.967200157122704,
    "country_non_battleground_bonus": 1.1720178679130524,
    "country_region_scale": 4.3517541203108125,
    "country_stability_scale": 0.5319812136738068,
    "country_thailand_early_bonus": 5.944000818259445,
    "coup_battleground_bonus": 2.5469097779293883,
    "coup_defcon2_penalty": -8.03411852821918,
    "coup_defcon3_penalty": -2.3129573594434354,
    "coup_mode_bonus": 4.0240480591147385,
    "early_region_weights": [
      0.872161169531569,
      1.4670636739985887,
      1.1214377177793295,
      0.6428789046082891,
      0.4029964577887523,
      0.6503136394293744,
      1.1030085621894035
    ],
    "headline_friendly_bonus": 2.1115266983052017,
    "headline_ops_scale": 0.7328479453924557,
    "influence_mode_bonus": 5.949038944779325,
    "late_region_weights": [
      1.098069590871252,
      0.957178934428666,
      1.0607951024098299,
      1.029937739771117,
      1.0925930916376583,
      0.9756392041895664,
      0.8054613791975994
    ],
    "mid_region_weights": [
      0.9561441474765864,
      1.0587994718841303,
      0.8212171277007675,
      0.8580392826070717,
      1.1562779281473232,
      1.1036475956431508,
      0.9573554070958508
    ],
    "ops_card_penalty": 0.12235852559173035,
    "realign_base_penalty": -3.8316814309142515,
    "realign_country_scale": 0.5774727566297633,
    "realign_defcon2_bonus": 1.905366537224998,
    "realign_mode_bonus": -1.0909854643907908,
    "space_early_bonus": 1.0636980755413017,
    "space_mode_bonus": 0.8941593170439378,
    "space_offside_bonus": 2.0156111907020917,
    "space_when_behind_bonus": 1.9369912305467654
  },
  "proxy_score": 0.8467741935483871,
  "snapshot_id": "candidate_0029",
  "source": "random_proxy_search",
  "speed_penalty": 0.07466248271867948
}
