{
  "created_process_s": 0.332526,
  "created_wall_s": 6.423509941989323,
  "label": "random_63",
  "objective": 0.7711849239058662,
  "paired_score": 0.0,
  "params": {
    "access_bonus": 1.5026615678635964,
    "china_asia_target_bonus": 1.594353669835533,
    "china_early_penalty": -2.3330760126671133,
    "control_break_bonus": 4.88588614582512,
    "country_battleground_bonus": 7.08679407536981,
    "country_europe_core_bonus": 1.890081355121646,
    "country_mid_war_entry_bonus": 1.9328117742789592,
    "country_non_battleground_bonus": 0.845882529911667,
    "country_region_scale": 5.273363304347034,
    "country_stability_scale": 0.6515470575450305,
    "country_thailand_early_bonus": 6.4348626713988235,
    "coup_battleground_bonus": 2.5068908754843737,
    "coup_defcon2_penalty": -8.28918839352058,
    "coup_defcon3_penalty": -2.8527773107075545,
    "coup_mode_bonus": 4.094551273501001,
    "early_region_weights": [
      0.858300409056615,
      1.4122008599814937,
      1.0757172967977238,
      0.4770383024596995,
      0.5664028736348212,
      0.8877805888952578,
      1.2942610400950956
    ],
    "headline_friendly_bonus": 2.117773321812235,
    "headline_ops_scale": 0.7704493350339584,
    "influence_mode_bonus": 5.699336182880552,
    "late_region_weights": [
      1.2234262935151232,
      0.9509915917846669,
      0.9913143790057101,
      1.146682915210131,
      1.0804457689967992,
      1.0095518353356683,
      0.7389679004657553
    ],
    "mid_region_weights": [
      1.1053733743416918,
      1.021482132136289,
      0.8218930782772469,
      1.025003115504089,
      1.1884544559070613,
      1.344288053618602,
      0.9470584670774882
    ],
    "ops_card_penalty": 0.10831887170899238,
    "realign_base_penalty": -4.206380680505066,
    "realign_country_scale": 0.6206682449301489,
    "realign_defcon2_bonus": 1.8029740375532899,
    "realign_mode_bonus": -1.1242235050860194,
    "space_early_bonus": 0.9721349317310931,
    "space_mode_bonus": 0.7179881597233082,
    "space_offside_bonus": 2.292205062108734,
    "space_when_behind_bonus": 1.974792355612624
  },
  "proxy_score": 0.782258064516129,
  "snapshot_id": "candidate_0063",
  "source": "random_proxy_search",
  "speed_penalty": 0.11073140610262722
}
