{
  "created_process_s": 3.5006420990000002,
  "created_wall_s": 9.59271574599552,
  "label": "spsa_14_minus",
  "objective": 0.8766475983123301,
  "paired_score": 0.0,
  "params": {
    "access_bonus": 1.7133409101107444,
    "china_asia_target_bonus": 1.5207798596656696,
    "china_early_penalty": -2.9393902092765702,
    "control_break_bonus": 5.038878108479335,
    "country_battleground_bonus": 6.846537699039165,
    "country_europe_core_bonus": 1.8632551883985198,
    "country_mid_war_entry_bonus": 1.8303642139678882,
    "country_non_battleground_bonus": 0.981709102419517,
    "country_region_scale": 5.153038462982362,
    "country_stability_scale": 0.5604801898013424,
    "country_thailand_early_bonus": 5.755579304334223,
    "coup_battleground_bonus": 2.2452642525975857,
    "coup_defcon2_penalty": -7.728045462207619,
    "coup_defcon3_penalty": -2.3402330685611137,
    "coup_mode_bonus": 3.890408103400441,
    "early_region_weights": [
      0.8600544322942955,
      1.4138891136593543,
      1.005432682012079,
      0.714192545140495,
      0.643144932503764,
      0.6618285541666892,
      1.421258344295903
    ],
    "headline_friendly_bonus": 1.8686958456335743,
    "headline_ops_scale": 0.7218237929819146,
    "influence_mode_bonus": 6.149360477934749,
    "late_region_weights": [
      1.2587429955541947,
      1.0762215803548787,
      0.9708351689545706,
      0.903205688271858,
      1.29786985582621,
      1.010623243992845,
      0.9428656534330364
    ],
    "mid_region_weights": [
      0.8829571489777361,
      0.9845550380632049,
      1.1041946812093573,
      0.8954316471876168,
      1.337940100245061,
      1.1473624912127478,
      0.8987522141247151
    ],
    "ops_card_penalty": 0.14486304988536414,
    "realign_base_penalty": -4.069469407522408,
    "realign_country_scale": 0.6134090287573792,
    "realign_defcon2_bonus": 2.2324513537233868,
    "realign_mode_bonus": -1.0665162976794802,
    "space_early_bonus": 0.9910299602670579,
    "space_mode_bonus": 0.8601719457614246,
    "space_offside_bonus": 2.010883411475712,
    "space_when_behind_bonus": 1.897191336252184
  },
  "proxy_score": 0.8790322580645161,
  "snapshot_id": "candidate_0148",
  "source": "proxy_spsa",
  "speed_penalty": 0.023846597521860025
}
