{
  "created_process_s": 0.335097203,
  "created_wall_s": 6.426081550991512,
  "label": "random_69",
  "objective": 0.8126301208028608,
  "paired_score": 0.0,
  "params": {
    "access_bonus": 1.516054760779031,
    "china_asia_target_bonus": 1.4790849948699782,
    "china_early_penalty": -2.2983829042844826,
    "control_break_bonus": 5.169025297762239,
    "country_battleground_bonus": 6.580413693043859,
    "country_europe_core_bonus": 1.88797793924376,
    "country_mid_war_entry_bonus": 2.258796456541103,
    "country_non_battleground_bonus": 1.3635178470428473,
    "country_region_scale": 4.676842517519101,
    "country_stability_scale": 0.6047088461427914,
    "country_thailand_early_bonus": 5.847544550341465,
    "coup_battleground_bonus": 2.3320809900795587,
    "coup_defcon2_penalty": -7.773726579885291,
    "coup_defcon3_penalty": -2.2837518915578188,
    "coup_mode_bonus": 3.8054294484448987,
    "early_region_weights": [
      0.6415094032439195,
      1.4496131552249847,
      1.0988916076857895,
      0.6288493221871713,
      0.6264871326076842,
      0.5781174432067353,
      1.260859150090536
    ],
    "headline_friendly_bonus": 2.0163560472118673,
    "headline_ops_scale": 0.7212808555318134,
    "influence_mode_bonus": 6.492793513506754,
    "late_region_weights": [
      1.2326282669021587,
      0.9210544000619184,
      0.8369218281839848,
      1.1538382629718427,
      1.1170356329410933,
      1.0617945109014526,
      0.7730411571473663
    ],
    "mid_region_weights": [
      0.9938670823060122,
      1.0869872065018817,
      1.0751590078675792,
      0.8658091710426848,
      1.3253739537139682,
      1.0941662407601336,
      0.9978559097846413
    ],
    "ops_card_penalty": 0.12177896260416271,
    "realign_base_penalty": -3.954499357613669,
    "realign_country_scale": 0.47344444229625265,
    "realign_defcon2_bonus": 1.780554124878396,
    "realign_mode_bonus": -0.797596116136432,
    "space_early_bonus": 0.8345392933576516,
    "space_mode_bonus": 0.4348927577610342,
    "space_offside_bonus": 2.0829940961328433,
    "space_when_behind_bonus": 2.154356216843237
  },
  "proxy_score": 0.8145161290322581,
  "snapshot_id": "candidate_0069",
  "source": "random_proxy_search",
  "speed_penalty": 0.018860082293973512
}
