{
  "created_process_s": 0.324207809,
  "created_wall_s": 6.4151895309914835,
  "label": "random_46",
  "objective": 0.8107063162184258,
  "paired_score": 0.0,
  "params": {
    "access_bonus": 1.7621937536777885,
    "china_asia_target_bonus": 1.5165669948089622,
    "china_early_penalty": -2.1040364070487354,
    "control_break_bonus": 4.922019623928001,
    "country_battleground_bonus": 6.813789716158099,
    "country_europe_core_bonus": 2.1337980824170284,
    "country_mid_war_entry_bonus": 2.0491886358749665,
    "country_non_battleground_bonus": 0.8648404907751053,
    "country_region_scale": 4.936541580647457,
    "country_stability_scale": 0.6099525478235095,
    "country_thailand_early_bonus": 6.1492545801715215,
    "coup_battleground_bonus": 2.4465043079384357,
    "coup_defcon2_penalty": -7.958461235824223,
    "coup_defcon3_penalty": -2.447649024649287,
    "coup_mode_bonus": 4.4722030926205845,
    "early_region_weights": [
      0.881612353072587,
      1.3639256266658037,
      1.0774605973037528,
      0.6341864101861517,
      0.38358478880069957,
      0.7051849128254978,
      1.0591260044873472
    ],
    "headline_friendly_bonus": 1.7734772111350483,
    "headline_ops_scale": 0.7555330123637749,
    "influence_mode_bonus": 6.063787095570321,
    "late_region_weights": [
      1.0574180378216127,
      0.9699083298112177,
      0.8001497144333456,
      1.0521042974001542,
      0.9948948490794424,
      1.1325614513373425,
      0.9329487499358616
    ],
    "mid_region_weights": [
      0.8088310948204908,
      1.094272058776258,
      1.1305929854938894,
      0.8418436759019818,
      1.2887632202998902,
      1.2316600734375125,
      1.0174537199225175
    ],
    "ops_card_penalty": 0.16654520184343927,
    "realign_base_penalty": -4.15780339901966,
    "realign_country_scale": 0.6014317248611477,
    "realign_defcon2_bonus": 2.0680878129964753,
    "realign_mode_bonus": -0.7396365304533608,
    "space_early_bonus": 1.0824522185121075,
    "space_mode_bonus": 1.1041799080377306,
    "space_offside_bonus": 1.794050088096684,
    "space_when_behind_bonus": 2.005437389115786
  },
  "proxy_score": 0.8145161290322581,
  "snapshot_id": "candidate_0046",
  "source": "random_proxy_search",
  "speed_penalty": 0.03809812813832303
}
