{
  "created_process_s": 0.309087704,
  "created_wall_s": 6.400051469987375,
  "label": "random_18",
  "objective": 0.7442059450582017,
  "paired_score": 0.0,
  "params": {
    "access_bonus": 1.573898534237729,
    "china_asia_target_bonus": 1.4411660937474102,
    "china_early_penalty": -2.5469719858788578,
    "control_break_bonus": 5.261976089388489,
    "country_battleground_bonus": 7.033208044585136,
    "country_europe_core_bonus": 2.006195798158444,
    "country_mid_war_entry_bonus": 1.925905590597203,
    "country_non_battleground_bonus": 1.243872609501417,
    "country_region_scale": 4.788670081373435,
    "country_stability_scale": 0.587069574052855,
    "country_thailand_early_bonus": 5.977746795168041,
    "coup_battleground_bonus": 2.137975174103175,
    "coup_defcon2_penalty": -8.43856639314515,
    "coup_defcon3_penalty": -2.445222429730179,
    "coup_mode_bonus": 4.36033887918465,
    "early_region_weights": [
      0.7051913328351008,
      1.4732929990348875,
      1.1621599442006478,
      0.507518467723987,
      0.4427416952161742,
      0.7377895125153017,
      1.0407857973837105
    ],
    "headline_friendly_bonus": 1.8516188651060175,
    "headline_ops_scale": 0.7957990831807069,
    "influence_mode_bonus": 5.910867054463086,
    "late_region_weights": [
      1.0652847338519378,
      0.9581537676574485,
      0.7990608220092986,
      1.0712238828747422,
      1.15457720667065,
      0.9706219294722468,
      0.7773702391089145
    ],
    "mid_region_weights": [
      0.9291829685668491,
      1.073188745521554,
      0.773275396126938,
      1.1332393922501327,
      1.1290849578381597,
      1.423294898292228,
      1.062790017877417
    ],
    "ops_card_penalty": 0.11894426754024418,
    "realign_base_penalty": -3.8492331751803075,
    "realign_country_scale": 0.45879940934729646,
    "realign_defcon2_bonus": 1.6981174347242958,
    "realign_mode_bonus": -0.7518680881486834,
    "space_early_bonus": 1.0347812489999204,
    "space_mode_bonus": 1.1335454698160137,
    "space_offside_bonus": 1.9472710198171224,
    "space_when_behind_bonus": 2.1055596063961826
  },
  "proxy_score": 0.8145161290322581,
  "snapshot_id": "candidate_0018",
  "source": "random_proxy_search",
  "speed_penalty": 0.7031018397405644
}
