{
  "created_process_s": 5.015787807,
  "created_wall_s": 11.107759384991368,
  "label": "spsa_21_minus",
  "objective": 0.867426364908505,
  "paired_score": 0.0,
  "params": {
    "access_bonus": 1.727905284075197,
    "china_asia_target_bonus": 1.5217607266991982,
    "china_early_penalty": -2.9199710439906337,
    "control_break_bonus": 5.068006856408241,
    "country_battleground_bonus": 6.8440855314553435,
    "country_europe_core_bonus": 1.8535456057555515,
    "country_mid_war_entry_bonus": 1.8293833469343597,
    "country_non_battleground_bonus": 0.980237801869224,
    "country_region_scale": 5.155490630566184,
    "country_stability_scale": 0.5653349811228265,
    "country_thailand_early_bonus": 5.753617570267165,
    "coup_battleground_bonus": 2.2433025185305286,
    "coup_defcon2_penalty": -7.6892071316357455,
    "coup_defcon3_penalty": -2.315959111953693,
    "coup_mode_bonus": 3.887465502299855,
    "early_region_weights": [
      0.8610352993278241,
      1.404179531016386,
      0.9957230993691106,
      0.7151734121740236,
      0.6528545151467324,
      0.6715381368096576,
      1.4115487616529347
    ],
    "headline_friendly_bonus": 1.8541314716691217,
    "headline_ops_scale": 0.7169690016604304,
    "influence_mode_bonus": 6.178489225863655,
    "late_region_weights": [
      1.2490334129112264,
      1.085931162997847,
      0.980544751597539,
      0.9041865553053866,
      1.2881602731832418,
      1.0116041110263736,
      0.9418847863995078
    ],
    "mid_region_weights": [
      0.8926667316207045,
      0.9942646207061733,
      1.1051755482428858,
      0.8964125142211454,
      1.3282305176020928,
      1.1376529085697795,
      0.8890426314817467
    ],
    "ops_card_penalty": 0.14456878977530555,
    "realign_base_penalty": -4.071921575106229,
    "realign_country_scale": 0.6138994622741435,
    "realign_defcon2_bonus": 2.217886979758934,
    "realign_mode_bonus": -1.064554563612423,
    "space_early_bonus": 0.9900490932335293,
    "space_mode_bonus": 0.840752780475488,
    "space_offside_bonus": 2.012354712026005,
    "space_when_behind_bonus": 1.9117557102166365
  },
  "proxy_score": 0.8790322580645161,
  "snapshot_id": "candidate_0162",
  "source": "proxy_spsa",
  "speed_penalty": 0.11605893156011149
}
