{
  "created_process_s": 2.3190155320000003,
  "created_wall_s": 8.410662076988956,
  "label": "spsa_9_plus",
  "objective": 0.8717947403420098,
  "paired_score": 0.0,
  "params": {
    "access_bonus": 1.7313587473681171,
    "china_asia_target_bonus": 1.5327917511705846,
    "china_early_penalty": -2.9420330929334066,
    "control_break_bonus": 5.074913782994081,
    "country_battleground_bonus": 6.84984130361021,
    "country_europe_core_bonus": 1.864576630226938,
    "country_mid_war_entry_bonus": 1.8316856557963064,
    "country_non_battleground_bonus": 0.9836912651621443,
    "country_region_scale": 5.18306819174465,
    "country_stability_scale": 0.5598194688871333,
    "country_thailand_early_bonus": 5.731555521324392,
    "coup_battleground_bonus": 2.247907136254422,
    "coup_defcon2_penalty": -7.7333312295212915,
    "coup_defcon3_penalty": -2.343536673132159,
    "coup_mode_bonus": 3.8543724288856955,
    "early_region_weights": [
      0.8587329904658773,
      1.4018772221544393,
      1.0067541238404971,
      0.7128711033120768,
      0.6551568240086793,
      0.660507112338271,
      1.409246452790988
    ],
    "headline_friendly_bonus": 1.8506780083762016,
    "headline_ops_scale": 0.7158178472294571,
    "influence_mode_bonus": 6.1453961524494956,
    "late_region_weights": [
      1.2467311040492797,
      1.0749001385264605,
      0.9828470604594858,
      0.9018842464434398,
      1.2991912976546283,
      1.02263513549776,
      0.9441870952614546
    ],
    "mid_region_weights": [
      0.8949690404826514,
      0.9965669295681201,
      1.102873239380939,
      0.907443538692532,
      1.325928208740146,
      1.1353505997078328,
      0.9000736559531333
    ],
    "ops_card_penalty": 0.1452594824338896,
    "realign_base_penalty": -4.099499136284695,
    "realign_country_scale": 0.6127483078431701,
    "realign_defcon2_bonus": 2.214433516466014,
    "realign_mode_bonus": -1.0424925146696498,
    "space_early_bonus": 0.9790180687621427,
    "space_mode_bonus": 0.8361481627515943,
    "space_offside_bonus": 2.008901248733085,
    "space_when_behind_bonus": 1.8952091735095566
  },
  "proxy_score": 0.8790322580645161,
  "snapshot_id": "candidate_0137",
  "source": "proxy_spsa",
  "speed_penalty": 0.07237517722506404
}
