{
  "created_process_s": 0.348967944,
  "created_wall_s": 6.439956217989675,
  "label": "random_100",
  "objective": 0.8145161290322581,
  "paired_score": 0.0,
  "params": {
    "access_bonus": 1.34051519410595,
    "china_asia_target_bonus": 1.3155881098008273,
    "china_early_penalty": -2.546358631200323,
    "control_break_bonus": 4.900369928417589,
    "country_battleground_bonus": 7.002134552062837,
    "country_europe_core_bonus": 2.0955376136678927,
    "country_mid_war_entry_bonus": 2.1153337544208566,
    "country_non_battleground_bonus": 0.8467199619195382,
    "country_region_scale": 5.010939529335813,
    "country_stability_scale": 0.6164377182356954,
    "country_thailand_early_bonus": 6.056818976742449,
    "coup_battleground_bonus": 2.833077132797812,
    "coup_defcon2_penalty": -7.5529709252668615,
    "coup_defcon3_penalty": -2.675479944433913,
    "coup_mode_bonus": 3.919187696245304,
    "early_region_weights": [
      0.8787891936300193,
      1.3467803596265648,
      1.1238558509159862,
      0.5092979246390927,
      0.44813058076544593,
      0.8548280094039832,
      1.3195018666716942
    ],
    "headline_friendly_bonus": 1.9275806751101994,
    "headline_ops_scale": 0.6847687981920689,
    "influence_mode_bonus": 5.884786046590437,
    "late_region_weights": [
      1.0358091824667293,
      0.841884360241831,
      0.8851391022587798,
      0.9866925627442764,
      1.1057911761152093,
      1.0581422991690537,
      0.8032251779742063
    ],
    "mid_region_weights": [
      0.9341147498255824,
      1.097805726383529,
      1.1148378901091478,
      0.8553059130343598,
      1.266096654400651,
      1.2012224611992244,
      0.9121586645550493
    ],
    "ops_card_penalty": 0.19892169244719382,
    "realign_base_penalty": -4.039350673156063,
    "realign_country_scale": 0.5530146182828118,
    "realign_defcon2_bonus": 1.9029499897900188,
    "realign_mode_bonus": -0.9179724267493504,
    "space_early_bonus": 0.8611632279744751,
    "space_mode_bonus": 0.933627027715576,
    "space_offside_bonus": 2.0163549268938734,
    "space_when_behind_bonus": 1.8229499634241082
  },
  "proxy_score": 0.8145161290322581,
  "snapshot_id": "candidate_0100",
  "source": "random_proxy_search",
  "speed_penalty": 0.0
}
