{
  "created_process_s": 0.346842805,
  "created_wall_s": 6.437830398994265,
  "label": "random_95",
  "objective": 0.7993984356008351,
  "paired_score": 0.0,
  "params": {
    "access_bonus": 1.1861347267462916,
    "china_asia_target_bonus": 1.6492517462692353,
    "china_early_penalty": -2.54814259789215,
    "control_break_bonus": 5.67105754708388,
    "country_battleground_bonus": 6.7225145667936665,
    "country_europe_core_bonus": 2.020680563526707,
    "country_mid_war_entry_bonus": 1.9697414988982656,
    "country_non_battleground_bonus": 1.106104810993307,
    "country_region_scale": 5.675746035398204,
    "country_stability_scale": 0.6204007623293163,
    "country_thailand_early_bonus": 6.522692917817205,
    "coup_battleground_bonus": 2.5458025552870085,
    "coup_defcon2_penalty": -7.696650387289719,
    "coup_defcon3_penalty": -2.281127318470718,
    "coup_mode_bonus": 3.3618112572929792,
    "early_region_weights": [
      0.8710217709368167,
      1.3499935164944086,
      1.208151759321891,
      0.5921767984864545,
      0.4371573005916991,
      0.6881103373242481,
      1.2114872168122504
    ],
    "headline_friendly_bonus": 1.839517538815518,
    "headline_ops_scale": 0.7462440801881312,
    "influence_mode_bonus": 6.410105730392525,
    "late_region_weights": [
      1.0831677021743542,
      0.8706119752150301,
      0.9126256404902576,
      1.2072735995255075,
      1.3140717998618252,
      0.9105187512341999,
      0.6293103676437439
    ],
    "mid_region_weights": [
      0.7856370323893932,
      0.9025561561424867,
      0.7542384185187574,
      0.9101453291518588,
      1.2538844803108065,
      1.0709723205579595,
      0.7983220229219175
    ],
    "ops_card_penalty": 0.12376043504729554,
    "realign_base_penalty": -3.9264777210259636,
    "realign_country_scale": 0.4395473961649164,
    "realign_defcon2_bonus": 1.9041033893645058,
    "realign_mode_bonus": -1.0237796207565664,
    "space_early_bonus": 0.9471624378935195,
    "space_mode_bonus": 0.9210747309331314,
    "space_offside_bonus": 1.9534469305363586,
    "space_when_behind_bonus": 2.0302549341755713
  },
  "proxy_score": 0.8145161290322581,
  "snapshot_id": "candidate_0095",
  "source": "random_proxy_search",
  "speed_penalty": 0.1511769343142304
}
