{
  "created_process_s": 0.311257796,
  "created_wall_s": 6.402221995987929,
  "label": "random_21",
  "objective": 0.8145161290322581,
  "paired_score": 0.0,
  "params": {
    "access_bonus": 1.6077534952111037,
    "china_asia_target_bonus": 1.3791341752786253,
    "china_early_penalty": -2.205937973716664,
    "control_break_bonus": 4.338981279404166,
    "country_battleground_bonus": 6.989506187933517,
    "country_europe_core_bonus": 2.060837860320422,
    "country_mid_war_entry_bonus": 2.0721045220251484,
    "country_non_battleground_bonus": 0.827825089878248,
    "country_region_scale": 5.167533752396172,
    "country_stability_scale": 0.640343439441005,
    "country_thailand_early_bonus": 5.97967537504706,
    "coup_battleground_bonus": 2.566269050380984,
    "coup_defcon2_penalty": -7.864871465273762,
    "coup_defcon3_penalty": -2.431927650087831,
    "coup_mode_bonus": 3.9693859779722946,
    "early_region_weights": [
      0.8717931805648854,
      1.2751496025268654,
      1.0729908544802327,
      0.6315773997164656,
      0.6269871636910546,
      0.5404245479994997,
      1.2243871825728578
    ],
    "headline_friendly_bonus": 2.2752542078983486,
    "headline_ops_scale": 0.7209581632345874,
    "influence_mode_bonus": 6.058782256143158,
    "late_region_weights": [
      1.0962081068901481,
      0.9115217871621331,
      1.0709590967317681,
      1.1123441868908466,
      1.148318726654912,
      1.0233373063452484,
      0.6433066430184912
    ],
    "mid_region_weights": [
      0.875242279431981,
      0.9828019442947722,
      1.1794761005994834,
      1.0979863775839478,
      1.1534461422537097,
      1.2862245809387294,
      1.047212701858079
    ],
    "ops_card_penalty": 0.12408353056403557,
    "realign_base_penalty": -3.8525588076794826,
    "realign_country_scale": 0.5681342447274614,
    "realign_defcon2_bonus": 2.0293203057315834,
    "realign_mode_bonus": -0.8798106139271176,
    "space_early_bonus": 0.9606994579201404,
    "space_mode_bonus": 0.8416410052052493,
    "space_offside_bonus": 1.8842364146424075,
    "space_when_behind_bonus": 1.753621870892349
  },
  "proxy_score": 0.8145161290322581,
  "snapshot_id": "candidate_0021",
  "source": "random_proxy_search",
  "speed_penalty": 0.0
}
