{
  "created_process_s": 0.314347886,
  "created_wall_s": 6.405312816990772,
  "label": "random_27",
  "objective": 0.8389715347212084,
  "paired_score": 0.0,
  "params": {
    "access_bonus": 1.5601777948426858,
    "china_asia_target_bonus": 1.431305836582239,
    "china_early_penalty": -2.2940306195176072,
    "control_break_bonus": 5.418985406622005,
    "country_battleground_bonus": 7.275463914212848,
    "country_europe_core_bonus": 1.8742325638843325,
    "country_mid_war_entry_bonus": 1.8809746358819923,
    "country_non_battleground_bonus": 0.8799392440479594,
    "country_region_scale": 5.19817484434375,
    "country_stability_scale": 0.5610580760909647,
    "country_thailand_early_bonus": 5.757012446393773,
    "coup_battleground_bonus": 2.631850956429991,
    "coup_defcon2_penalty": -7.630568908962948,
    "coup_defcon3_penalty": -2.179134003928959,
    "coup_mode_bonus": 3.971644748232061,
    "early_region_weights": [
      0.9695475254427048,
      1.3808350752919665,
      1.2426383550384141,
      0.7042512836130417,
      0.5762025240753955,
      0.48299528322784324,
      1.039477769699579
    ],
    "headline_friendly_bonus": 2.092679494148696,
    "headline_ops_scale": 0.78191785634197,
    "influence_mode_bonus": 6.151222439791963,
    "late_region_weights": [
      1.0853909687344219,
      1.2089821644066103,
      0.9656674705819687,
      1.0793538438104076,
      0.9993751837291311,
      0.9410614450507289,
      0.6617639097621526
    ],
    "mid_region_weights": [
      0.9348974425892014,
      0.7558217582161012,
      0.9227785074400762,
      0.9406804997138759,
      1.2573050359941582,
      1.196930897968096,
      0.9263835573256318
    ],
    "ops_card_penalty": 0.14817794748387533,
    "realign_base_penalty": -4.366796946194304,
    "realign_country_scale": 0.5186031088251774,
    "realign_defcon2_bonus": 1.8612466586533871,
    "realign_mode_bonus": -1.316989145038033,
    "space_early_bonus": 1.1491123260042677,
    "space_mode_bonus": 1.0194059407098182,
    "space_offside_bonus": 2.0059252330839263,
    "space_when_behind_bonus": 1.9851340737113534
  },
  "proxy_score": 0.8467741935483871,
  "snapshot_id": "candidate_0027",
  "source": "random_proxy_search",
  "speed_penalty": 0.07802658827178721
}
