{
  "created_process_s": 0.343018284,
  "created_wall_s": 6.434005060989875,
  "label": "random_86",
  "objective": 0.8289332756106577,
  "paired_score": 0.0,
  "params": {
    "access_bonus": 1.6106944407399566,
    "china_asia_target_bonus": 1.736798451672188,
    "china_early_penalty": -3.0511140894848108,
    "control_break_bonus": 4.940954192439143,
    "country_battleground_bonus": 7.115864238319937,
    "country_europe_core_bonus": 2.125010771877275,
    "country_mid_war_entry_bonus": 2.0167942510933794,
    "country_non_battleground_bonus": 0.9383818213298495,
    "country_region_scale": 4.844951023775343,
    "country_stability_scale": 0.647470445875572,
    "country_thailand_early_bonus": 5.746127315961227,
    "coup_battleground_bonus": 2.8059926180637333,
    "coup_defcon2_penalty": -7.872779027962328,
    "coup_defcon3_penalty": -2.4543617448301647,
    "coup_mode_bonus": 4.02550377403043,
    "early_region_weights": [
      0.8652638067941298,
      1.3052126027311968,
      1.0859217331825122,
      0.589601620040923,
      0.6153155804651376,
      0.6045160821210576,
      1.2306434001008417
    ],
    "headline_friendly_bonus": 2.040318517269739,
    "headline_ops_scale": 0.812666604329117,
    "influence_mode_bonus": 5.935463593607688,
    "late_region_weights": [
      1.0368465209929836,
      0.950228375659163,
      0.9401095590499242,
      1.0497506805565269,
      1.2527837607226782,
      0.8001975133633292,
      0.7918423076409438
    ],
    "mid_region_weights": [
      0.9302247598017934,
      1.1643980941796936,
      0.8548859300437338,
      0.8484727777369485,
      1.092534109414902,
      1.236259676653224,
      0.8383863772146565
    ],
    "ops_card_penalty": 0.12427777903456197,
    "realign_base_penalty": -3.5859363491208063,
    "realign_country_scale": 0.6190920296057536,
    "realign_defcon2_bonus": 2.0067847726110264,
    "realign_mode_bonus": -1.1659432781498502,
    "space_early_bonus": 0.948483504731389,
    "space_mode_bonus": 0.7569224253911319,
    "space_offside_bonus": 1.967896169787355,
    "space_when_behind_bonus": 2.153702359952915
  },
  "proxy_score": 0.8467741935483871,
  "snapshot_id": "candidate_0086",
  "source": "random_proxy_search",
  "speed_penalty": 0.17840917937729506
}
