{
  "created_process_s": 0.323810417,
  "created_wall_s": 6.41479177698784,
  "label": "random_45",
  "objective": 0.7786880394982831,
  "paired_score": 0.0,
  "params": {
    "access_bonus": 1.431610690398108,
    "china_asia_target_bonus": 1.5726549240952046,
    "china_early_penalty": -2.687732017244687,
    "control_break_bonus": 4.720184734249056,
    "country_battleground_bonus": 6.995694387569879,
    "country_europe_core_bonus": 1.9498112557067155,
    "country_mid_war_entry_bonus": 1.9861840754603273,
    "country_non_battleground_bonus": 0.9419304102934055,
    "country_region_scale": 4.937103611554776,
    "country_stability_scale": 0.6150773260065716,
    "country_thailand_early_bonus": 6.031006264420035,
    "coup_battleground_bonus": 2.6192932583547974,
    "coup_defcon2_penalty": -8.330680367894171,
    "coup_defcon3_penalty": -2.7043637809803625,
    "coup_mode_bonus": 3.693622232197015,
    "early_region_weights": [
      0.8513193782619872,
      1.2218508056726718,
      1.0413770247833745,
      0.6180175840940402,
      0.644279696662289,
      0.6053408826580786,
      1.3495394898955155
    ],
    "headline_friendly_bonus": 2.011172054901037,
    "headline_ops_scale": 0.6904160865488712,
    "influence_mode_bonus": 5.963008968316114,
    "late_region_weights": [
      1.1293417204797644,
      0.8399794602468721,
      1.056816809972695,
      1.0443225949189845,
      1.0963098822497588,
      1.0306436345769787,
      0.7237327940951744
    ],
    "mid_region_weights": [
      1.0287507492451735,
      0.9753351227165095,
      0.9271496844062234,
      0.9651659016911417,
      1.2742249774086305,
      1.1869355319334378,
      0.9138239032218018
    ],
    "ops_card_penalty": 0.13279368478951564,
    "realign_base_penalty": -3.8901835453386644,
    "realign_country_scale": 0.6144569104032944,
    "realign_defcon2_bonus": 1.9409607552725583,
    "realign_mode_bonus": -0.8887875145821491,
    "space_early_bonus": 1.0791997655247056,
    "space_mode_bonus": 1.348197447962213,
    "space_offside_bonus": 1.8691060360134424,
    "space_when_behind_bonus": 2.2873923914395493
  },
  "proxy_score": 0.782258064516129,
  "snapshot_id": "candidate_0045",
  "source": "random_proxy_search",
  "speed_penalty": 0.0357002501784589
}
