{
  "created_process_s": 0.34375162,
  "created_wall_s": 6.434738435986219,
  "label": "random_88",
  "objective": 0.8467741935483871,
  "paired_score": 0.0,
  "params": {
    "access_bonus": 1.580870896843951,
    "china_asia_target_bonus": 1.3386852858288905,
    "china_early_penalty": -2.504708379742975,
    "control_break_bonus": 5.186163537680102,
    "country_battleground_bonus": 7.246406071566453,
    "country_europe_core_bonus": 2.0603443306992753,
    "country_mid_war_entry_bonus": 1.8036910432308737,
    "country_non_battleground_bonus": 0.7324424183473368,
    "country_region_scale": 4.444652365378159,
    "country_stability_scale": 0.5796329939726187,
    "country_thailand_early_bonus": 6.007875181499733,
    "coup_battleground_bonus": 2.044593046159059,
    "coup_defcon2_penalty": -8.006557838111815,
    "coup_defcon3_penalty": -2.3149565635866938,
    "coup_mode_bonus": 3.994340378824584,
    "early_region_weights": [
      0.8693413594498298,
      1.4173157190684584,
      1.1653631168802392,
      0.7214731726756665,
      0.37454069394875567,
      0.6267503194837388,
      1.230650628566801
    ],
    "headline_friendly_bonus": 1.998626541762312,
    "headline_ops_scale": 0.7125325170612454,
    "influence_mode_bonus": 5.762210666959897,
    "late_region_weights": [
      1.3207237391109348,
      0.9461825096030126,
      0.8769628048537899,
      1.0804487469516113,
      1.17658656174093,
      1.0479292311625792,
      0.6083292786638811
    ],
    "mid_region_weights": [
      0.8758589295124152,
      0.9802966982249316,
      0.9134852460188707,
      0.8463607920590424,
      1.2811744204557316,
      1.2816556338703713,
      0.9243014780893145
    ],
    "ops_card_penalty": 0.1548111900828555,
    "realign_base_penalty": -3.739430460160247,
    "realign_country_scale": 0.5572432776878393,
    "realign_defcon2_bonus": 1.9028515656405176,
    "realign_mode_bonus": -0.9809205813316058,
    "space_early_bonus": 0.8608242059990846,
    "space_mode_bonus": 0.9694918008591882,
    "space_offside_bonus": 1.8509312917182552,
    "space_when_behind_bonus": 2.1171328994713643
  },
  "proxy_score": 0.8467741935483871,
  "snapshot_id": "candidate_0088",
  "source": "random_proxy_search",
  "speed_penalty": 0.0
}
