{
  "created_process_s": 0.34185978,
  "created_wall_s": 6.432846151990816,
  "label": "random_83",
  "objective": 0.7668161209219788,
  "paired_score": 0.0,
  "params": {
    "access_bonus": 1.378811595818619,
    "china_asia_target_bonus": 1.492828032851876,
    "china_early_penalty": -2.452606736511041,
    "control_break_bonus": 5.008300825127095,
    "country_battleground_bonus": 7.326896047640312,
    "country_europe_core_bonus": 1.929327903144053,
    "country_mid_war_entry_bonus": 1.9974373294215166,
    "country_non_battleground_bonus": 0.9044818891580524,
    "country_region_scale": 5.222090643850071,
    "country_stability_scale": 0.561933650992069,
    "country_thailand_early_bonus": 5.950010740392158,
    "coup_battleground_bonus": 2.4291786258277255,
    "coup_defcon2_penalty": -7.996708991584691,
    "coup_defcon3_penalty": -2.81312720117804,
    "coup_mode_bonus": 3.786753967204091,
    "early_region_weights": [
      0.7886084547907012,
      1.3256615454730463,
      1.178585249716252,
      0.6399501440200221,
      0.616439787374676,
      0.643774491078259,
      1.2621989894119539
    ],
    "headline_friendly_bonus": 2.220461709238493,
    "headline_ops_scale": 0.7701869257103655,
    "influence_mode_bonus": 5.555702689284073,
    "late_region_weights": [
      1.1865704892866515,
      1.0682518311318905,
      0.8961139362509867,
      1.224434617675087,
      1.1048413689837775,
      1.0622430361487902,
      0.8017973580816775
    ],
    "mid_region_weights": [
      0.900157664460732,
      0.9571720621827055,
      0.9069389341086846,
      1.2348463764069462,
      1.3660759956320339,
      1.2851610727305276,
      1.1766219879512474
    ],
    "ops_card_penalty": 0.14245573439977047,
    "realign_base_penalty": -4.130729868534861,
    "realign_country_scale": 0.5616637521052824,
    "realign_defcon2_bonus": 1.9746730248890108,
    "realign_mode_bonus": -1.2049077741735656,
    "space_early_bonus": 0.766963673013987,
    "space_mode_bonus": 0.7283573110563857,
    "space_offside_bonus": 1.9993335390806322,
    "space_when_behind_bonus": 1.9459694361819149
  },
  "proxy_score": 0.782258064516129,
  "snapshot_id": "candidate_0083",
  "source": "random_proxy_search",
  "speed_penalty": 0.15441943594150231
}
