{
  "created_process_s": 0.300163639,
  "created_wall_s": 6.391123972993228,
  "label": "random_2",
  "objective": 0.7350785966448077,
  "paired_score": 0.0,
  "params": {
    "access_bonus": 1.3920194168104334,
    "china_asia_target_bonus": 1.5229566420118497,
    "china_early_penalty": -2.4755935878554047,
    "control_break_bonus": 5.119335375620993,
    "country_battleground_bonus": 7.220933901633717,
    "country_europe_core_bonus": 2.0777091256697178,
    "country_mid_war_entry_bonus": 1.9480514102851394,
    "country_non_battleground_bonus": 1.0814413364419817,
    "country_region_scale": 5.671441954997734,
    "country_stability_scale": 0.615954458291746,
    "country_thailand_early_bonus": 6.101654021202569,
    "coup_battleground_bonus": 2.312056010286544,
    "coup_defcon2_penalty": -7.9438851006394815,
    "coup_defcon3_penalty": -2.420504163238894,
    "coup_mode_bonus": 3.9785205320128156,
    "early_region_weights": [
      1.0022380991551338,
      1.4067538732223828,
      1.1112570431012794,
      0.6996775633780862,
      0.42848525642196583,
      0.6528249918827472,
      1.3229359252909705
    ],
    "headline_friendly_bonus": 2.0881309959905128,
    "headline_ops_scale": 0.8336420207483248,
    "influence_mode_bonus": 6.209719352835798,
    "late_region_weights": [
      1.0729613359928731,
      1.0214316688835725,
      1.0685823168739792,
      1.1056701092607584,
      0.9517749114971015,
      1.0732746787384289,
      0.7572472889216301
    ],
    "mid_region_weights": [
      1.0641813247981964,
      0.8315821892474483,
      0.989806755458056,
      0.9503862180883659,
      1.051775414200323,
      1.1353332975229007,
      0.7964777032073168
    ],
    "ops_card_penalty": 0.09709636751067827,
    "realign_base_penalty": -4.1165836578320265,
    "realign_country_scale": 0.5863516942283822,
    "realign_defcon2_bonus": 2.0299476438713135,
    "realign_mode_bonus": -1.0396841822780516,
    "space_early_bonus": 1.0254713341442536,
    "space_mode_bonus": 0.8349305700374958,
    "space_offside_bonus": 1.8023978012103132,
    "space_when_behind_bonus": 2.1993893620642453
  },
  "proxy_score": 0.8467741935483871,
  "snapshot_id": "candidate_0002",
  "source": "random_proxy_search",
  "speed_penalty": 1.1169559690357946
}
