{
  "created_process_s": 0.350488935,
  "created_wall_s": 6.441599321988178,
  "label": "random_103",
  "objective": 0.8145161290322581,
  "paired_score": 0.0,
  "params": {
    "access_bonus": 1.5599755266724773,
    "china_asia_target_bonus": 1.3612064913221018,
    "china_early_penalty": -2.4439347864352796,
    "control_break_bonus": 5.813764236319152,
    "country_battleground_bonus": 6.795020784543819,
    "country_europe_core_bonus": 1.9216337286885752,
    "country_mid_war_entry_bonus": 1.9143568247409162,
    "country_non_battleground_bonus": 1.2020222469272075,
    "country_region_scale": 5.379010103522515,
    "country_stability_scale": 0.6698717367077127,
    "country_thailand_early_bonus": 5.849894499587186,
    "coup_battleground_bonus": 2.612081061426394,
    "coup_defcon2_penalty": -8.10257297105062,
    "coup_defcon3_penalty": -2.341061265951489,
    "coup_mode_bonus": 3.95817876221231,
    "early_region_weights": [
      0.7954295179879921,
      1.3822198741330074,
      0.8378810951678727,
      0.6513195302358228,
      0.5527052731994877,
      0.6038716038921877,
      1.2481968225276985
    ],
    "headline_friendly_bonus": 1.8357103515188804,
    "headline_ops_scale": 0.7113313186223289,
    "influence_mode_bonus": 6.35729311273269,
    "late_region_weights": [
      1.2146607733599704,
      0.9500540296653702,
      1.0337807245206196,
      1.1160509752447068,
      1.150257388519019,
      0.9677480880986553,
      0.7364052256706735
    ],
    "mid_region_weights": [
      0.93632453682673,
      0.8405337481125128,
      1.1034438369276869,
      0.8556662820252166,
      1.3157655817362413,
      1.1628737289754012,
      0.9870456434968246
    ],
    "ops_card_penalty": 0.16597281963451352,
    "realign_base_penalty": -4.283704401314486,
    "realign_country_scale": 0.5515796349327513,
    "realign_defcon2_bonus": 2.0304515152810763,
    "realign_mode_bonus": -0.9296907449685559,
    "space_early_bonus": 0.8206138606529914,
    "space_mode_bonus": 0.9966433903917763,
    "space_offside_bonus": 2.2683013528313456,
    "space_when_behind_bonus": 1.8499194991784862
  },
  "proxy_score": 0.8145161290322581,
  "snapshot_id": "candidate_0103",
  "source": "random_proxy_search",
  "speed_penalty": 0.0
}
