{
  "created_process_s": 0.341446399,
  "created_wall_s": 6.432432629997493,
  "label": "random_82",
  "objective": 0.8145161290322581,
  "paired_score": 0.0,
  "params": {
    "access_bonus": 1.8970012635716869,
    "china_asia_target_bonus": 1.528256140338662,
    "china_early_penalty": -2.2154490659846173,
    "control_break_bonus": 4.888492467429975,
    "country_battleground_bonus": 7.13119489855034,
    "country_europe_core_bonus": 1.8980504028092176,
    "country_mid_war_entry_bonus": 2.043726450264162,
    "country_non_battleground_bonus": 0.7944197376965351,
    "country_region_scale": 4.776773254282695,
    "country_stability_scale": 0.5701190426766034,
    "country_thailand_early_bonus": 6.299137648935326,
    "coup_battleground_bonus": 2.5321932240362757,
    "coup_defcon2_penalty": -7.971975406737729,
    "coup_defcon3_penalty": -2.917705404322533,
    "coup_mode_bonus": 4.4716169798481955,
    "early_region_weights": [
      0.9900126039150118,
      1.4749098699131193,
      1.2164172600063423,
      0.578150719918676,
      0.6253988891257649,
      0.6518174243399372,
      1.3304051261696248
    ],
    "headline_friendly_bonus": 1.6031054328231678,
    "headline_ops_scale": 0.7450567291440036,
    "influence_mode_bonus": 5.834088441366922,
    "late_region_weights": [
      1.149022638183674,
      1.0176094444250179,
      0.8779525018235143,
      1.0489538776049243,
      0.9747349717399003,
      0.9955108791661297,
      0.9057159193774524
    ],
    "mid_region_weights": [
      1.0401897190272242,
      0.9402121171135944,
      0.9549540762691302,
      0.9770525885167552,
      1.1635755851710066,
      1.2077421971490458,
      0.855186188713931
    ],
    "ops_card_penalty": 0.11285334574712122,
    "realign_base_penalty": -4.4156936755047385,
    "realign_country_scale": 0.5258929929686322,
    "realign_defcon2_bonus": 2.1628183380560917,
    "realign_mode_bonus": -1.3702976053154183,
    "space_early_bonus": 1.0597273770608369,
    "space_mode_bonus": 0.7722746795613953,
    "space_offside_bonus": 2.0665666093597475,
    "space_when_behind_bonus": 1.7087951100026242
  },
  "proxy_score": 0.8145161290322581,
  "snapshot_id": "candidate_0082",
  "source": "random_proxy_search",
  "speed_penalty": 0.0
}
