{
  "created_process_s": 0.32331040299999997,
  "created_wall_s": 6.414291659995797,
  "label": "random_44",
  "objective": 0.8467741935483871,
  "paired_score": 0.0,
  "params": {
    "access_bonus": 1.5884975552161766,
    "china_asia_target_bonus": 1.4949846592216802,
    "china_early_penalty": -2.788124956207265,
    "control_break_bonus": 4.7747220094937175,
    "country_battleground_bonus": 7.59481844282999,
    "country_europe_core_bonus": 1.9209739565219313,
    "country_mid_war_entry_bonus": 2.0090834980582604,
    "country_non_battleground_bonus": 0.9244216418667887,
    "country_region_scale": 4.71664485344402,
    "country_stability_scale": 0.5612550947925499,
    "country_thailand_early_bonus": 6.05897205135283,
    "coup_battleground_bonus": 2.6749575132860635,
    "coup_defcon2_penalty": -8.502698810778696,
    "coup_defcon3_penalty": -2.3572837990652324,
    "coup_mode_bonus": 3.531254769128744,
    "early_region_weights": [
      0.8021669753630595,
      1.2982961931260506,
      0.9058508439428099,
      0.6701220955332111,
      0.5906388331245465,
      0.5381201135199939,
      1.3307419377811653
    ],
    "headline_friendly_bonus": 1.9370855661113904,
    "headline_ops_scale": 0.7010830238033564,
    "influence_mode_bonus": 5.810347469925507,
    "late_region_weights": [
      1.0767427955141504,
      0.9036702023735517,
      1.1167543584970365,
      0.8477671469628952,
      1.132627162353492,
      0.9906733018397981,
      0.8251441665303606
    ],
    "mid_region_weights": [
      0.7711031084931163,
      0.948301017066423,
      1.0222105674572215,
      0.9852445603845531,
      1.251949215807541,
      1.1596604099302077,
      1.0053320339459715
    ],
    "ops_card_penalty": 0.1370077933180611,
    "realign_base_penalty": -4.191509860312171,
    "realign_country_scale": 0.5751520438579871,
    "realign_defcon2_bonus": 1.9265277900737314,
    "realign_mode_bonus": -1.0708728553358395,
    "space_early_bonus": 1.048187648967673,
    "space_mode_bonus": 0.9779318905840625,
    "space_offside_bonus": 1.86019406174983,
    "space_when_behind_bonus": 1.966921285508362
  },
  "proxy_score": 0.8467741935483871,
  "snapshot_id": "candidate_0044",
  "source": "random_proxy_search",
  "speed_penalty": 0.0
}
