{
  "created_process_s": 0.304208006,
  "created_wall_s": 6.395170470990706,
  "label": "random_9",
  "objective": 0.7732557386528555,
  "paired_score": 0.0,
  "params": {
    "access_bonus": 1.7703956326247174,
    "china_asia_target_bonus": 1.4878281265506175,
    "china_early_penalty": -2.3287077800909404,
    "control_break_bonus": 5.260544029221043,
    "country_battleground_bonus": 7.209676915269084,
    "country_europe_core_bonus": 1.9640239805191868,
    "country_mid_war_entry_bonus": 2.1005470304869944,
    "country_non_battleground_bonus": 0.8533034918472269,
    "country_region_scale": 4.753930522389997,
    "country_stability_scale": 0.5518322199960176,
    "country_thailand_early_bonus": 6.073364967455916,
    "coup_battleground_bonus": 2.3617069263378916,
    "coup_defcon2_penalty": -8.153682129065805,
    "coup_defcon3_penalty": -2.323147663148011,
    "coup_mode_bonus": 3.8978669377018553,
    "early_region_weights": [
      0.9310678988253274,
      1.4991888335205872,
      1.026693541147773,
      0.6261502875009016,
      0.5912442552659638,
      0.6031164349744605,
      1.4200252314040682
    ],
    "headline_friendly_bonus": 1.8626593342479312,
    "headline_ops_scale": 0.6945991405192911,
    "influence_mode_bonus": 5.977395586405632,
    "late_region_weights": [
      1.2114445859050342,
      1.0139273776370412,
      0.7696259738787048,
      1.1262373998250974,
      1.279555832807201,
      0.7507399991347126,
      0.6730022338578382
    ],
    "mid_region_weights": [
      1.11677529739357,
      0.876530700358539,
      1.0633129972657416,
      0.9650044688912555,
      1.3323288012542347,
      1.1822207415365373,
      0.8052812040138984
    ],
    "ops_card_penalty": 0.14715165541634218,
    "realign_base_penalty": -4.206916905034705,
    "realign_country_scale": 0.5612564597892927,
    "realign_defcon2_bonus": 1.950249323478927,
    "realign_mode_bonus": -1.168285595663308,
    "space_early_bonus": 1.0440421592065592,
    "space_mode_bonus": 0.7498804400085077,
    "space_offside_bonus": 2.203207136434372,
    "space_when_behind_bonus": 1.8832426059528615
  },
  "proxy_score": 0.8467741935483871,
  "snapshot_id": "candidate_0009",
  "source": "random_proxy_search",
  "speed_penalty": 0.7351845489553162
}
