{
  "created_process_s": 3.706918443,
  "created_wall_s": 9.799041567996028,
  "label": "spsa_15_minus",
  "objective": 0.8783456062955972,
  "paired_score": 0.0,
  "params": {
    "access_bonus": 1.7136127806757022,
    "china_asia_target_bonus": 1.5209611067089748,
    "china_early_penalty": -2.93902771518996,
    "control_break_bonus": 5.039421849609251,
    "country_battleground_bonus": 6.820264692456186,
    "country_europe_core_bonus": 1.8630739413552146,
    "country_mid_war_entry_bonus": 1.830182966924583,
    "country_non_battleground_bonus": 0.9814372318545591,
    "country_region_scale": 5.153491580590625,
    "country_stability_scale": 0.5657347911179382,
    "country_thailand_early_bonus": 5.755216810247612,
    "coup_battleground_bonus": 2.2242458473312023,
    "coup_defcon2_penalty": -7.686008651674852,
    "coup_defcon3_penalty": -2.3139600619781344,
    "coup_mode_bonus": 3.8588804955008658,
    "early_region_weights": [
      0.8602356793376007,
      1.4137078666160492,
      1.0052514349687738,
      0.7143737921838003,
      0.6433261795470693,
      0.6620098012099944,
      1.421077097252598
    ],
    "headline_friendly_bonus": 1.8684239750686165,
    "headline_ops_scale": 0.7165691916653187,
    "influence_mode_bonus": 6.149904219064665,
    "late_region_weights": [
      1.248233792921003,
      1.0764028273981838,
      0.9813443715877623,
      0.9033869353151632,
      1.297688608782905,
      1.0108044910361502,
      0.9323564507998446
    ],
    "mid_region_weights": [
      0.8934663516109279,
      0.9847362851065101,
      1.1043759282526624,
      0.9059408498208086,
      1.337758853201756,
      1.1368532885795561,
      0.8985709670814098
    ],
    "ops_card_penalty": 0.14480867577237255,
    "realign_base_penalty": -4.0699225251306705,
    "realign_country_scale": 0.6186636300739751,
    "realign_defcon2_bonus": 2.2321794831584287,
    "realign_mode_bonus": -1.0454978924130967,
    "space_early_bonus": 0.9908487132237527,
    "space_mode_bonus": 0.8391535404950412,
    "space_offside_bonus": 2.0266472154254997,
    "space_when_behind_bonus": 1.9129551402019715
  },
  "proxy_score": 0.8790322580645161,
  "snapshot_id": "candidate_0150",
  "source": "proxy_spsa",
  "speed_penalty": 0.006866517689188667
}
