{
  "created_process_s": 0.352977742,
  "created_wall_s": 6.444089058990357,
  "label": "random_109",
  "objective": 0.8145161290322581,
  "paired_score": 0.0,
  "params": {
    "access_bonus": 1.320651532803756,
    "china_asia_target_bonus": 1.5176651282874787,
    "china_early_penalty": -2.6191564705765376,
    "control_break_bonus": 4.806000808281411,
    "country_battleground_bonus": 7.310973295772421,
    "country_europe_core_bonus": 2.072193264617362,
    "country_mid_war_entry_bonus": 2.0570420162259246,
    "country_non_battleground_bonus": 1.032727543638757,
    "country_region_scale": 4.782263116200366,
    "country_stability_scale": 0.6054770063325374,
    "country_thailand_early_bonus": 5.924710261506791,
    "coup_battleground_bonus": 2.5655342111080786,
    "coup_defcon2_penalty": -8.474403849154015,
    "coup_defcon3_penalty": -2.485027059304246,
    "coup_mode_bonus": 3.5658530708099505,
    "early_region_weights": [
      0.6697906621050321,
      1.4160612887192126,
      0.9480508962230195,
      0.4106241904151309,
      0.5686045217915604,
      0.518938659204099,
      1.2116968314885364
    ],
    "headline_friendly_bonus": 1.9810557999127598,
    "headline_ops_scale": 0.7825796735364131,
    "influence_mode_bonus": 6.228383577906373,
    "late_region_weights": [
      1.148141278027078,
      0.7436255003522413,
      0.9573621763469935,
      1.0247299631604496,
      1.1647771630050188,
      0.9812134917717225,
      0.7507554256381597
    ],
    "mid_region_weights": [
      0.9631193294753131,
      1.0214133687946825,
      1.0667359563943581,
      1.043681564588902,
      1.0829147067210088,
      1.1372239328666338,
      0.8491847038644623
    ],
    "ops_card_penalty": 0.22642785848244013,
    "realign_base_penalty": -4.2611594391200285,
    "realign_country_scale": 0.5475616647345092,
    "realign_defcon2_bonus": 2.1136753272408932,
    "realign_mode_bonus": -0.8946834169632436,
    "space_early_bonus": 1.0087877900941722,
    "space_mode_bonus": 0.9800778124787707,
    "space_offside_bonus": 1.9842051881743987,
    "space_when_behind_bonus": 2.0719046127316783
  },
  "proxy_score": 0.8145161290322581,
  "snapshot_id": "candidate_0109",
  "source": "random_proxy_search",
  "speed_penalty": 0.0
}
