{
  "created_process_s": 0.815829804,
  "created_wall_s": 6.907069875989691,
  "label": "spsa_2_plus",
  "objective": 0.8547957915003196,
  "paired_score": 0.0,
  "params": {
    "access_bonus": 1.7001455439325206,
    "china_asia_target_bonus": 1.540267220127649,
    "china_early_penalty": -2.9004154883526114,
    "control_break_bonus": 5.0124873761228885,
    "country_battleground_bonus": 6.7978192978842165,
    "country_europe_core_bonus": 1.8437678279365404,
    "country_mid_war_entry_bonus": 1.8391611247533708,
    "country_non_battleground_bonus": 0.9949044685977407,
    "country_region_scale": 5.131046186018656,
    "country_stability_scale": 0.5560817344086011,
    "country_thailand_early_bonus": 5.7166045834102635,
    "coup_battleground_bonus": 2.206289531673627,
    "coup_defcon2_penalty": -7.763233105349549,
    "coup_defcon3_penalty": -2.36222534552482,
    "coup_mode_bonus": 3.8319460220145025,
    "early_region_weights": [
      0.8795417927562749,
      1.422686024444837,
      1.0142295927975615,
      0.7053956343550126,
      0.6343480217182816,
      0.6530316433812068,
      1.4017709838339236
    ],
    "headline_friendly_bonus": 1.839464804940605,
    "headline_ops_scale": 0.7262222483746559,
    "influence_mode_bonus": 6.1229697455783025,
    "late_region_weights": [
      1.2392556350922153,
      1.095708940816858,
      0.9620382581690882,
      0.8944087774863756,
      1.2783824953642307,
      1.0018263332073625,
      0.923378292971057
    ],
    "mid_region_weights": [
      0.8741602381922537,
      0.9757581272777225,
      1.0953977704238747,
      0.8866347364021344,
      1.3184527397830816,
      1.1278751307507684,
      0.8792648536627357
    ],
    "ops_card_penalty": 0.1390168417467703,
    "realign_base_penalty": -4.118187808677356,
    "realign_country_scale": 0.6231527089883689,
    "realign_defcon2_bonus": 2.24564671990161,
    "realign_mode_bonus": -1.084110119250445,
    "space_early_bonus": 0.9998268710525403,
    "space_mode_bonus": 0.8211972248374657,
    "space_offside_bonus": 1.9976880452974883,
    "space_when_behind_bonus": 1.9264223769451532
  },
  "proxy_score": 0.8790322580645161,
  "snapshot_id": "candidate_0123",
  "source": "proxy_spsa",
  "speed_penalty": 0.24236466564196535
}
