{
  "created_process_s": 2.6493720730000003,
  "created_wall_s": 8.741158363991417,
  "label": "spsa_10_minus",
  "objective": 0.8678068680500637,
  "paired_score": 0.0,
  "params": {
    "access_bonus": 1.711871914387612,
    "china_asia_target_bonus": 1.5198005291835812,
    "china_early_penalty": -2.941348870240747,
    "control_break_bonus": 5.03594011703307,
    "country_battleground_bonus": 6.817363248642702,
    "country_europe_core_bonus": 1.8515854082399346,
    "country_mid_war_entry_bonus": 1.8313435444499766,
    "country_non_battleground_bonus": 0.9831780981426494,
    "country_region_scale": 5.182212913378825,
    "country_stability_scale": 0.566315079880635,
    "country_thailand_early_bonus": 5.732239744017052,
    "coup_battleground_bonus": 2.2472229135617625,
    "coup_defcon2_penalty": -7.731962784135972,
    "coup_defcon3_penalty": -2.3110586181646506,
    "coup_mode_bonus": 3.893346094846706,
    "early_region_weights": [
      0.8590751018122073,
      1.4148684441414427,
      0.9937629018534938,
      0.7258623252990802,
      0.6548147126623493,
      0.660849223684601,
      1.4095885641373178
    ],
    "headline_friendly_bonus": 1.8701648413567067,
    "headline_ops_scale": 0.715988902902622,
    "influence_mode_bonus": 6.184369818410506,
    "late_region_weights": [
      1.2470732153956094,
      1.0752422498727903,
      0.9698558384724824,
      0.9148754684304432,
      1.2988491863082985,
      1.0096439135107567,
      0.9438449839151246
    ],
    "mid_region_weights": [
      0.8819778184956479,
      0.9962248182217901,
      1.1032153507272688,
      0.8944523167055286,
      1.3389194307271495,
      1.1483418216948362,
      0.8997315446068033
    ],
    "ops_card_penalty": 0.14515684902999063,
    "realign_base_penalty": -4.067021081317187,
    "realign_country_scale": 0.6192439188366718,
    "realign_defcon2_bonus": 2.2149466834855085,
    "realign_mode_bonus": -1.0684749586436566,
    "space_early_bonus": 0.9920092907491461,
    "space_mode_bonus": 0.8621306067256012,
    "space_offside_bonus": 2.0094144157525795,
    "space_when_behind_bonus": 1.9146960064900618
  },
  "proxy_score": 0.8790322580645161,
  "snapshot_id": "candidate_0140",
  "source": "proxy_spsa",
  "speed_penalty": 0.11225390014452419
}
