{
  "created_process_s": 0.33749461599999997,
  "created_wall_s": 6.428479387992411,
  "label": "random_74",
  "objective": 0.8052411480578102,
  "paired_score": 0.0,
  "params": {
    "access_bonus": 1.480901911966338,
    "china_asia_target_bonus": 1.4835045187163336,
    "china_early_penalty": -2.4602271600512173,
    "control_break_bonus": 4.8483993228417885,
    "country_battleground_bonus": 6.7421393569711645,
    "country_europe_core_bonus": 2.1195286857580666,
    "country_mid_war_entry_bonus": 1.8000394463199303,
    "country_non_battleground_bonus": 1.1472622601694822,
    "country_region_scale": 4.908750422536422,
    "country_stability_scale": 0.5700834970649419,
    "country_thailand_early_bonus": 6.173934035085076,
    "coup_battleground_bonus": 2.3568650908563966,
    "coup_defcon2_penalty": -7.517531153283801,
    "coup_defcon3_penalty": -2.4385235484044414,
    "coup_mode_bonus": 3.9685886010398677,
    "early_region_weights": [
      0.9854628411127988,
      1.2944962641443676,
      0.9249722843002013,
      0.5494396757294996,
      0.418291820046465,
      0.7607241972333814,
      1.116815485406072
    ],
    "headline_friendly_bonus": 1.9891402739891872,
    "headline_ops_scale": 0.6570636109462198,
    "influence_mode_bonus": 5.732297547378292,
    "late_region_weights": [
      1.3559602618429396,
      1.0251161923679444,
      0.9426872005815273,
      1.1355305783974852,
      1.083573667966767,
      0.9903205869512863,
      0.7455905030021082
    ],
    "mid_region_weights": [
      1.0605890543925003,
      1.0310253236395897,
      1.0730250877746792,
      0.8550914504444083,
      0.978743204424412,
      1.2226692841015985,
      0.9999146007775638
    ],
    "ops_card_penalty": 0.22134828413872495,
    "realign_base_penalty": -3.9215742343668394,
    "realign_country_scale": 0.5214561919810848,
    "realign_defcon2_bonus": 2.076308227879389,
    "realign_mode_bonus": -1.2852022719647347,
    "space_early_bonus": 0.9923164273157685,
    "space_mode_bonus": 1.2222059560888034,
    "space_offside_bonus": 1.8404277865378287,
    "space_when_behind_bonus": 1.9873147913167126
  },
  "proxy_score": 0.8145161290322581,
  "snapshot_id": "candidate_0074",
  "source": "random_proxy_search",
  "speed_penalty": 0.092749809744479
}
