{
  "created_process_s": 0.329913684,
  "created_wall_s": 6.420896578987595,
  "label": "random_57",
  "objective": 0.8401734300960789,
  "paired_score": 0.0,
  "params": {
    "access_bonus": 1.6070815711464796,
    "china_asia_target_bonus": 1.540765352911493,
    "china_early_penalty": -2.524612518599815,
    "control_break_bonus": 4.835021304396635,
    "country_battleground_bonus": 7.0665727276038295,
    "country_europe_core_bonus": 1.904548386949874,
    "country_mid_war_entry_bonus": 1.999057923335482,
    "country_non_battleground_bonus": 1.0495436067775146,
    "country_region_scale": 5.102992169701505,
    "country_stability_scale": 0.5240263083029889,
    "country_thailand_early_bonus": 5.877879122780909,
    "coup_battleground_bonus": 2.5168617578158488,
    "coup_defcon2_penalty": -7.783525558401172,
    "coup_defcon3_penalty": -2.408127926149306,
    "coup_mode_bonus": 4.1821211620053775,
    "early_region_weights": [
      0.6818110083305621,
      1.4124210536774686,
      0.9459937738682751,
      0.564791941461806,
      0.5158588326436808,
      0.5919592616390467,
      1.2736258313433002
    ],
    "headline_friendly_bonus": 1.9782871042091543,
    "headline_ops_scale": 0.7201272277874139,
    "influence_mode_bonus": 5.992393147121806,
    "late_region_weights": [
      1.280505842376575,
      0.9910313700409111,
      1.0164673141992362,
      1.079840666174596,
      1.0448258715203915,
      0.9610196509171058,
      0.8930182461157845
    ],
    "mid_region_weights": [
      0.8781020552036617,
      0.9619122234128633,
      1.0237547930165034,
      0.8316109786587416,
      1.2810524687121396,
      1.1960377156365132,
      0.9136424763892459
    ],
    "ops_card_penalty": 0.14610064977221623,
    "realign_base_penalty": -4.132883748249763,
    "realign_country_scale": 0.5863756786173481,
    "realign_defcon2_bonus": 1.806493528375684,
    "realign_mode_bonus": -1.3073158659001871,
    "space_early_bonus": 0.9834093855133907,
    "space_mode_bonus": 0.9178186956252499,
    "space_offside_bonus": 2.0459552569392203,
    "space_when_behind_bonus": 1.8624497777165534
  },
  "proxy_score": 0.8467741935483871,
  "snapshot_id": "candidate_0057",
  "source": "random_proxy_search",
  "speed_penalty": 0.06600763452308156
}
