{
  "created_process_s": 0.306086172,
  "created_wall_s": 6.3970488229970215,
  "label": "random_12",
  "objective": 0.6808821475376141,
  "paired_score": 0.0,
  "params": {
    "access_bonus": 1.6149371558004675,
    "china_asia_target_bonus": 1.514468712056623,
    "china_early_penalty": -2.4641956848195763,
    "control_break_bonus": 4.512603618422276,
    "country_battleground_bonus": 7.215777570162283,
    "country_europe_core_bonus": 1.8692448841311764,
    "country_mid_war_entry_bonus": 1.9064240078443921,
    "country_non_battleground_bonus": 0.984938093571778,
    "country_region_scale": 4.765449288782049,
    "country_stability_scale": 0.5487307472931098,
    "country_thailand_early_bonus": 5.615040290073294,
    "coup_battleground_bonus": 2.4447301908291026,
    "coup_defcon2_penalty": -8.24758093974994,
    "coup_defcon3_penalty": -2.7264134354677205,
    "coup_mode_bonus": 3.9277602912610314,
    "early_region_weights": [
      0.7824505793221694,
      1.3242971060707895,
      0.9709503703823471,
      0.8001563166649979,
      0.6029856110850835,
      0.688164662847796,
      1.1621731600950849
    ],
    "headline_friendly_bonus": 1.7099150176736913,
    "headline_ops_scale": 0.7104845336983254,
    "influence_mode_bonus": 6.351710912630272,
    "late_region_weights": [
      1.0814761190641327,
      0.9422557248743891,
      0.8665027026676229,
      1.2019741665980983,
      1.1756839872259874,
      0.9980528060475575,
      0.622969288453521
    ],
    "mid_region_weights": [
      1.078031809451031,
      0.981412982859335,
      1.054033809354117,
      0.8337740464688652,
      1.3596896698163352,
      1.0097857662756664,
      1.0063450237103306
    ],
    "ops_card_penalty": 0.16944675766803352,
    "realign_base_penalty": -3.7408525260420316,
    "realign_country_scale": 0.4675479824439327,
    "realign_defcon2_bonus": 2.0859452622441252,
    "realign_mode_bonus": -1.089576472099488,
    "space_early_bonus": 1.1865003104287644,
    "space_mode_bonus": 0.9793322783012177,
    "space_offside_bonus": 2.014629023795067,
    "space_when_behind_bonus": 2.092366755409042
  },
  "proxy_score": 0.782258064516129,
  "snapshot_id": "candidate_0012",
  "source": "random_proxy_search",
  "speed_penalty": 1.013759169785149
}
