{
  "created_process_s": 0.33901762,
  "created_wall_s": 6.430003254994517,
  "label": "random_77",
  "objective": 0.8145161290322581,
  "paired_score": 0.0,
  "params": {
    "access_bonus": 1.29538807116261,
    "china_asia_target_bonus": 1.4288346683798094,
    "china_early_penalty": -2.6904376268297567,
    "control_break_bonus": 5.409651452918135,
    "country_battleground_bonus": 6.406050025674438,
    "country_europe_core_bonus": 1.9041908350534267,
    "country_mid_war_entry_bonus": 2.107750998774797,
    "country_non_battleground_bonus": 0.9333121364524951,
    "country_region_scale": 5.103057514337929,
    "country_stability_scale": 0.6168609707641112,
    "country_thailand_early_bonus": 6.304060637930073,
    "coup_battleground_bonus": 2.5268002327805754,
    "coup_defcon2_penalty": -7.672320955417807,
    "coup_defcon3_penalty": -2.018955908409002,
    "coup_mode_bonus": 3.906640742314434,
    "early_region_weights": [
      1.1178138369323383,
      1.1934233222572193,
      1.1580478834631496,
      0.5381123532103944,
      0.5526527323032903,
      0.5953649666200332,
      1.1439497244583317
    ],
    "headline_friendly_bonus": 1.9732432869561172,
    "headline_ops_scale": 0.7177397787052672,
    "influence_mode_bonus": 5.990425817477608,
    "late_region_weights": [
      1.0205792892945709,
      1.0165439028710617,
      1.0118997833858907,
      1.06409796498776,
      1.0207889083254715,
      0.9647000489888411,
      0.6900590472125576
    ],
    "mid_region_weights": [
      1.2068792908585249,
      0.8584514903438523,
      1.0009735942937568,
      0.8967944862028707,
      1.2808926195582255,
      1.254843010519871,
      0.6851905749333883
    ],
    "ops_card_penalty": 0.14038990501985676,
    "realign_base_penalty": -4.088249061344908,
    "realign_country_scale": 0.6110410522111582,
    "realign_defcon2_bonus": 2.0227924565225943,
    "realign_mode_bonus": -1.2248441219496287,
    "space_early_bonus": 0.9372525634380261,
    "space_mode_bonus": 1.0689723392196968,
    "space_offside_bonus": 1.869880150534868,
    "space_when_behind_bonus": 2.0016853326611646
  },
  "proxy_score": 0.8145161290322581,
  "snapshot_id": "candidate_0077",
  "source": "random_proxy_search",
  "speed_penalty": 0.0
}
