{
  "created_process_s": 0.353462077,
  "created_wall_s": 6.444573139990098,
  "label": "random_110",
  "objective": 0.8467741935483871,
  "paired_score": 0.0,
  "params": {
    "access_bonus": 1.2911103577945828,
    "china_asia_target_bonus": 1.563645846981312,
    "china_early_penalty": -2.504914720840681,
    "control_break_bonus": 4.765656130892337,
    "country_battleground_bonus": 6.922813830522617,
    "country_europe_core_bonus": 1.9016705500536912,
    "country_mid_war_entry_bonus": 2.034652156733656,
    "country_non_battleground_bonus": 0.9702562824807768,
    "country_region_scale": 4.870158619166886,
    "country_stability_scale": 0.6464796779202251,
    "country_thailand_early_bonus": 6.194468080915525,
    "coup_battleground_bonus": 2.4563535610473393,
    "coup_defcon2_penalty": -7.706580786145889,
    "coup_defcon3_penalty": -2.422684871087333,
    "coup_mode_bonus": 4.207691490606927,
    "early_region_weights": [
      0.7428561057333182,
      1.2666221057518152,
      1.1244338445573359,
      0.5693963896830685,
      0.3864011371115612,
      0.7855212728061419,
      1.222889664577972
    ],
    "headline_friendly_bonus": 1.9590833207190175,
    "headline_ops_scale": 0.7467250286787867,
    "influence_mode_bonus": 5.616840974062866,
    "late_region_weights": [
      1.0020639660482793,
      0.9695161370235099,
      0.9522222556730907,
      0.95959228159438,
      1.198524432747118,
      0.933601283942087,
      0.7972206792300489
    ],
    "mid_region_weights": [
      0.8179806590009769,
      1.0514299465230295,
      0.9838031123319788,
      0.8592011748224817,
      1.2373475326834098,
      1.3461021932079278,
      0.9226895961766115
    ],
    "ops_card_penalty": 0.12920399623734502,
    "realign_base_penalty": -3.906821256985925,
    "realign_country_scale": 0.5744364531424055,
    "realign_defcon2_bonus": 2.5204714640282178,
    "realign_mode_bonus": -1.0965562623798868,
    "space_early_bonus": 1.0267695255715226,
    "space_mode_bonus": 0.7326492304527177,
    "space_offside_bonus": 1.899456461013207,
    "space_when_behind_bonus": 2.1044859733279524
  },
  "proxy_score": 0.8467741935483871,
  "snapshot_id": "candidate_0110",
  "source": "random_proxy_search",
  "speed_penalty": 0.0
}
