{
  "created_process_s": 4.805222382,
  "created_wall_s": 10.897249784989981,
  "label": "spsa_20_minus",
  "objective": 0.8764405045253914,
  "paired_score": 0.0,
  "params": {
    "access_bonus": 1.7280669513006164,
    "china_asia_target_bonus": 1.5216529485489185,
    "china_early_penalty": -2.9197554876900744,
    "control_break_bonus": 5.041497375129082,
    "country_battleground_bonus": 6.844354976831043,
    "country_europe_core_bonus": 1.8534378276052719,
    "country_mid_war_entry_bonus": 1.8294911250846393,
    "country_non_battleground_bonus": 0.9803994690946437,
    "country_region_scale": 5.155221185190484,
    "country_stability_scale": 0.5653888701979664,
    "country_thailand_early_bonus": 5.7538331265677245,
    "coup_battleground_bonus": 2.243518074831088,
    "coup_defcon2_penalty": -7.724553106674623,
    "coup_defcon3_penalty": -2.3380503463529916,
    "coup_mode_bonus": 3.887788836750694,
    "early_region_weights": [
      0.8698717930875436,
      1.4130160247761054,
      0.9956153212188309,
      0.7240099059337431,
      0.6529622932970122,
      0.6716459149599373,
      1.4203852554126541
    ],
    "headline_friendly_bonus": 1.8673862123087008,
    "headline_ops_scale": 0.7169151125852906,
    "influence_mode_bonus": 6.151979744584496,
    "late_region_weights": [
      1.2578699066709458,
      1.0770946692381276,
      0.9717082578378194,
      0.9040787771551069,
      1.2969967669429612,
      1.011496332876094,
      0.9419925645497875
    ],
    "mid_region_weights": [
      0.8927745097709843,
      0.9854281269464538,
      1.1140120420026052,
      0.8963047360708657,
      1.3281227394518131,
      1.146489402329499,
      0.8978791252414662
    ],
    "ops_card_penalty": 0.14460112322038945,
    "realign_base_penalty": -4.094012809505528,
    "realign_country_scale": 0.6138455731990037,
    "realign_defcon2_bonus": 2.2311417203985133,
    "realign_mode_bonus": -1.046881576092984,
    "space_early_bonus": 0.9812125994738098,
    "space_mode_bonus": 0.8584257679949268,
    "space_offside_bonus": 2.0121930448005854,
    "space_when_behind_bonus": 1.8985009695770574
  },
  "proxy_score": 0.8790322580645161,
  "snapshot_id": "candidate_0160",
  "source": "proxy_spsa",
  "speed_penalty": 0.025917535391248192
}
