{
  "created_process_s": 0.330324729,
  "created_wall_s": 6.421307860990055,
  "label": "random_58",
  "objective": 0.7959670169675567,
  "paired_score": 0.0,
  "params": {
    "access_bonus": 1.438606299409284,
    "china_asia_target_bonus": 1.5638652849840753,
    "china_early_penalty": -2.8581663624350213,
    "control_break_bonus": 4.780575685349395,
    "country_battleground_bonus": 6.797772848669609,
    "country_europe_core_bonus": 2.1079386720890927,
    "country_mid_war_entry_bonus": 2.024679306711595,
    "country_non_battleground_bonus": 1.2240706669116912,
    "country_region_scale": 5.001331689522482,
    "country_stability_scale": 0.4660088628733896,
    "country_thailand_early_bonus": 5.670450884677932,
    "coup_battleground_bonus": 2.746742267008127,
    "coup_defcon2_penalty": -7.839938127999383,
    "coup_defcon3_penalty": -2.056732598802825,
    "coup_mode_bonus": 4.168501091686527,
    "early_region_weights": [
      0.7287917621475936,
      1.2878221455898555,
      0.9881855114360456,
      0.6213423627673699,
      0.5686777845541049,
      0.6707257440738523,
      1.2297071313151995
    ],
    "headline_friendly_bonus": 2.0476564959013572,
    "headline_ops_scale": 0.7202819244674858,
    "influence_mode_bonus": 5.5943213474123,
    "late_region_weights": [
      0.9652972860983016,
      0.8478411701430959,
      0.9943916022422717,
      1.0466342246144416,
      0.9234389861895417,
      1.0038616441584736,
      0.7109672335653672
    ],
    "mid_region_weights": [
      1.0186176446276718,
      1.0622088848983449,
      0.9601013926271919,
      0.762030099024837,
      1.3223159414497048,
      1.1677736653251491,
      0.9390205080026841
    ],
    "ops_card_penalty": 0.22013008512899968,
    "realign_base_penalty": -4.087375904786058,
    "realign_country_scale": 0.46455402150714076,
    "realign_defcon2_bonus": 1.9604354971819915,
    "realign_mode_bonus": -1.053825677014105,
    "space_early_bonus": 0.8328175690008346,
    "space_mode_bonus": 0.9798251103307035,
    "space_offside_bonus": 1.7504772789063023,
    "space_when_behind_bonus": 2.1217393890098992
  },
  "proxy_score": 0.8145161290322581,
  "snapshot_id": "candidate_0058",
  "source": "random_proxy_search",
  "speed_penalty": 0.18549112064701445
}
