{
  "created_process_s": 0.327325894,
  "created_wall_s": 6.418307768995874,
  "label": "random_52",
  "objective": 0.8062717793552346,
  "paired_score": 0.0,
  "params": {
    "access_bonus": 1.20977131685055,
    "china_asia_target_bonus": 1.4804543914900214,
    "china_early_penalty": -2.975471677818744,
    "control_break_bonus": 5.805312025029729,
    "country_battleground_bonus": 7.001771284720612,
    "country_europe_core_bonus": 2.0399696361646606,
    "country_mid_war_entry_bonus": 2.0687999007912183,
    "country_non_battleground_bonus": 0.9364810299971682,
    "country_region_scale": 5.227719226788015,
    "country_stability_scale": 0.5642642451372104,
    "country_thailand_early_bonus": 5.727138375145664,
    "coup_battleground_bonus": 2.3172856230031202,
    "coup_defcon2_penalty": -8.065206993885884,
    "coup_defcon3_penalty": -2.5098951059181003,
    "coup_mode_bonus": 4.28098296628122,
    "early_region_weights": [
      0.8004705623273732,
      1.47902429821147,
      1.2931446637051904,
      0.5877653539628516,
      0.48674699048483033,
      0.6403942170964991,
      1.1070986453899576
    ],
    "headline_friendly_bonus": 2.108042615068252,
    "headline_ops_scale": 0.7567176012633893,
    "influence_mode_bonus": 6.01086439771307,
    "late_region_weights": [
      1.1854801949380387,
      0.870647864753153,
      0.7941727987661061,
      0.9993581589254031,
      1.1116453166365827,
      0.9470767339883627,
      0.8001047020072098
    ],
    "mid_region_weights": [
      0.9100913624600162,
      1.1587466198077763,
      1.0846624972058208,
      0.9531613708073501,
      1.2402012640259776,
      1.1459898325978783,
      0.8042463712373169
    ],
    "ops_card_penalty": 0.10722654040139906,
    "realign_base_penalty": -3.566930795991045,
    "realign_country_scale": 0.5419149288440289,
    "realign_defcon2_bonus": 2.0821427784527873,
    "realign_mode_bonus": -1.143423534101438,
    "space_early_bonus": 1.1183668336672834,
    "space_mode_bonus": 0.8783252530839097,
    "space_offside_bonus": 1.821629826457008,
    "space_when_behind_bonus": 1.9849649207089353
  },
  "proxy_score": 0.8145161290322581,
  "snapshot_id": "candidate_0052",
  "source": "random_proxy_search",
  "speed_penalty": 0.08244349677023455
}
