{
  "created_process_s": 0.339830982,
  "created_wall_s": 6.430816852996941,
  "label": "random_79",
  "objective": 0.8145161290322581,
  "paired_score": 0.0,
  "params": {
    "access_bonus": 1.424500275618521,
    "china_asia_target_bonus": 1.5769271626227022,
    "china_early_penalty": -2.3723183345517387,
    "control_break_bonus": 5.36062776498044,
    "country_battleground_bonus": 7.002965970793788,
    "country_europe_core_bonus": 1.896748642433954,
    "country_mid_war_entry_bonus": 1.8303437663506956,
    "country_non_battleground_bonus": 0.9222152804442807,
    "country_region_scale": 4.867011629387903,
    "country_stability_scale": 0.5656287577743733,
    "country_thailand_early_bonus": 5.87199867629277,
    "coup_battleground_bonus": 2.514708983960867,
    "coup_defcon2_penalty": -8.180145587170864,
    "coup_defcon3_penalty": -2.057879053317239,
    "coup_mode_bonus": 4.088601091984211,
    "early_region_weights": [
      0.9010460888134817,
      1.3940639269992805,
      1.0556846134138107,
      0.5634764128821447,
      0.6530011104113189,
      0.7059550711795808,
      1.2525559294627888
    ],
    "headline_friendly_bonus": 1.977460405443452,
    "headline_ops_scale": 0.7296736357180911,
    "influence_mode_bonus": 6.173951071588287,
    "late_region_weights": [
      1.361132506648632,
      1.0308059501973557,
      1.0620265359006473,
      0.9512367574858824,
      1.0991664377653767,
      1.2021824069460811,
      0.8456378052458934
    ],
    "mid_region_weights": [
      0.8824742013281696,
      1.119426781674702,
      1.1648175163945576,
      0.8457961473874616,
      1.2702909454691653,
      1.1946368535361813,
      0.9990935012384394
    ],
    "ops_card_penalty": 0.20268731562609843,
    "realign_base_penalty": -4.015699935850695,
    "realign_country_scale": 0.5465945048412149,
    "realign_defcon2_bonus": 2.363039159412666,
    "realign_mode_bonus": -1.0198410790112626,
    "space_early_bonus": 1.0853890118364682,
    "space_mode_bonus": 1.0714850435675982,
    "space_offside_bonus": 2.190425017536078,
    "space_when_behind_bonus": 1.8047924941412823
  },
  "proxy_score": 0.8145161290322581,
  "snapshot_id": "candidate_0079",
  "source": "random_proxy_search",
  "speed_penalty": 0.0
}
