{
  "created_process_s": 0.352630261,
  "created_wall_s": 6.443741249997402,
  "label": "random_108",
  "objective": 0.782258064516129,
  "paired_score": 0.0,
  "params": {
    "access_bonus": 1.5764742765370143,
    "china_asia_target_bonus": 1.490345966193512,
    "china_early_penalty": -2.5957754215344404,
    "control_break_bonus": 5.310399005445079,
    "country_battleground_bonus": 7.1312307845611,
    "country_europe_core_bonus": 2.131818677606928,
    "country_mid_war_entry_bonus": 1.9902018131045234,
    "country_non_battleground_bonus": 1.0225747210581246,
    "country_region_scale": 5.046882081439219,
    "country_stability_scale": 0.6028172589874804,
    "country_thailand_early_bonus": 6.127512939802978,
    "coup_battleground_bonus": 2.526251369041654,
    "coup_defcon2_penalty": -7.8755120374936896,
    "coup_defcon3_penalty": -2.519723186370962,
    "coup_mode_bonus": 3.779781499315047,
    "early_region_weights": [
      1.1002187215119594,
      1.3338996208104679,
      1.1806917759399735,
      0.5682708396050775,
      0.3683843136316035,
      0.4615212025932561,
      1.3552532326031865
    ],
    "headline_friendly_bonus": 2.0451371603872026,
    "headline_ops_scale": 0.7281354063850219,
    "influence_mode_bonus": 5.635211731292659,
    "late_region_weights": [
      1.0859919737055177,
      0.7674544330511406,
      0.9854532125768067,
      1.1086413526436263,
      1.144830556858381,
      1.1510936456568763,
      0.6934358294276471
    ],
    "mid_region_weights": [
      1.0870486334733722,
      1.1642165473213928,
      0.9240977976874407,
      0.892659585064997,
      1.1613781174649984,
      1.0639627451845812,
      0.7637031861105816
    ],
    "ops_card_penalty": 0.1954428285593715,
    "realign_base_penalty": -3.7363157826821753,
    "realign_country_scale": 0.6033920596112571,
    "realign_defcon2_bonus": 1.656156292453589,
    "realign_mode_bonus": -1.148665757818536,
    "space_early_bonus": 1.104452957776023,
    "space_mode_bonus": 0.8840562018642931,
    "space_offside_bonus": 1.9429766055421351,
    "space_when_behind_bonus": 2.0081678984755684
  },
  "proxy_score": 0.782258064516129,
  "snapshot_id": "candidate_0108",
  "source": "random_proxy_search",
  "speed_penalty": 0.0
}
