{
  "created_process_s": 0.308592084,
  "created_wall_s": 6.399555680996855,
  "label": "random_17",
  "objective": 0.7202929400789777,
  "paired_score": 0.0,
  "params": {
    "access_bonus": 1.775255464475054,
    "china_asia_target_bonus": 1.4019895534898126,
    "china_early_penalty": -2.535097251405851,
    "control_break_bonus": 5.121710074126349,
    "country_battleground_bonus": 6.932218712746509,
    "country_europe_core_bonus": 2.011977000725948,
    "country_mid_war_entry_bonus": 2.033093291980471,
    "country_non_battleground_bonus": 1.2126774000222742,
    "country_region_scale": 4.822362633266376,
    "country_stability_scale": 0.5843012122063773,
    "country_thailand_early_bonus": 6.445418427232249,
    "coup_battleground_bonus": 2.678712512403293,
    "coup_defcon2_penalty": -7.751837653041322,
    "coup_defcon3_penalty": -2.918459580818103,
    "coup_mode_bonus": 4.124007182819794,
    "early_region_weights": [
      0.955763048904713,
      1.0832949846257336,
      1.1991726999268648,
      0.7493331836715617,
      0.5152199412385999,
      0.6722628565109954,
      1.4998059588285673
    ],
    "headline_friendly_bonus": 1.9836146425020516,
    "headline_ops_scale": 0.7688829555764604,
    "influence_mode_bonus": 5.605064673335026,
    "late_region_weights": [
      0.8648298016223717,
      1.0031139757723293,
      0.9551335118535689,
      1.0911787374800435,
      1.0454701568997986,
      0.9625555178106143,
      0.7452048684126882
    ],
    "mid_region_weights": [
      0.8279901672865018,
      0.9728665256108147,
      0.9306701237950906,
      0.7327150233706432,
      1.115284720108554,
      1.0684792687109947,
      1.1122352757480363
    ],
    "ops_card_penalty": 0.1672429980578908,
    "realign_base_penalty": -3.8333711539843964,
    "realign_country_scale": 0.6300803771507374,
    "realign_defcon2_bonus": 2.004861570133628,
    "realign_mode_bonus": -1.0843713930007823,
    "space_early_bonus": 0.7727932798214516,
    "space_mode_bonus": 1.2261814241921114,
    "space_offside_bonus": 1.8796080802329678,
    "space_when_behind_bonus": 1.9165961143075212
  },
  "proxy_score": 0.782258064516129,
  "snapshot_id": "candidate_0017",
  "source": "random_proxy_search",
  "speed_penalty": 0.6196512443715132
}
