{
  "created_process_s": 6.758632025,
  "created_wall_s": 1064.471921503995,
  "label": "refine_6",
  "objective": 0.8694158462860667,
  "paired_score": 0.0,
  "params": {
    "access_bonus": 1.4193626834175375,
    "china_asia_target_bonus": 1.4513844464631844,
    "china_early_penalty": -2.450101035023261,
    "control_break_bonus": 5.286629746794037,
    "country_battleground_bonus": 6.954067893413345,
    "country_europe_core_bonus": 2.0046155407759967,
    "country_mid_war_entry_bonus": 2.1168822706290524,
    "country_non_battleground_bonus": 1.3409450564690675,
    "country_region_scale": 4.9056491479979405,
    "country_stability_scale": 0.539869871766613,
    "country_thailand_early_bonus": 5.753704370386702,
    "coup_battleground_bonus": 2.741919371210479,
    "coup_defcon2_penalty": -8.205538508062835,
    "coup_defcon3_penalty": -2.512207735644162,
    "coup_mode_bonus": 3.4391842248278857,
    "early_region_weights": [
      0.9115096715495631,
      1.2613099366798302,
      0.9873708502833254,
      0.6542575521227244,
      0.3143432523660223,
      0.5658610189727303,
      1.23753846391482
    ],
    "headline_friendly_bonus": 1.7504838190463041,
    "headline_ops_scale": 0.8675925646163071,
    "influence_mode_bonus": 5.898133550041019,
    "late_region_weights": [
      1.1251810524037458,
      0.9914406014487691,
      1.0414453257068494,
      1.002342187625705,
      1.1480500516498249,
      0.9804825511605825,
      0.6649122901281724
    ],
    "mid_region_weights": [
      0.855646446807231,
      0.9722754146439763,
      0.9584620578462855,
      0.8638454806313354,
      1.180070933900537,
      1.2360861648921266,
      0.7041813445708027
    ],
    "ops_card_penalty": 0.18901096750248217,
    "realign_base_penalty": -3.927680878482763,
    "realign_country_scale": 0.5991181129226829,
    "realign_defcon2_bonus": 1.93642442277155,
    "realign_mode_bonus": -1.0361242101718964,
    "space_early_bonus": 1.0154996373193692,
    "space_mode_bonus": 0.8983705586258213,
    "space_offside_bonus": 2.098762375065907,
    "space_when_behind_bonus": 1.8981828357856096
  },
  "proxy_score": 0.8790322580645161,
  "snapshot_id": "candidate_0174",
  "source": "screen_refine",
  "speed_penalty": 0.0961641177844943
}
