{
  "created_process_s": 5.1224452750000005,
  "created_wall_s": 11.214389971995843,
  "label": "spsa_22_plus",
  "objective": 0.876737334976309,
  "paired_score": 0.0,
  "params": {
    "access_bonus": 1.7277547688587855,
    "china_asia_target_bonus": 1.5218610701768058,
    "china_early_penalty": -2.920171730945849,
    "control_break_bonus": 5.067705825975418,
    "country_battleground_bonus": 6.822514601125763,
    "country_europe_core_bonus": 1.8536459492331592,
    "country_mid_war_entry_bonus": 1.829283003456752,
    "country_non_battleground_bonus": 0.967295243671476,
    "country_region_scale": 5.155741489260203,
    "country_stability_scale": 0.5652848093840227,
    "country_thailand_early_bonus": 5.7534168833119494,
    "coup_battleground_bonus": 2.2260457742668645,
    "coup_defcon2_penalty": -7.689608505546176,
    "coup_defcon3_penalty": -2.337530042283273,
    "coup_mode_bonus": 3.861580385904359,
    "early_region_weights": [
      0.8696636714596562,
      1.4128079031482181,
      0.9958234428467183,
      0.7238017843058557,
      0.6442261430149003,
      0.6629097646778255,
      1.4201771337847668
    ],
    "headline_friendly_bonus": 1.86707402986687,
    "headline_ops_scale": 0.7212831877263465,
    "influence_mode_bonus": 6.178188195430832,
    "late_region_weights": [
      1.2576617850430585,
      1.0858308195202393,
      0.9719163794657069,
      0.9128149274372187,
      1.2882606166608495,
      1.0117044545039813,
      0.9332564142676757
    ],
    "mid_region_weights": [
      0.8840383594888724,
      0.9856362485743412,
      1.1138039203747179,
      0.8965128576987531,
      1.3283308610797004,
      1.1377532520473872,
      0.8891429749593543
    ],
    "ops_card_penalty": 0.14453868673202325,
    "realign_base_penalty": -4.072172433800248,
    "realign_country_scale": 0.6182136483400595,
    "realign_defcon2_bonus": 2.2308295379566823,
    "realign_mode_bonus": -1.0472978193487588,
    "space_early_bonus": 0.9899487497559216,
    "space_mode_bonus": 0.858009524739152,
    "space_offside_bonus": 2.0252972702237533,
    "space_when_behind_bonus": 1.911605195000225
  },
  "proxy_score": 0.8790322580645161,
  "snapshot_id": "candidate_0163",
  "source": "proxy_spsa",
  "speed_penalty": 0.022949230882071348
}
