{
  "created_process_s": 0.336979805,
  "created_wall_s": 6.427964586997405,
  "label": "random_73",
  "objective": 0.8145161290322581,
  "paired_score": 0.0,
  "params": {
    "access_bonus": 1.4058050772250854,
    "china_asia_target_bonus": 1.4661191304186498,
    "china_early_penalty": -2.225938056538181,
    "control_break_bonus": 4.851772602748092,
    "country_battleground_bonus": 7.376844861110685,
    "country_europe_core_bonus": 2.020829885541934,
    "country_mid_war_entry_bonus": 2.013794382345112,
    "country_non_battleground_bonus": 1.019863464526549,
    "country_region_scale": 4.873086535493024,
    "country_stability_scale": 0.588795986613264,
    "country_thailand_early_bonus": 6.179927425615949,
    "coup_battleground_bonus": 2.6161855372484997,
    "coup_defcon2_penalty": -8.911194124285716,
    "coup_defcon3_penalty": -2.986469341889352,
    "coup_mode_bonus": 4.30064440988996,
    "early_region_weights": [
      0.9020597341449501,
      1.4871714629007362,
      1.0602445255784056,
      0.5552924830149193,
      0.6943601679027162,
      0.2817438476890769,
      1.2525674992313836
    ],
    "headline_friendly_bonus": 1.7864027949874368,
    "headline_ops_scale": 0.8506462794183137,
    "influence_mode_bonus": 5.687790974126432,
    "late_region_weights": [
      1.09295704315398,
      1.0934077766761956,
      0.9889415810150235,
      1.0317096600130091,
      1.0561009695310113,
      1.1013345864071864,
      0.8105946612653819
    ],
    "mid_region_weights": [
      1.045873475465509,
      0.974747700113393,
      1.015152531330054,
      1.133222782869237,
      1.0296554148300296,
      1.2364958115964166,
      0.8332403239036374
    ],
    "ops_card_penalty": 0.1375076087540462,
    "realign_base_penalty": -3.4635168617271885,
    "realign_country_scale": 0.5591819947656349,
    "realign_defcon2_bonus": 1.8511398736945683,
    "realign_mode_bonus": -1.4954708570708302,
    "space_early_bonus": 0.9251978560156378,
    "space_mode_bonus": 0.8994609957012554,
    "space_offside_bonus": 1.7784627786971683,
    "space_when_behind_bonus": 1.9064743054219482
  },
  "proxy_score": 0.8145161290322581,
  "snapshot_id": "candidate_0073",
  "source": "random_proxy_search",
  "speed_penalty": 0.0
}
