{
  "created_process_s": 0.318627665,
  "created_wall_s": 6.409593920994666,
  "label": "random_35",
  "objective": 0.8722656492742303,
  "paired_score": 0.0,
  "params": {
    "access_bonus": 1.5946257039503322,
    "china_asia_target_bonus": 1.4391082807074693,
    "china_early_penalty": -2.308036708968163,
    "control_break_bonus": 4.7485411653091205,
    "country_battleground_bonus": 7.313965499743485,
    "country_europe_core_bonus": 1.949259772809668,
    "country_mid_war_entry_bonus": 1.9828519449838362,
    "country_non_battleground_bonus": 1.0620124275663,
    "country_region_scale": 4.977735608833074,
    "country_stability_scale": 0.5727488222061482,
    "country_thailand_early_bonus": 5.652200540103261,
    "coup_battleground_bonus": 2.234567673110534,
    "coup_defcon2_penalty": -8.924909428684693,
    "coup_defcon3_penalty": -2.366261905091733,
    "coup_mode_bonus": 4.343106600042497,
    "early_region_weights": [
      0.906244552974951,
      1.4734208353766114,
      1.1778478432530401,
      0.7057997349701184,
      0.416837323771869,
      0.4966223648810787,
      1.3083127191349249
    ],
    "headline_friendly_bonus": 2.105995465661026,
    "headline_ops_scale": 0.7847041762765556,
    "influence_mode_bonus": 6.38326167845989,
    "late_region_weights": [
      1.2336987607327627,
      1.0293426804414691,
      0.959463071493875,
      0.9325145443932139,
      1.1769017104974369,
      1.03161272702887,
      0.6224698417036199
    ],
    "mid_region_weights": [
      1.0216112177190724,
      1.0692596257882983,
      1.0924238554004029,
      0.8753912579719784,
      1.0475593145589737,
      1.2396890268722343,
      0.8175934108788472
    ],
    "ops_card_penalty": 0.15231364258214672,
    "realign_base_penalty": -3.593544293574039,
    "realign_country_scale": 0.5508755146306252,
    "realign_defcon2_bonus": 2.0234511490813043,
    "realign_mode_bonus": -0.661194261450761,
    "space_early_bonus": 0.9555856303916462,
    "space_mode_bonus": 0.6388259972944226,
    "space_offside_bonus": 2.0082994361703568,
    "space_when_behind_bonus": 1.8000636259638259
  },
  "proxy_score": 0.8790322580645161,
  "snapshot_id": "candidate_0035",
  "source": "random_proxy_search",
  "speed_penalty": 0.06766608790285744
}
