{
  "created_process_s": 5.551202279,
  "created_wall_s": 11.643036737994407,
  "label": "spsa_24_plus",
  "objective": 0.8601470943582645,
  "paired_score": 0.0,
  "params": {
    "access_bonus": 1.727482471725075,
    "china_asia_target_bonus": 1.5220426015992794,
    "china_early_penalty": -2.920534793790796,
    "control_break_bonus": 5.067161231707997,
    "country_battleground_bonus": 6.822968429681947,
    "country_europe_core_bonus": 1.8538274806556327,
    "country_mid_war_entry_bonus": 1.8291014720342784,
    "country_non_battleground_bonus": 0.9798149895191023,
    "country_region_scale": 5.156195317816387,
    "country_stability_scale": 0.5611115607681473,
    "country_thailand_early_bonus": 5.736723888848449,
    "coup_battleground_bonus": 2.2264088371118116,
    "coup_defcon2_penalty": -7.72299449447318,
    "coup_defcon3_penalty": -2.316663799203896,
    "coup_mode_bonus": 3.8866198775996113,
    "early_region_weights": [
      0.8613171742279053,
      1.4044614059164673,
      0.9960049742691919,
      0.7236202528833822,
      0.6525726402466512,
      0.663091296100299,
      1.411830636553016
    ],
    "headline_friendly_bonus": 1.8668017327331594,
    "headline_ops_scale": 0.7211924220151097,
    "influence_mode_bonus": 6.177643601163411,
    "late_region_weights": [
      1.2493152878113076,
      1.0856492880977657,
      0.9720979108881804,
      0.9126333960147451,
      1.288442148083323,
      1.0118859859264548,
      0.9416029114994265
    ],
    "mid_region_weights": [
      0.8923848567206233,
      0.9858177799968147,
      1.1136223889522443,
      0.8966943891212267,
      1.328512392502174,
      1.1379347834698608,
      0.8974894721911052
    ],
    "ops_card_penalty": 0.142034737562498,
    "realign_base_penalty": -4.093038676879625,
    "realign_country_scale": 0.6181228826288228,
    "realign_defcon2_bonus": 2.230557240822972,
    "realign_mode_bonus": -1.0639908138122605,
    "space_early_bonus": 0.9816022525241708,
    "space_mode_bonus": 0.8576464618942049,
    "space_offside_bonus": 2.012777524376127,
    "space_when_behind_bonus": 1.9113328978665145
  },
  "proxy_score": 0.8790322580645161,
  "snapshot_id": "candidate_0167",
  "source": "proxy_spsa",
  "speed_penalty": 0.1888516370625155
}
