{
  "created_process_s": 0.334204761,
  "created_wall_s": 6.425189230998512,
  "label": "random_67",
  "objective": 0.782258064516129,
  "paired_score": 0.0,
  "params": {
    "access_bonus": 1.5273953701829404,
    "china_asia_target_bonus": 1.4734754603184188,
    "china_early_penalty": -2.3306367127315872,
    "control_break_bonus": 4.5292583685052445,
    "country_battleground_bonus": 6.904458166653949,
    "country_europe_core_bonus": 1.8792174838771902,
    "country_mid_war_entry_bonus": 2.0450370492470173,
    "country_non_battleground_bonus": 0.9489968610898996,
    "country_region_scale": 4.733690857096869,
    "country_stability_scale": 0.5892792599402609,
    "country_thailand_early_bonus": 5.864956933170386,
    "coup_battleground_bonus": 2.4827018419483866,
    "coup_defcon2_penalty": -8.28823759962551,
    "coup_defcon3_penalty": -2.3173599098226245,
    "coup_mode_bonus": 4.353108048606225,
    "early_region_weights": [
      0.8769703732254144,
      1.2369517009895534,
      1.054569093410638,
      0.5264252440018414,
      0.630455026588288,
      0.5201291023425667,
      1.1801456262553738
    ],
    "headline_friendly_bonus": 2.201462810965812,
    "headline_ops_scale": 0.749772307077888,
    "influence_mode_bonus": 6.136227516665401,
    "late_region_weights": [
      0.9623688744902579,
      0.8849701902273779,
      0.9510470582888263,
      1.1510173182472465,
      1.0800833735696358,
      0.9170712816362488,
      0.5910599416566765
    ],
    "mid_region_weights": [
      0.8505355054117463,
      1.0283413324606825,
      0.9085232986872711,
      1.0733581640310457,
      0.970006882900552,
      0.9795864896861676,
      0.8390375201355583
    ],
    "ops_card_penalty": 0.10757267981911509,
    "realign_base_penalty": -4.108684110906071,
    "realign_country_scale": 0.6413807466304707,
    "realign_defcon2_bonus": 1.9439590446219233,
    "realign_mode_bonus": -1.110924527828983,
    "space_early_bonus": 0.9507600562833364,
    "space_mode_bonus": 0.8447077911581968,
    "space_offside_bonus": 2.0746329921952547,
    "space_when_behind_bonus": 2.278014309921747
  },
  "proxy_score": 0.782258064516129,
  "snapshot_id": "candidate_0067",
  "source": "random_proxy_search",
  "speed_penalty": 0.0
}
