{
  "created_process_s": 0.356040536,
  "created_wall_s": 6.447152585998992,
  "label": "random_116",
  "objective": 0.8145161290322581,
  "paired_score": 0.0,
  "params": {
    "access_bonus": 1.4716529058350132,
    "china_asia_target_bonus": 1.435006132319021,
    "china_early_penalty": -2.6206562493750725,
    "control_break_bonus": 4.789880241845163,
    "country_battleground_bonus": 6.889440304967007,
    "country_europe_core_bonus": 2.035538474504177,
    "country_mid_war_entry_bonus": 2.035187386494194,
    "country_non_battleground_bonus": 0.8674774007723984,
    "country_region_scale": 5.13800956685382,
    "country_stability_scale": 0.4792033337240706,
    "country_thailand_early_bonus": 5.865654884555252,
    "coup_battleground_bonus": 2.7669151946164723,
    "coup_defcon2_penalty": -8.029635809229902,
    "coup_defcon3_penalty": -2.391438803243619,
    "coup_mode_bonus": 3.988887197823183,
    "early_region_weights": [
      0.8409032723703638,
      1.2510313108267763,
      1.4031583423486993,
      0.4989865603613545,
      0.5056606338209801,
      0.5930729362455289,
      1.1248301247495975
    ],
    "headline_friendly_bonus": 2.1759557850678384,
    "headline_ops_scale": 0.7209891794306936,
    "influence_mode_bonus": 5.667978470084474,
    "late_region_weights": [
      1.0372121344895953,
      0.840122487897479,
      0.8639135483610787,
      0.9961465256480705,
      1.2642224325552875,
      1.020894757818709,
      0.7220280022409493
    ],
    "mid_region_weights": [
      0.8901765750397409,
      0.9807118225564702,
      0.8561772743477658,
      0.8373065263069557,
      1.179070301922812,
      1.08603017525395,
      0.7772892402592811
    ],
    "ops_card_penalty": 0.16753183886187642,
    "realign_base_penalty": -3.5652209965898107,
    "realign_country_scale": 0.4961959459073116,
    "realign_defcon2_bonus": 2.01778755782748,
    "realign_mode_bonus": -1.080070593109048,
    "space_early_bonus": 0.9188312603663503,
    "space_mode_bonus": 1.4517781618625583,
    "space_offside_bonus": 1.797985035499391,
    "space_when_behind_bonus": 1.8389941297575445
  },
  "proxy_score": 0.8145161290322581,
  "snapshot_id": "candidate_0116",
  "source": "random_proxy_search",
  "speed_penalty": 0.0
}
