{
  "created_process_s": 4.905609822,
  "created_wall_s": 10.99760984898603,
  "label": "spsa_21_plus",
  "objective": 0.8771310547759396,
  "paired_score": 0.0,
  "params": {
    "access_bonus": 1.7148122106610373,
    "china_asia_target_bonus": 1.530489442308638,
    "china_early_penalty": -2.9374284752095132,
    "control_break_bonus": 5.0418207095799215,
    "country_battleground_bonus": 6.822263742431744,
    "country_europe_core_bonus": 1.8622743213649913,
    "country_mid_war_entry_bonus": 1.82065463132492,
    "country_non_battleground_bonus": 0.9671447284550646,
    "country_region_scale": 5.177312419589783,
    "country_stability_scale": 0.5609706233181067,
    "country_thailand_early_bonus": 5.736160139048286,
    "coup_battleground_bonus": 2.225845087311649,
    "coup_defcon2_penalty": -7.724121994073505,
    "coup_defcon3_penalty": -2.3377809009772923,
    "coup_mode_bonus": 3.861279355471536,
    "early_region_weights": [
      0.8697640149372639,
      1.4129082466258258,
      1.0044518149785504,
      0.7239021277834634,
      0.6441257995372927,
      0.6628094212002178,
      1.4202774772623745
    ],
    "headline_friendly_bonus": 1.8672245450832814,
    "headline_ops_scale": 0.7213333594651503,
    "influence_mode_bonus": 6.1523030790353355,
    "late_region_weights": [
      1.2577621285206662,
      1.0772024473884072,
      0.9718160359880992,
      0.9129152709148264,
      1.2968889887926816,
      1.0203328266358134,
      0.933156070790068
    ],
    "mid_region_weights": [
      0.8839380160112648,
      0.9855359050967335,
      1.1139042638523255,
      0.9051412298305852,
      1.3369592332115325,
      1.1463816241792193,
      0.8977713470911864
    ],
    "ops_card_penalty": 0.14195017509247362,
    "realign_base_penalty": -4.093743364129828,
    "realign_country_scale": 0.6182638200788634,
    "realign_defcon2_bonus": 2.2309800531730937,
    "realign_mode_bonus": -1.0470971323935434,
    "space_early_bonus": 0.9813203776240895,
    "space_mode_bonus": 0.8582102116943673,
    "space_offside_bonus": 2.0254477854401647,
    "space_when_behind_bonus": 1.8986626368024768
  },
  "proxy_score": 0.8790322580645161,
  "snapshot_id": "candidate_0161",
  "source": "proxy_spsa",
  "speed_penalty": 0.019012032885765473
}
