{
  "created_process_s": 0.682188334,
  "created_wall_s": 6.773395107986289,
  "label": "spsa_1_minus",
  "objective": 0.8048150952722587,
  "paired_score": 0.0,
  "params": {
    "access_bonus": 1.7513587473681171,
    "china_asia_target_bonus": 1.506125084503918,
    "china_early_penalty": -2.9686997596000735,
    "control_break_bonus": 5.114913782994081,
    "country_battleground_bonus": 6.783174636943544,
    "country_europe_core_bonus": 1.8779099635602714,
    "country_mid_war_entry_bonus": 1.8050189891296398,
    "country_non_battleground_bonus": 1.0036912651621444,
    "country_region_scale": 5.1164015250779835,
    "country_stability_scale": 0.5731528022204666,
    "country_thailand_early_bonus": 5.704888854657725,
    "coup_battleground_bonus": 2.194573802921089,
    "coup_defcon2_penalty": -7.626664562854625,
    "coup_defcon3_penalty": -2.3768700064654924,
    "coup_mode_bonus": 3.9343724288856956,
    "early_region_weights": [
      0.885399657132544,
      1.428543888821106,
      0.9800874571738305,
      0.6995377699787435,
      0.6284901573420125,
      0.6471737790049377,
      1.4359131194576547
    ],
    "headline_friendly_bonus": 1.8306780083762015,
    "headline_ops_scale": 0.7091511805627904,
    "influence_mode_bonus": 6.225396152449495,
    "late_region_weights": [
      1.2733977707159463,
      1.101566805193127,
      0.9961803937928191,
      0.8885509131101065,
      1.3125246309879617,
      0.9959684688310935,
      0.9575204285947879
    ],
    "mid_region_weights": [
      0.8683023738159846,
      1.0099002629014533,
      1.0895399060476056,
      0.9207768720258653,
      1.3525948754068127,
      1.1220172663744994,
      0.8734069892864665
    ],
    "ops_card_penalty": 0.1492594824338896,
    "realign_base_penalty": -4.032832469618029,
    "realign_country_scale": 0.6260816411765034,
    "realign_defcon2_bonus": 2.2544335164660136,
    "realign_mode_bonus": -1.0158258480029831,
    "space_early_bonus": 0.9656847354288094,
    "space_mode_bonus": 0.8094814960849276,
    "space_offside_bonus": 2.0489012487330847,
    "space_when_behind_bonus": 1.9352091735095567
  },
  "proxy_score": 0.8467741935483871,
  "snapshot_id": "candidate_0122",
  "source": "proxy_spsa",
  "speed_penalty": 0.4195909827612838
}
