{
  "created_process_s": 0.312337848,
  "created_wall_s": 6.403302257996984,
  "label": "random_23",
  "objective": 0.8139884544259071,
  "paired_score": 0.0,
  "params": {
    "access_bonus": 1.1770864499552076,
    "china_asia_target_bonus": 1.6563974591557287,
    "china_early_penalty": -2.3999385574800254,
    "control_break_bonus": 5.473504679632784,
    "country_battleground_bonus": 7.227928100155278,
    "country_europe_core_bonus": 2.079244661382525,
    "country_mid_war_entry_bonus": 2.0664066059492465,
    "country_non_battleground_bonus": 0.683035630604844,
    "country_region_scale": 5.1324247079145415,
    "country_stability_scale": 0.5423882330893509,
    "country_thailand_early_bonus": 5.969241358098987,
    "coup_battleground_bonus": 2.6360505611507534,
    "coup_defcon2_penalty": -8.055743306622693,
    "coup_defcon3_penalty": -2.6102058690330194,
    "coup_mode_bonus": 4.452477619120163,
    "early_region_weights": [
      0.855030586903858,
      1.4386980532219278,
      1.2504192347928509,
      0.6443088028641433,
      0.4527159724831078,
      0.5126347159658056,
      1.1377193710006224
    ],
    "headline_friendly_bonus": 2.0329865979341233,
    "headline_ops_scale": 0.7557255666019038,
    "influence_mode_bonus": 6.074631449703921,
    "late_region_weights": [
      1.1233351340374778,
      0.9993398360921713,
      0.8966844589047807,
      1.060475549144897,
      1.014404206895345,
      0.9628814016024034,
      0.5797808789107906
    ],
    "mid_region_weights": [
      1.0187608039586955,
      1.1636169120685866,
      1.1224787600921151,
      0.8856468601619426,
      1.2436959828966254,
      1.0164483930298478,
      0.8348074326902394
    ],
    "ops_card_penalty": 0.18888750382069935,
    "realign_base_penalty": -3.7588258885871375,
    "realign_country_scale": 0.4380782247202844,
    "realign_defcon2_bonus": 2.1043621732630298,
    "realign_mode_bonus": -0.7517838564075,
    "space_early_bonus": 1.0229213686602567,
    "space_mode_bonus": 0.9559356733377666,
    "space_offside_bonus": 1.894971040900898,
    "space_when_behind_bonus": 1.888751370111688
  },
  "proxy_score": 0.8145161290322581,
  "snapshot_id": "candidate_0023",
  "source": "random_proxy_search",
  "speed_penalty": 0.005276746063511029
}
