{
  "created_process_s": 4.7010409410000005,
  "created_wall_s": 10.793096099994727,
  "label": "spsa_20_plus",
  "objective": 0.873715963989191,
  "paired_score": 0.0,
  "params": {
    "access_bonus": 1.7146505434356178,
    "china_asia_target_bonus": 1.5305972204589176,
    "china_early_penalty": -2.9376440315100725,
    "control_break_bonus": 5.06833019085908,
    "country_battleground_bonus": 6.821994297056045,
    "country_europe_core_bonus": 1.862382099515271,
    "country_mid_war_entry_bonus": 1.8205468531746403,
    "country_non_battleground_bonus": 0.966983061229645,
    "country_region_scale": 5.177581864965482,
    "country_stability_scale": 0.5609167342429668,
    "country_thailand_early_bonus": 5.7359445827477265,
    "coup_battleground_bonus": 2.22562953101109,
    "coup_defcon2_penalty": -7.688776019034627,
    "coup_defcon3_penalty": -2.3156896665779936,
    "coup_mode_bonus": 3.860956021020697,
    "early_region_weights": [
      0.8609275211775443,
      1.4040717528661064,
      1.00455959312883,
      0.7150656340237439,
      0.6440180213870129,
      0.6627016430499381,
      1.4114409835026551
    ],
    "headline_friendly_bonus": 1.8539698044437023,
    "headline_ops_scale": 0.7213872485402901,
    "influence_mode_bonus": 6.178812560314494,
    "late_region_weights": [
      1.2489256347609468,
      1.0860389411481266,
      0.9806525297478187,
      0.9130230490651061,
      1.2880524950329622,
      1.020440604786093,
      0.9330482926397883
    ],
    "mid_region_weights": [
      0.883830237860985,
      0.994372398856453,
      1.1050677700926061,
      0.9052490079808649,
      1.3370670113618122,
      1.1375451304195,
      0.8889348533314669
    ],
    "ops_card_penalty": 0.14191784164738971,
    "realign_base_penalty": -4.07165212973053,
    "realign_country_scale": 0.6183177091540032,
    "realign_defcon2_bonus": 2.2177253125335143,
    "realign_mode_bonus": -1.0647701199129824,
    "space_early_bonus": 0.990156871383809,
    "space_mode_bonus": 0.8405372241749285,
    "space_offside_bonus": 2.0256094526655843,
    "space_when_behind_bonus": 1.911917377442056
  },
  "proxy_score": 0.8790322580645161,
  "snapshot_id": "candidate_0159",
  "source": "proxy_spsa",
  "speed_penalty": 0.05316294075325034
}
