{
  "created_process_s": 1.5606877950000002,
  "created_wall_s": 7.6521349669928895,
  "label": "spsa_5_minus",
  "objective": 0.8705400079149078,
  "paired_score": 0.0,
  "params": {
    "access_bonus": 1.7347751552331159,
    "china_asia_target_bonus": 1.5171808125939188,
    "china_early_penalty": -2.946588303420072,
    "control_break_bonus": 5.081746598724078,
    "country_battleground_bonus": 6.855535316718542,
    "country_europe_core_bonus": 1.8668542354702706,
    "country_mid_war_entry_bonus": 1.833963261039639,
    "country_non_battleground_bonus": 0.9871076730271431,
    "country_region_scale": 5.144040845302985,
    "country_stability_scale": 0.558680666265467,
    "country_thailand_early_bonus": 5.727000310837727,
    "coup_battleground_bonus": 2.2166852591010904,
    "coup_defcon2_penalty": -7.670887475214628,
    "coup_defcon3_penalty": -2.3492306862404906,
    "coup_mode_bonus": 3.847539613155698,
    "early_region_weights": [
      0.8743439290425431,
      1.4174881607311052,
      0.9911431852638314,
      0.7284820418887427,
      0.6574344292520117,
      0.6582295070949385,
      1.4248573913676539
    ],
    "headline_friendly_bonus": 1.8472616005112028,
    "headline_ops_scale": 0.72362331651779,
    "influence_mode_bonus": 6.192228968179492,
    "late_region_weights": [
      1.244453498805947,
      1.0905110771031263,
      0.9672361218828199,
      0.9174951850201056,
      1.301468902897961,
      1.0070241969210942,
      0.946464700504787
    ],
    "mid_region_weights": [
      0.8793581019059855,
      0.9988445348114525,
      1.1005956341376064,
      0.9097211439358645,
      1.341539147316812,
      1.1509615382844987,
      0.8844627173764674
    ],
    "ops_card_penalty": 0.14057620086088984,
    "realign_base_penalty": -4.105193149393027,
    "realign_country_scale": 0.6205537771315031,
    "realign_defcon2_bonus": 2.2378499243310124,
    "realign_mode_bonus": -1.037937304182985,
    "space_early_bonus": 0.9946290073388085,
    "space_mode_bonus": 0.8673700399049259,
    "space_offside_bonus": 2.0054848408680863,
    "space_when_behind_bonus": 1.9186255813745554
  },
  "proxy_score": 0.8790322580645161,
  "snapshot_id": "candidate_0130",
  "source": "proxy_spsa",
  "speed_penalty": 0.08492250149608305
}
