{
  "created_process_s": 1.66410158,
  "created_wall_s": 7.755576794996159,
  "label": "spsa_6_plus",
  "objective": 0.8778235169826657,
  "paired_score": 0.0,
  "params": {
    "access_bonus": 1.7091112986542012,
    "china_asia_target_bonus": 1.5342900503131953,
    "china_early_penalty": -2.945029691218628,
    "control_break_bonus": 5.0794086804219125,
    "country_battleground_bonus": 6.812762222420351,
    "country_europe_core_bonus": 1.849744997750994,
    "country_mid_war_entry_bonus": 1.8168540233203625,
    "country_non_battleground_bonus": 0.9614438164482284,
    "country_region_scale": 5.14598911055479,
    "country_stability_scale": 0.559070319315828,
    "country_thailand_early_bonus": 5.728558923039171,
    "coup_battleground_bonus": 2.2509037345396434,
    "coup_defcon2_penalty": -7.739324426091734,
    "coup_defcon3_penalty": -2.3472824209886856,
    "coup_mode_bonus": 3.8988673263135274,
    "early_region_weights": [
      0.8572346913232667,
      1.4003789230118286,
      1.0082524229831078,
      0.7113728041694662,
      0.6566551231512898,
      0.6590088131956604,
      1.4077481536483774
    ],
    "headline_friendly_bonus": 1.8729254570901175,
    "headline_ops_scale": 0.7150686976581517,
    "influence_mode_bonus": 6.1898910498773265,
    "late_region_weights": [
      1.245232804906669,
      1.0734018393838498,
      0.9843453596020963,
      0.9167158789193838,
      1.300689596797239,
      1.0078035030218162,
      0.9456853944040652
    ],
    "mid_region_weights": [
      0.8964673396252619,
      0.9817352970921761,
      1.1013749402383284,
      0.892611906216588,
      1.34075984121609,
      1.1338523005652221,
      0.8852420234771893
    ],
    "ops_card_penalty": 0.14570897217667275,
    "realign_base_penalty": -4.103244884141222,
    "realign_country_scale": 0.6119991582718648,
    "realign_defcon2_bonus": 2.212186067752098,
    "realign_mode_bonus": -1.0721557796215377,
    "space_early_bonus": 0.9938497012380867,
    "space_mode_bonus": 0.8331515644663731,
    "space_offside_bonus": 2.0311486974470006,
    "space_when_behind_bonus": 1.8929617247956407
  },
  "proxy_score": 0.8790322580645161,
  "snapshot_id": "candidate_0131",
  "source": "proxy_spsa",
  "speed_penalty": 0.012087410818504063
}
