{
  "created_process_s": 0.354314097,
  "created_wall_s": 6.445425657992018,
  "label": "random_112",
  "objective": 0.8145161290322581,
  "paired_score": 0.0,
  "params": {
    "access_bonus": 1.3420004831632546,
    "china_asia_target_bonus": 1.6502125687197942,
    "china_early_penalty": -2.5944617260001457,
    "control_break_bonus": 5.436601458396064,
    "country_battleground_bonus": 6.9790798952533075,
    "country_europe_core_bonus": 2.027698229895192,
    "country_mid_war_entry_bonus": 1.9123908309137365,
    "country_non_battleground_bonus": 1.1355440451883332,
    "country_region_scale": 4.867952891565262,
    "country_stability_scale": 0.6974951328520881,
    "country_thailand_early_bonus": 6.045995916184274,
    "coup_battleground_bonus": 2.4182426516462194,
    "coup_defcon2_penalty": -7.788718709634397,
    "coup_defcon3_penalty": -2.5269713905061453,
    "coup_mode_bonus": 4.702445010145727,
    "early_region_weights": [
      0.9220334226072099,
      1.2541844285372679,
      1.0116359577399496,
      0.701352549796737,
      0.6735500632248596,
      0.5806026991251761,
      1.1890996588705536
    ],
    "headline_friendly_bonus": 2.1049034168052465,
    "headline_ops_scale": 0.7409214138194926,
    "influence_mode_bonus": 6.340600910913117,
    "late_region_weights": [
      0.9970738749386641,
      0.8357949026740638,
      1.0023730681919854,
      0.9777912296972823,
      1.209678207783619,
      0.9061353002531173,
      0.6921780887019683
    ],
    "mid_region_weights": [
      1.1105176818676061,
      0.9982125597341269,
      0.7511313550236595,
      1.1225630591705404,
      1.1081609132222845,
      1.1411927512992188,
      0.808476381121381
    ],
    "ops_card_penalty": 0.12904723527365874,
    "realign_base_penalty": -3.6709192984469277,
    "realign_country_scale": 0.5869655488684182,
    "realign_defcon2_bonus": 2.1417802530347383,
    "realign_mode_bonus": -0.8153923728377479,
    "space_early_bonus": 1.0344392755297311,
    "space_mode_bonus": 1.0885832372057986,
    "space_offside_bonus": 2.17931148951893,
    "space_when_behind_bonus": 1.9943148308240013
  },
  "proxy_score": 0.8145161290322581,
  "snapshot_id": "candidate_0112",
  "source": "random_proxy_search",
  "speed_penalty": 0.0
}
