{
  "created_process_s": 0.321372414,
  "created_wall_s": 6.412352850995376,
  "label": "random_40",
  "objective": 0.8435042439228864,
  "paired_score": 0.0,
  "params": {
    "access_bonus": 1.3442571083861163,
    "china_asia_target_bonus": 1.5100674051346898,
    "china_early_penalty": -2.750143965891806,
    "control_break_bonus": 5.118211602108144,
    "country_battleground_bonus": 7.780690768784214,
    "country_europe_core_bonus": 1.9167162284948491,
    "country_mid_war_entry_bonus": 2.0175351745001233,
    "country_non_battleground_bonus": 1.2509281284448381,
    "country_region_scale": 5.298399423325145,
    "country_stability_scale": 0.5367238844812894,
    "country_thailand_early_bonus": 6.011591563377579,
    "coup_battleground_bonus": 2.6358587500638477,
    "coup_defcon2_penalty": -7.900094726757834,
    "coup_defcon3_penalty": -2.618432298653784,
    "coup_mode_bonus": 4.016882732660049,
    "early_region_weights": [
      0.9778194535258927,
      1.3396053440142042,
      1.0487777287319826,
      0.6957371736163491,
      0.5286456044928103,
      0.5163548534380924,
      1.0981399865851993
    ],
    "headline_friendly_bonus": 2.0631031692405317,
    "headline_ops_scale": 0.7872845918111462,
    "influence_mode_bonus": 6.037447235779655,
    "late_region_weights": [
      1.2351189276137386,
      1.001219836158458,
      0.7817050077433072,
      1.0565777694723577,
      1.0369149148638501,
      0.9885954232807888,
      0.8310976578038943
    ],
    "mid_region_weights": [
      0.9309176216711909,
      1.0799777062576168,
      1.002562536683879,
      0.7540310732782136,
      1.2933144043421627,
      1.2744781828950842,
      0.5989110482053147
    ],
    "ops_card_penalty": 0.1860126989151648,
    "realign_base_penalty": -4.05042922278088,
    "realign_country_scale": 0.5514014562659018,
    "realign_defcon2_bonus": 2.035237450200727,
    "realign_mode_bonus": -0.9712557094201264,
    "space_early_bonus": 1.0113446024100254,
    "space_mode_bonus": 0.9928141455369389,
    "space_offside_bonus": 1.8164580489491777,
    "space_when_behind_bonus": 2.032998552159892
  },
  "proxy_score": 0.8467741935483871,
  "snapshot_id": "candidate_0040",
  "source": "random_proxy_search",
  "speed_penalty": 0.03269949625500801
}
