{
  "created_process_s": 0.35676442599999997,
  "created_wall_s": 6.44787703199836,
  "label": "random_118",
  "objective": 0.8145161290322581,
  "paired_score": 0.0,
  "params": {
    "access_bonus": 1.3633929975061894,
    "china_asia_target_bonus": 1.3950676157738444,
    "china_early_penalty": -2.4829022732590555,
    "control_break_bonus": 5.07055597348245,
    "country_battleground_bonus": 7.192367528567905,
    "country_europe_core_bonus": 1.9410401985986037,
    "country_mid_war_entry_bonus": 2.12323205715937,
    "country_non_battleground_bonus": 1.021961117278156,
    "country_region_scale": 5.212595115309032,
    "country_stability_scale": 0.6070324652997158,
    "country_thailand_early_bonus": 5.808554518435853,
    "coup_battleground_bonus": 2.4318380837496574,
    "coup_defcon2_penalty": -7.958013813684984,
    "coup_defcon3_penalty": -2.583797630028924,
    "coup_mode_bonus": 4.173535822677613,
    "early_region_weights": [
      0.7711676463677466,
      1.6084003295805518,
      0.9695219606466741,
      0.5762238924384292,
      0.47137565502322815,
      0.6558987423182467,
      1.2601266934682447
    ],
    "headline_friendly_bonus": 2.1609823939715924,
    "headline_ops_scale": 0.7426630243551678,
    "influence_mode_bonus": 5.626601574708418,
    "late_region_weights": [
      1.1524408921185176,
      1.0162393205892215,
      0.9825687215362778,
      0.8608547874644334,
      1.1590369858272522,
      1.0197955345312524,
      0.7196448173577656
    ],
    "mid_region_weights": [
      1.0303922887253862,
      1.0225155153367096,
      0.9779875285987264,
      0.9044015522121773,
      0.973763510543632,
      1.1403457784661262,
      0.8327933791016207
    ],
    "ops_card_penalty": 0.19171460014605254,
    "realign_base_penalty": -3.893605525465561,
    "realign_country_scale": 0.4794321310713337,
    "realign_defcon2_bonus": 2.1504814827599614,
    "realign_mode_bonus": -1.2806830480788847,
    "space_early_bonus": 1.0737516310908717,
    "space_mode_bonus": 1.167222412611399,
    "space_offside_bonus": 2.0887385373267184,
    "space_when_behind_bonus": 1.9446903795232526
  },
  "proxy_score": 0.8145161290322581,
  "snapshot_id": "candidate_0118",
  "source": "random_proxy_search",
  "speed_penalty": 0.0
}
