{
  "created_process_s": 0.304826381,
  "created_wall_s": 6.395789045986021,
  "label": "random_10",
  "objective": 0.7164686590956433,
  "paired_score": 0.0,
  "params": {
    "access_bonus": 1.7066921397126293,
    "china_asia_target_bonus": 1.5015694242968054,
    "china_early_penalty": -2.705177823174791,
    "control_break_bonus": 4.947385213456991,
    "country_battleground_bonus": 6.997873209239231,
    "country_europe_core_bonus": 2.061925805477044,
    "country_mid_war_entry_bonus": 1.9742983970293724,
    "country_non_battleground_bonus": 0.9365388703203927,
    "country_region_scale": 5.046671093061663,
    "country_stability_scale": 0.622627468249804,
    "country_thailand_early_bonus": 6.009479097915157,
    "coup_battleground_bonus": 2.7778123152715204,
    "coup_defcon2_penalty": -8.476498693478085,
    "coup_defcon3_penalty": -2.093652465956455,
    "coup_mode_bonus": 3.8150149931736035,
    "early_region_weights": [
      0.7628748172728439,
      1.4022499815021658,
      1.169781923688111,
      0.633923884727655,
      0.6300733903732216,
      0.5867346932720663,
      1.1299077856064057
    ],
    "headline_friendly_bonus": 2.022727611342873,
    "headline_ops_scale": 0.7648227580495738,
    "influence_mode_bonus": 5.787361012996958,
    "late_region_weights": [
      1.1043513338348871,
      0.792298150385872,
      0.9612425070695547,
      1.197387039473454,
      1.291289035975606,
      1.1419485675149956,
      0.7929314561610143
    ],
    "mid_region_weights": [
      0.814539926722215,
      1.1961834330988457,
      1.0759058059985327,
      0.9543308907945276,
      1.1656205111343447,
      1.1613178080153714,
      0.9750356127681262
    ],
    "ops_card_penalty": 0.14343496953098248,
    "realign_base_penalty": -3.6176587611510023,
    "realign_country_scale": 0.49045565174010597,
    "realign_defcon2_bonus": 2.1379124143407866,
    "realign_mode_bonus": -1.0704122809971892,
    "space_early_bonus": 1.0173325535566713,
    "space_mode_bonus": 1.1437870459703103,
    "space_offside_bonus": 1.798310027245652,
    "space_when_behind_bonus": 2.134930002982476
  },
  "proxy_score": 0.782258064516129,
  "snapshot_id": "candidate_0010",
  "source": "random_proxy_search",
  "speed_penalty": 0.6578940542048577
}
