{
  "created_process_s": 0.305439714,
  "created_wall_s": 6.396402293990832,
  "label": "random_11",
  "objective": 0.7025445862693058,
  "paired_score": 0.0,
  "params": {
    "access_bonus": 1.3394029312953888,
    "china_asia_target_bonus": 1.4618540147815393,
    "china_early_penalty": -2.5361603956391776,
    "control_break_bonus": 5.1517782502895235,
    "country_battleground_bonus": 6.947030722786368,
    "country_europe_core_bonus": 2.036363672929574,
    "country_mid_war_entry_bonus": 1.8724923152110597,
    "country_non_battleground_bonus": 0.7715659503202416,
    "country_region_scale": 5.159511235569147,
    "country_stability_scale": 0.5111124096500714,
    "country_thailand_early_bonus": 6.032128602029634,
    "coup_battleground_bonus": 2.978822909413485,
    "coup_defcon2_penalty": -7.7062687769628635,
    "coup_defcon3_penalty": -2.4372849858596113,
    "coup_mode_bonus": 3.6778916038177605,
    "early_region_weights": [
      0.872968232858699,
      1.485419412331286,
      1.1312267944360483,
      0.5812715598662164,
      0.3214791725764119,
      0.8001023124909129,
      1.4047883279880014
    ],
    "headline_friendly_bonus": 1.8536402314706129,
    "headline_ops_scale": 0.7725866373515269,
    "influence_mode_bonus": 6.39977976357638,
    "late_region_weights": [
      1.036216305732348,
      0.8015625111755944,
      0.9503138627624041,
      0.8836207850729466,
      1.0460248069169074,
      1.0912534926971333,
      0.6653469156919412
    ],
    "mid_region_weights": [
      0.7539147122985731,
      0.7983207729249592,
      1.130649323665495,
      0.9381849429759159,
      1.200216703278454,
      1.1698248687309063,
      0.9036620632676521
    ],
    "ops_card_penalty": 0.12531850736488798,
    "realign_base_penalty": -4.368426913315796,
    "realign_country_scale": 0.5815939510046703,
    "realign_defcon2_bonus": 2.0762027388227664,
    "realign_mode_bonus": -0.928092790496918,
    "space_early_bonus": 1.0695238169197052,
    "space_mode_bonus": 0.7427908020725258,
    "space_offside_bonus": 1.9735229765892566,
    "space_when_behind_bonus": 1.8428853600928887
  },
  "proxy_score": 0.8145161290322581,
  "snapshot_id": "candidate_0011",
  "source": "random_proxy_search",
  "speed_penalty": 1.1197154276295227
}
