{
  "created_process_s": 3.605021785,
  "created_wall_s": 9.697122325989767,
  "label": "spsa_15_plus",
  "objective": 0.8748405819819873,
  "paired_score": 0.0,
  "params": {
    "access_bonus": 1.729104714060532,
    "china_asia_target_bonus": 1.5312890622988613,
    "china_early_penalty": -2.918371804010187,
    "control_break_bonus": 5.070405716378911,
    "country_battleground_bonus": 6.846084581430902,
    "country_europe_core_bonus": 1.8527459857653281,
    "country_mid_war_entry_bonus": 1.8198550113346965,
    "country_non_battleground_bonus": 0.9659452984697295,
    "country_region_scale": 5.1793114695653415,
    "country_stability_scale": 0.560570813322995,
    "country_thailand_early_bonus": 5.734560899067839,
    "coup_battleground_bonus": 2.2449017585109754,
    "coup_defcon2_penalty": -7.727320474034398,
    "coup_defcon3_penalty": -2.3397799509528507,
    "coup_mode_bonus": 3.8898643622705253,
    "early_region_weights": [
      0.8705636349274872,
      1.4033799110261627,
      0.9949234793788873,
      0.7247017477736868,
      0.6536541351369558,
      0.672337756799881,
      1.4107491416627114
    ],
    "headline_friendly_bonus": 1.8529320416837867,
    "headline_ops_scale": 0.721733169460262,
    "influence_mode_bonus": 6.180888085834325,
    "late_region_weights": [
      1.2585617485108895,
      1.0867307829880704,
      0.9710164159978758,
      0.9137148909050498,
      1.2873606531930184,
      1.0211324466260367,
      0.9426844063897312
    ],
    "mid_region_weights": [
      0.8831383960210414,
      0.9950642406963967,
      1.114703883842549,
      0.895612894230922,
      1.3274308976118694,
      1.1471812441694427,
      0.8882430114915233
    ],
    "ops_card_penalty": 0.14171028909540662,
    "realign_base_penalty": -4.095742414105387,
    "realign_country_scale": 0.6134996522790318,
    "realign_defcon2_bonus": 2.216687549773599,
    "realign_mode_bonus": -1.0661538035928697,
    "space_early_bonus": 0.9805207576338661,
    "space_mode_bonus": 0.859809451674814,
    "space_offside_bonus": 2.01115528204067,
    "space_when_behind_bonus": 1.8974632068171418
  },
  "proxy_score": 0.8790322580645161,
  "snapshot_id": "candidate_0149",
  "source": "proxy_spsa",
  "speed_penalty": 0.04191676082528839
}
