{
  "created_process_s": 4.134334612,
  "created_wall_s": 10.22651701499126,
  "label": "spsa_17_minus",
  "objective": 0.8755142229040298,
  "paired_score": 0.0,
  "params": {
    "access_bonus": 1.728634816119207,
    "china_asia_target_bonus": 1.5309757970046447,
    "china_early_penalty": -2.91899833459862,
    "control_break_bonus": 5.040361645491902,
    "country_battleground_bonus": 6.84530141819536,
    "country_europe_core_bonus": 1.862760676060998,
    "country_mid_war_entry_bonus": 1.8201682766289131,
    "country_non_battleground_bonus": 0.9809673339132343,
    "country_region_scale": 5.1785283063298,
    "country_stability_scale": 0.5655781584708299,
    "country_thailand_early_bonus": 5.754590279659179,
    "coup_battleground_bonus": 2.2248723779196355,
    "coup_defcon2_penalty": -7.687261712851718,
    "coup_defcon3_penalty": -2.338996787717309,
    "coup_mode_bonus": 3.8598202913835156,
    "early_region_weights": [
      0.8702503696332706,
      1.4036931763203793,
      0.9952367446731039,
      0.7146870574780169,
      0.6533408698427392,
      0.6720244915056643,
      1.4207638319583813
    ],
    "headline_friendly_bonus": 1.8679540771272916,
    "headline_ops_scale": 0.7215765368131537,
    "influence_mode_bonus": 6.150844014947316,
    "late_region_weights": [
      1.2485470582152196,
      1.0767160926924004,
      0.9810311062935457,
      0.9134016256108332,
      1.2973753434886883,
      1.0111177563303668,
      0.9423711410955146
    ],
    "mid_region_weights": [
      0.883451661315258,
      0.99475097540218,
      1.1143906185483323,
      0.8959261595251387,
      1.3374455879075393,
      1.1371665538737727,
      0.8982577017871932
    ],
    "ops_card_penalty": 0.14180426868367157,
    "realign_base_penalty": -4.094959250869845,
    "realign_country_scale": 0.6136562849261401,
    "realign_defcon2_bonus": 2.217157447714924,
    "realign_mode_bonus": -1.0655272730044365,
    "space_early_bonus": 0.9808340229280827,
    "space_mode_bonus": 0.8397800710834743,
    "space_offside_bonus": 2.0261773174841746,
    "space_when_behind_bonus": 1.9124852422606466
  },
  "proxy_score": 0.8790322580645161,
  "snapshot_id": "candidate_0154",
  "source": "proxy_spsa",
  "speed_penalty": 0.035180351604863436
}
