{
  "created_process_s": 0.320254735,
  "created_wall_s": 6.411221533999196,
  "label": "random_38",
  "objective": 0.8094227208049192,
  "paired_score": 0.0,
  "params": {
    "access_bonus": 1.5810844723105824,
    "china_asia_target_bonus": 1.520636095733146,
    "china_early_penalty": -2.5239076602328563,
    "control_break_bonus": 4.846628311718189,
    "country_battleground_bonus": 7.204178941929871,
    "country_europe_core_bonus": 1.855353439585238,
    "country_mid_war_entry_bonus": 2.0465035409366594,
    "country_non_battleground_bonus": 0.8386098626477233,
    "country_region_scale": 5.374786009567049,
    "country_stability_scale": 0.5357247066750346,
    "country_thailand_early_bonus": 6.058232894412298,
    "coup_battleground_bonus": 2.382959542652978,
    "coup_defcon2_penalty": -8.005409258146948,
    "coup_defcon3_penalty": -2.3320415918525272,
    "coup_mode_bonus": 4.102651117351197,
    "early_region_weights": [
      0.9278526347175711,
      1.2694906687206613,
      1.1338813913907133,
      0.6210700564707694,
      0.5969362668145674,
      0.7882959846878412,
      1.1420033496416964
    ],
    "headline_friendly_bonus": 1.8125442094462185,
    "headline_ops_scale": 0.7448220380952018,
    "influence_mode_bonus": 6.101099289680926,
    "late_region_weights": [
      1.012590348235565,
      0.9214539188412105,
      0.9173390865565325,
      1.0401414953480899,
      0.973629571738871,
      0.9210224757686581,
      0.8721064204692501
    ],
    "mid_region_weights": [
      0.9539891687685018,
      0.7988022081818453,
      0.9993245660235128,
      0.9745762984931406,
      1.1916013947312476,
      1.240130325759591,
      0.8128305294757788
    ],
    "ops_card_penalty": 0.07770987655096202,
    "realign_base_penalty": -3.8523508002384395,
    "realign_country_scale": 0.5494914087451374,
    "realign_defcon2_bonus": 2.0748874411565223,
    "realign_mode_bonus": -1.3237147484790195,
    "space_early_bonus": 1.1086459483092064,
    "space_mode_bonus": 0.9715950646721141,
    "space_offside_bonus": 1.913520535540726,
    "space_when_behind_bonus": 2.031595129446618
  },
  "proxy_score": 0.8145161290322581,
  "snapshot_id": "candidate_0038",
  "source": "random_proxy_search",
  "speed_penalty": 0.05093408227338925
}
