{
  "created_process_s": 2.210914944,
  "created_wall_s": 8.302534537986503,
  "label": "spsa_8_minus",
  "objective": 0.8787079026032877,
  "paired_score": 0.0,
  "params": {
    "access_bonus": 1.710752145650319,
    "china_asia_target_bonus": 1.5190540166920525,
    "china_early_penalty": -2.9428418952238045,
    "control_break_bonus": 5.076126986429678,
    "country_battleground_bonus": 6.81549696741388,
    "country_europe_core_bonus": 1.8508388957484059,
    "country_mid_war_entry_bonus": 1.8320900569415053,
    "country_non_battleground_bonus": 0.9630846634443461,
    "country_region_scale": 5.14872385554832,
    "country_stability_scale": 0.5666883361263994,
    "country_thailand_early_bonus": 5.759030990281456,
    "coup_battleground_bonus": 2.220431667297358,
    "coup_defcon2_penalty": -7.734948834102087,
    "coup_defcon3_penalty": -2.309192336935829,
    "coup_mode_bonus": 3.8531592254500993,
    "early_region_weights": [
      0.8724707249444095,
      1.4156149566329714,
      0.993016389361965,
      0.726608837790609,
      0.641419089530147,
      0.6601027111930722,
      1.4088420516457891
    ],
    "headline_friendly_bonus": 1.8712846100939997,
    "headline_ops_scale": 0.7156156466568576,
    "influence_mode_bonus": 6.186609355885092,
    "late_region_weights": [
      1.2463267029040808,
      1.0744957373812616,
      0.9691093259809536,
      0.901479845298241,
      1.2995956987998272,
      1.008897401019228,
      0.9304493607829224
    ],
    "mid_region_weights": [
      0.8953734416278502,
      0.9969713307133189,
      1.1024688382357402,
      0.8937058042139998,
      1.3396659432186782,
      1.134946198562634,
      0.9004780570983321
    ],
    "ops_card_penalty": 0.14538080277744922,
    "realign_base_penalty": -4.065154800088365,
    "realign_country_scale": 0.6196171750824362,
    "realign_defcon2_bonus": 2.2138269147482155,
    "realign_mode_bonus": -1.0416837123792522,
    "space_early_bonus": 0.9927558032406749,
    "space_mode_bonus": 0.8636236317086585,
    "space_offside_bonus": 2.029507850450883,
    "space_when_behind_bonus": 1.8946025717917585
  },
  "proxy_score": 0.8790322580645161,
  "snapshot_id": "candidate_0136",
  "source": "proxy_spsa",
  "speed_penalty": 0.003243554612283983
}
