{
  "created_process_s": 0.353902113,
  "created_wall_s": 6.445013500997447,
  "label": "random_111",
  "objective": 0.8467741935483871,
  "paired_score": 0.0,
  "params": {
    "access_bonus": 1.565914670700499,
    "china_asia_target_bonus": 1.334004723784732,
    "china_early_penalty": -2.609121092692324,
    "control_break_bonus": 4.946848113915023,
    "country_battleground_bonus": 6.828151042176486,
    "country_europe_core_bonus": 1.8732254545497082,
    "country_mid_war_entry_bonus": 2.086500160345639,
    "country_non_battleground_bonus": 1.0755465651298441,
    "country_region_scale": 4.760369476703296,
    "country_stability_scale": 0.6404879163578149,
    "country_thailand_early_bonus": 6.164103542841321,
    "coup_battleground_bonus": 2.6880508662809666,
    "coup_defcon2_penalty": -7.976169497600481,
    "coup_defcon3_penalty": -2.5969249715824905,
    "coup_mode_bonus": 3.7537846965232204,
    "early_region_weights": [
      0.7343307876853663,
      1.3401081902633831,
      1.1200685915156718,
      0.5207926005220757,
      0.5218826208025161,
      0.6116348369033275,
      1.0900817449157323
    ],
    "headline_friendly_bonus": 2.1850080780724617,
    "headline_ops_scale": 0.7804354655432556,
    "influence_mode_bonus": 5.927031956706278,
    "late_region_weights": [
      1.120733020561616,
      0.8436084975728984,
      0.9272348520398839,
      1.0575673241312828,
      1.1774713010587015,
      1.0253260253299183,
      0.6740832663976983
    ],
    "mid_region_weights": [
      0.964795975915998,
      1.0156110200624588,
      1.1977416213051684,
      0.8791622342750827,
      1.241334066171115,
      1.0887461615928833,
      0.977402259068907
    ],
    "ops_card_penalty": 0.15348010654175903,
    "realign_base_penalty": -3.912192607259723,
    "realign_country_scale": 0.5057770101747743,
    "realign_defcon2_bonus": 1.6861935019329168,
    "realign_mode_bonus": -1.1782669892197837,
    "space_early_bonus": 0.9322505735979498,
    "space_mode_bonus": 0.638814228822357,
    "space_offside_bonus": 1.7306019442581673,
    "space_when_behind_bonus": 2.2017226289875755
  },
  "proxy_score": 0.8467741935483871,
  "snapshot_id": "candidate_0111",
  "source": "random_proxy_search",
  "speed_penalty": 0.0
}
