{
  "created_process_s": 0.332083431,
  "created_wall_s": 6.423067062991322,
  "label": "random_62",
  "objective": 0.8067701636322617,
  "paired_score": 0.0,
  "params": {
    "access_bonus": 1.5001316131220184,
    "china_asia_target_bonus": 1.4216159952465355,
    "china_early_penalty": -2.9475949664666485,
    "control_break_bonus": 4.849298434420901,
    "country_battleground_bonus": 7.020220268499636,
    "country_europe_core_bonus": 1.9214223734023643,
    "country_mid_war_entry_bonus": 2.0365953369458625,
    "country_non_battleground_bonus": 1.0446567046535031,
    "country_region_scale": 5.2114778400513275,
    "country_stability_scale": 0.6897066622827541,
    "country_thailand_early_bonus": 6.013456884319233,
    "coup_battleground_bonus": 2.448236765430171,
    "coup_defcon2_penalty": -8.152390993899111,
    "coup_defcon3_penalty": -2.9000007410578257,
    "coup_mode_bonus": 3.9841994359386494,
    "early_region_weights": [
      0.6832273552189007,
      1.2859046884814833,
      1.059391540883948,
      0.5099675476580506,
      0.6732361629793708,
      0.8203494581171045,
      1.2280174937627122
    ],
    "headline_friendly_bonus": 1.9745294375258629,
    "headline_ops_scale": 0.7344166166810835,
    "influence_mode_bonus": 5.603237497182963,
    "late_region_weights": [
      1.1927281066039246,
      0.8993086272690357,
      0.8401213102353727,
      1.096060409771429,
      1.165089824706475,
      0.937876208141511,
      0.8136715498359356
    ],
    "mid_region_weights": [
      0.8801343891789807,
      0.9318396516096048,
      1.1174787884390796,
      0.8223922213525128,
      1.0842319173166184,
      1.1842448799587695,
      1.002383782414859
    ],
    "ops_card_penalty": 0.18788987815800323,
    "realign_base_penalty": -3.7781283730988684,
    "realign_country_scale": 0.5055008512148587,
    "realign_defcon2_bonus": 1.8059048501150758,
    "realign_mode_bonus": -0.8449596865242,
    "space_early_bonus": 1.0075805481868527,
    "space_mode_bonus": 1.0284090823171896,
    "space_offside_bonus": 1.8718950983002363,
    "space_when_behind_bonus": 1.9483826673985476
  },
  "proxy_score": 0.8145161290322581,
  "snapshot_id": "candidate_0062",
  "source": "random_proxy_search",
  "speed_penalty": 0.07745965399996368
}
