{
  "created_process_s": 0.347690795,
  "created_wall_s": 6.438678610997158,
  "label": "random_97",
  "objective": 0.8170833771122259,
  "paired_score": 0.0,
  "params": {
    "access_bonus": 1.6951242523630368,
    "china_asia_target_bonus": 1.5170264334433956,
    "china_early_penalty": -2.6533078676843695,
    "control_break_bonus": 5.050634062172342,
    "country_battleground_bonus": 6.865359442836743,
    "country_europe_core_bonus": 2.039339646145863,
    "country_mid_war_entry_bonus": 1.9946190419235024,
    "country_non_battleground_bonus": 0.986564758922466,
    "country_region_scale": 5.091954423636807,
    "country_stability_scale": 0.5596121274865188,
    "country_thailand_early_bonus": 5.9329311437950825,
    "coup_battleground_bonus": 2.9108931765582318,
    "coup_defcon2_penalty": -8.116452370594383,
    "coup_defcon3_penalty": -2.765329379126679,
    "coup_mode_bonus": 3.665108946274371,
    "early_region_weights": [
      0.966031231409075,
      1.2700757331201373,
      1.128506491971379,
      0.4911494682986857,
      0.6812313073173126,
      0.5929045458582013,
      1.1867692598434416
    ],
    "headline_friendly_bonus": 2.064954628034928,
    "headline_ops_scale": 0.7208173903954259,
    "influence_mode_bonus": 5.9965733649068,
    "late_region_weights": [
      1.1742588531538456,
      0.9870319812139506,
      0.8828737321914584,
      0.9979951869072697,
      1.208191810230673,
      1.062121025693194,
      0.8508344010393385
    ],
    "mid_region_weights": [
      0.8481014870461895,
      1.1800311581555973,
      0.8377805457293301,
      1.1261249650944034,
      1.20101371628931,
      1.0501444384376155,
      1.0506263146492336
    ],
    "ops_card_penalty": 0.15745906026894663,
    "realign_base_penalty": -3.925652923787768,
    "realign_country_scale": 0.46212048384922894,
    "realign_defcon2_bonus": 2.084844563317931,
    "realign_mode_bonus": -0.8679059471389486,
    "space_early_bonus": 1.124047688055095,
    "space_mode_bonus": 0.7028531721166692,
    "space_offside_bonus": 1.9753226959604089,
    "space_when_behind_bonus": 1.9297608362671426
  },
  "proxy_score": 0.8467741935483871,
  "snapshot_id": "candidate_0097",
  "source": "random_proxy_search",
  "speed_penalty": 0.2969081643616118
}
