{
  "created_process_s": 2.9734856240000003,
  "created_wall_s": 9.06535373198858,
  "label": "spsa_12_plus",
  "objective": 0.8756824392544288,
  "paired_score": 0.0,
  "params": {
    "access_bonus": 1.7300190014059615,
    "china_asia_target_bonus": 1.5203515818120217,
    "china_early_penalty": -2.9171527542162807,
    "control_break_bonus": 5.037593274918392,
    "country_battleground_bonus": 6.847608393673284,
    "country_europe_core_bonus": 1.8636834662521677,
    "country_mid_war_entry_bonus": 1.8307924918215361,
    "country_non_battleground_bonus": 0.9650310111242999,
    "country_region_scale": 5.151967768348243,
    "country_stability_scale": 0.5602660508745184,
    "country_thailand_early_bonus": 5.756435860041518,
    "coup_battleground_bonus": 2.2461208083048816,
    "coup_defcon2_penalty": -7.7297585736222105,
    "coup_defcon3_penalty": -2.341303763195233,
    "coup_mode_bonus": 3.8570519208100067,
    "early_region_weights": [
      0.8596261544406477,
      1.4027703861292096,
      1.0058609598657269,
      0.7137642672868473,
      0.6542636600339088,
      0.6729472816968339,
      1.421686622149551
    ],
    "headline_friendly_bonus": 1.869338262414046,
    "headline_ops_scale": 0.7220379319087386,
    "influence_mode_bonus": 6.148075644373806,
    "late_region_weights": [
      1.2591712734078426,
      1.0757933025012307,
      0.9704068911009228,
      0.9143244158020027,
      1.298298133679858,
      1.0101949661391971,
      0.9317469259028917
    ],
    "mid_region_weights": [
      0.8825288711240884,
      0.9956737655933496,
      1.1037664033557093,
      0.8950033693339691,
      1.338368378098709,
      1.1477907690663958,
      0.8991804919783628
    ],
    "ops_card_penalty": 0.14499153324145847,
    "realign_base_penalty": -4.097266226347769,
    "realign_country_scale": 0.6189683925224516,
    "realign_defcon2_bonus": 2.2157732624281694,
    "realign_mode_bonus": -1.0673728533867757,
    "space_early_bonus": 0.9914582381207057,
    "space_mode_bonus": 0.8610285014687201,
    "space_offside_bonus": 2.0102409946952404,
    "space_when_behind_bonus": 1.8965489194717122
  },
  "proxy_score": 0.8790322580645161,
  "snapshot_id": "candidate_0143",
  "source": "proxy_spsa",
  "speed_penalty": 0.03349818810087357
}
