{
  "created_process_s": 0.352055188,
  "created_wall_s": 6.4431661069975235,
  "label": "random_107",
  "objective": 0.8467741935483871,
  "paired_score": 0.0,
  "params": {
    "access_bonus": 1.434099803876419,
    "china_asia_target_bonus": 1.4667967611388741,
    "china_early_penalty": -2.4064835936198317,
    "control_break_bonus": 5.291584924235118,
    "country_battleground_bonus": 6.624050234782198,
    "country_europe_core_bonus": 2.0118730925151347,
    "country_mid_war_entry_bonus": 2.0796904035302233,
    "country_non_battleground_bonus": 0.8050132436561874,
    "country_region_scale": 4.717843073563562,
    "country_stability_scale": 0.6467566295124277,
    "country_thailand_early_bonus": 5.919109202427938,
    "coup_battleground_bonus": 2.3755269383705535,
    "coup_defcon2_penalty": -8.768353740562613,
    "coup_defcon3_penalty": -2.2828283281600035,
    "coup_mode_bonus": 3.655107787273037,
    "early_region_weights": [
      0.8251167528451843,
      1.3056126618730288,
      0.9715689118324857,
      0.6223489980896965,
      0.47418885284522627,
      0.6978084756102534,
      1.2012870680632917
    ],
    "headline_friendly_bonus": 1.870078611789734,
    "headline_ops_scale": 0.7412671971672045,
    "influence_mode_bonus": 6.160054528650007,
    "late_region_weights": [
      1.0786962935670676,
      0.9465087517985054,
      0.8886420227832077,
      1.139584956567067,
      1.113124692765536,
      1.133011129361568,
      0.7789904448607556
    ],
    "mid_region_weights": [
      0.8976744506806649,
      1.1470225520626427,
      0.8389004580092311,
      0.8773023720730724,
      1.187112653154369,
      1.3439973097825322,
      0.7606800796690962
    ],
    "ops_card_penalty": 0.15730349458324375,
    "realign_base_penalty": -3.438706914502116,
    "realign_country_scale": 0.4721905958734315,
    "realign_defcon2_bonus": 2.070574092804008,
    "realign_mode_bonus": -0.9625815870750077,
    "space_early_bonus": 1.0762133696946474,
    "space_mode_bonus": 1.0353199219320104,
    "space_offside_bonus": 2.050305650105977,
    "space_when_behind_bonus": 1.8556647784309384
  },
  "proxy_score": 0.8467741935483871,
  "snapshot_id": "candidate_0107",
  "source": "random_proxy_search",
  "speed_penalty": 0.0
}
