{
  "created_process_s": 0.306624968,
  "created_wall_s": 6.397588002990233,
  "label": "random_13",
  "objective": 0.7427954788596469,
  "paired_score": 0.0,
  "params": {
    "access_bonus": 1.272451380590843,
    "china_asia_target_bonus": 1.4034350781266136,
    "china_early_penalty": -2.3181992173326726,
    "control_break_bonus": 4.32132888832898,
    "country_battleground_bonus": 6.748063326218239,
    "country_europe_core_bonus": 1.9562253760768875,
    "country_mid_war_entry_bonus": 2.006749702211917,
    "country_non_battleground_bonus": 1.054095569225596,
    "country_region_scale": 4.994380795119375,
    "country_stability_scale": 0.6447107097883175,
    "country_thailand_early_bonus": 6.242408124752922,
    "coup_battleground_bonus": 2.1692866066799366,
    "coup_defcon2_penalty": -7.93336259741101,
    "coup_defcon3_penalty": -2.434490901577191,
    "coup_mode_bonus": 4.107313554458024,
    "early_region_weights": [
      0.934560219557672,
      1.2944742649914878,
      1.0052955082874167,
      0.5521132717155047,
      0.4398044780872145,
      0.590695222690117,
      1.236847314425158
    ],
    "headline_friendly_bonus": 1.9425150248828693,
    "headline_ops_scale": 0.7663446302236915,
    "influence_mode_bonus": 6.145572122422436,
    "late_region_weights": [
      1.10707043299129,
      1.0179471671670814,
      0.980888428950311,
      1.2460278510197291,
      1.092222537435212,
      1.1315278376466982,
      0.8691942078585195
    ],
    "mid_region_weights": [
      1.0043417372177386,
      1.0982102270760785,
      1.2848842981293707,
      0.8013220973318114,
      1.0945929279377369,
      1.1140889182000735,
      1.03149908794088
    ],
    "ops_card_penalty": 0.11496231719906394,
    "realign_base_penalty": -3.888202911690493,
    "realign_country_scale": 0.4983417002526114,
    "realign_defcon2_bonus": 1.8593713935893308,
    "realign_mode_bonus": -0.9553027724484997,
    "space_early_bonus": 1.0117409672236464,
    "space_mode_bonus": 0.6278765375974531,
    "space_offside_bonus": 1.8601192715526704,
    "space_when_behind_bonus": 2.008330270471145
  },
  "proxy_score": 0.8467741935483871,
  "snapshot_id": "candidate_0013",
  "source": "random_proxy_search",
  "speed_penalty": 1.0397871468874018
}
