{
  "created_process_s": 1.0366493950000002,
  "created_wall_s": 7.127951137998025,
  "label": "spsa_3_plus",
  "objective": 0.8752282467565928,
  "paired_score": 0.0,
  "params": {
    "access_bonus": 1.7040382392924283,
    "china_asia_target_bonus": 1.5145780791201255,
    "china_early_penalty": -2.9517937703676584,
    "control_break_bonus": 5.020272766842703,
    "country_battleground_bonus": 6.862042150403025,
    "country_europe_core_bonus": 1.8694569689440639,
    "country_mid_war_entry_bonus": 1.8134719837458473,
    "country_non_battleground_bonus": 0.9910117732378331,
    "country_region_scale": 5.1952690385374645,
    "country_stability_scale": 0.5689263049123628,
    "country_thailand_early_bonus": 5.72179484389014,
    "coup_battleground_bonus": 2.211479792153504,
    "coup_defcon2_penalty": -7.660476541319455,
    "coup_defcon3_penalty": -2.2980024930060114,
    "coup_mode_bonus": 3.839731412734318,
    "early_region_weights": [
      0.8538526517487515,
      1.3969968834373134,
      0.988540451790038,
      0.731084775362536,
      0.63694315195822,
      0.6787207843887302,
      1.4043661140738621
    ],
    "headline_friendly_bonus": 1.8433575003005127,
    "headline_ops_scale": 0.7133776778708941,
    "influence_mode_bonus": 6.130755136298117,
    "late_region_weights": [
      1.2649447760997388,
      1.0700197998093346,
      0.9877273991766116,
      0.897003907726314,
      1.2809776256041692,
      1.027515474214886,
      0.9259734232109954
    ],
    "mid_region_weights": [
      0.8998493791997771,
      0.9783532575176609,
      1.0979929006638132,
      0.9123238774096578,
      1.3210478700230202,
      1.130470260990707,
      0.8818599839026741
    ],
    "ops_card_penalty": 0.14672358404902733,
    "realign_base_penalty": -4.053964956158548,
    "realign_country_scale": 0.6103081384846072,
    "realign_defcon2_bonus": 2.207113008390325,
    "realign_mode_bonus": -1.0327318372353982,
    "space_early_bonus": 0.9741377300450169,
    "space_mode_bonus": 0.8263874853173426,
    "space_offside_bonus": 2.0362217568087737,
    "space_when_behind_bonus": 1.8878886654338678
  },
  "proxy_score": 0.8790322580645161,
  "snapshot_id": "candidate_0125",
  "source": "proxy_spsa",
  "speed_penalty": 0.03804011307923272
}
