{
  "created_process_s": 0.328772927,
  "created_wall_s": 6.419755703987903,
  "label": "random_55",
  "objective": 0.8145161290322581,
  "paired_score": 0.0,
  "params": {
    "access_bonus": 1.474579806609755,
    "china_asia_target_bonus": 1.5567189980723426,
    "china_early_penalty": -2.7906616384068905,
    "control_break_bonus": 5.420503317743521,
    "country_battleground_bonus": 6.631194381228461,
    "country_europe_core_bonus": 1.9768219482229579,
    "country_mid_war_entry_bonus": 1.9678136577203316,
    "country_non_battleground_bonus": 0.9427695469502049,
    "country_region_scale": 4.838216448763046,
    "country_stability_scale": 0.5004474201700853,
    "country_thailand_early_bonus": 5.9843643481091275,
    "coup_battleground_bonus": 2.8563488607606735,
    "coup_defcon2_penalty": -7.90948832709225,
    "coup_defcon3_penalty": -2.9263500855453572,
    "coup_mode_bonus": 3.8433536669497315,
    "early_region_weights": [
      0.9574253919146127,
      1.2479661865406517,
      1.0294261646095013,
      0.6206040754618212,
      0.6790253883567918,
      0.6533524948392616,
      1.2707487436921225
    ],
    "headline_friendly_bonus": 2.1514309334724615,
    "headline_ops_scale": 0.8334460643230361,
    "influence_mode_bonus": 5.942669328133661,
    "late_region_weights": [
      1.2674970850357472,
      0.9723352860017797,
      0.7742368470399978,
      1.133111183389509,
      1.1834698809533772,
      1.1247274126101265,
      0.7880521803104243
    ],
    "mid_region_weights": [
      0.9910092940755262,
      1.0310318598367814,
      0.9872918150252536,
      1.0252792618618276,
      1.2345914233620139,
      1.1785591655936842,
      0.8457193469158758
    ],
    "ops_card_penalty": 0.11278939210905321,
    "realign_base_penalty": -3.6338435313464337,
    "realign_country_scale": 0.5492304758994525,
    "realign_defcon2_bonus": 1.9879888049826093,
    "realign_mode_bonus": -0.9091250344994742,
    "space_early_bonus": 1.1262182807612475,
    "space_mode_bonus": 0.8902322796997653,
    "space_offside_bonus": 1.8103420626453401,
    "space_when_behind_bonus": 2.1652126921503028
  },
  "proxy_score": 0.8145161290322581,
  "snapshot_id": "candidate_0055",
  "source": "random_proxy_search",
  "speed_penalty": 0.0
}
