{
  "created_process_s": 2.00010088,
  "created_wall_s": 8.09166542199091,
  "label": "spsa_7_minus",
  "objective": 0.865791433582481,
  "paired_score": 0.0,
  "params": {
    "access_bonus": 1.7100198131778404,
    "china_asia_target_bonus": 1.5185657950437335,
    "china_early_penalty": -2.9135811806797043,
    "control_break_bonus": 5.032235914613527,
    "country_battleground_bonus": 6.814276413293082,
    "country_europe_core_bonus": 1.865469253020456,
    "country_mid_war_entry_bonus": 1.8174596996694552,
    "country_non_battleground_bonus": 0.9623523309718676,
    "country_region_scale": 5.185299748728445,
    "country_stability_scale": 0.5593731574903743,
    "country_thailand_early_bonus": 5.729770275737357,
    "coup_battleground_bonus": 2.2194552240007197,
    "coup_defcon2_penalty": -7.736901720695363,
    "coup_defcon3_penalty": -2.3079717828150312,
    "coup_mode_bonus": 3.851694560505142,
    "early_region_weights": [
      0.8578403676723594,
      1.4009845993609213,
      1.007646746634015,
      0.7119784805185589,
      0.640930867881828,
      0.6596144895447531,
      1.4234724089178392
    ],
    "headline_friendly_bonus": 1.8493390741859248,
    "headline_ops_scale": 0.7153715358326981,
    "influence_mode_bonus": 6.188074020830049,
    "late_region_weights": [
      1.2458384812557617,
      1.0891260946533117,
      0.9686211043326345,
      0.9161102025702911,
      1.3000839204481462,
      1.023527758291278,
      0.9450797180549725
    ],
    "mid_region_weights": [
      0.8958616632761692,
      0.997459552361638,
      1.1170991955077902,
      0.8932175825656807,
      1.3401541648669972,
      1.1344579769143148,
      0.9009662787466511
    ],
    "ops_card_penalty": 0.14099169559583422,
    "realign_base_penalty": -4.063934245967567,
    "realign_country_scale": 0.6198612859065957,
    "realign_defcon2_bonus": 2.213094582275737,
    "realign_mode_bonus": -1.0709444269233523,
    "space_early_bonus": 0.993244024888994,
    "space_mode_bonus": 0.8343629171645586,
    "space_offside_bonus": 2.007562314542808,
    "space_when_behind_bonus": 1.89387023931928
  },
  "proxy_score": 0.8790322580645161,
  "snapshot_id": "candidate_0134",
  "source": "proxy_spsa",
  "speed_penalty": 0.13240824482035096
}
