{
  "created_process_s": 0.356449836,
  "created_wall_s": 6.447561814988148,
  "label": "random_117",
  "objective": 0.782258064516129,
  "paired_score": 0.0,
  "params": {
    "access_bonus": 1.4630423932638321,
    "china_asia_target_bonus": 1.6298686127575515,
    "china_early_penalty": -2.898875133109765,
    "control_break_bonus": 5.060900826858005,
    "country_battleground_bonus": 7.165779174034328,
    "country_europe_core_bonus": 2.0039939816469516,
    "country_mid_war_entry_bonus": 2.087899671140289,
    "country_non_battleground_bonus": 0.7937973524366496,
    "country_region_scale": 4.997757189752036,
    "country_stability_scale": 0.6516155764682967,
    "country_thailand_early_bonus": 5.945000551271749,
    "coup_battleground_bonus": 2.6919535690446286,
    "coup_defcon2_penalty": -8.470689405152251,
    "coup_defcon3_penalty": -2.8166465731969716,
    "coup_mode_bonus": 3.9701598473999264,
    "early_region_weights": [
      0.9563929028244004,
      1.3637385194911174,
      1.1329907472693943,
      0.6747121104412901,
      0.6464083301389253,
      0.6754268628371118,
      1.2809592119018183
    ],
    "headline_friendly_bonus": 1.9691629676400855,
    "headline_ops_scale": 0.7509291362773672,
    "influence_mode_bonus": 5.6279025351632495,
    "late_region_weights": [
      1.0937515558793984,
      0.9419082291949755,
      0.8929220294228546,
      1.1226110240620442,
      1.1226154406565974,
      0.9568671592831771,
      0.6622141007628427
    ],
    "mid_region_weights": [
      0.9133876367039688,
      1.1472423204545061,
      0.9195459810418981,
      0.8361827093227214,
      1.2569736508556653,
      1.1123067474770598,
      0.8015588379693505
    ],
    "ops_card_penalty": 0.16656042872316373,
    "realign_base_penalty": -4.444705699567834,
    "realign_country_scale": 0.6398009639512185,
    "realign_defcon2_bonus": 2.058428570155413,
    "realign_mode_bonus": -1.2043310037702,
    "space_early_bonus": 1.1541528159505559,
    "space_mode_bonus": 1.027391704568248,
    "space_offside_bonus": 2.129533887420703,
    "space_when_behind_bonus": 1.898919989974229
  },
  "proxy_score": 0.782258064516129,
  "snapshot_id": "candidate_0117",
  "source": "random_proxy_search",
  "speed_penalty": 0.0
}
