{
  "created_process_s": 7.169699672,
  "created_wall_s": 1217.7418113539898,
  "label": "refine_9",
  "objective": 0.8706885260459644,
  "paired_score": 0.0,
  "params": {
    "access_bonus": 1.4565313138677927,
    "china_asia_target_bonus": 1.3663815078166759,
    "china_early_penalty": -2.3817869624043455,
    "control_break_bonus": 5.173473290803806,
    "country_battleground_bonus": 6.962364245453644,
    "country_europe_core_bonus": 2.037070694594211,
    "country_mid_war_entry_bonus": 2.0854929832569677,
    "country_non_battleground_bonus": 1.2613362147673837,
    "country_region_scale": 4.902257209879965,
    "country_stability_scale": 0.522754636671099,
    "country_thailand_early_bonus": 5.836993329792078,
    "coup_battleground_bonus": 2.641066043636071,
    "coup_defcon2_penalty": -7.9810911651269905,
    "coup_defcon3_penalty": -2.497098197581457,
    "coup_mode_bonus": 3.5715439928446338,
    "early_region_weights": [
      0.8186017206863732,
      1.2802105038235172,
      0.9809183657422906,
      0.6136085460798215,
      0.3188948789202403,
      0.5712247716935979,
      1.2740506247908414
    ],
    "headline_friendly_bonus": 1.7013681750070508,
    "headline_ops_scale": 0.8453558728487387,
    "influence_mode_bonus": 5.887259695400481,
    "late_region_weights": [
      1.118220208631892,
      1.0336137940782906,
      1.001648623896464,
      1.0114229735613025,
      1.1630742907117348,
      1.0226477735898853,
      0.6905889923255423
    ],
    "mid_region_weights": [
      0.8684434964271321,
      0.936979772974758,
      0.945619204179636,
      0.8406711449492542,
      1.106095695062169,
      1.2178486115134306,
      0.7454654634420901
    ],
    "ops_card_penalty": 0.196596354351649,
    "realign_base_penalty": -3.9406379549726203,
    "realign_country_scale": 0.6068463882789978,
    "realign_defcon2_bonus": 1.975130109158908,
    "realign_mode_bonus": -1.0162136830639619,
    "space_early_bonus": 1.0164191069008797,
    "space_mode_bonus": 0.9682730261377704,
    "space_offside_bonus": 2.1153782690305305,
    "space_when_behind_bonus": 1.9011225673864427
  },
  "proxy_score": 0.8790322580645161,
  "snapshot_id": "candidate_0177",
  "source": "screen_refine",
  "speed_penalty": 0.08343732018551764
}
