{
  "created_process_s": 4.459760436,
  "created_wall_s": 10.551872737996746,
  "label": "spsa_19_plus",
  "objective": 0.8584336773802786,
  "paired_score": 0.0,
  "params": {
    "access_bonus": 1.7144762753520002,
    "china_asia_target_bonus": 1.5215367698265068,
    "china_early_penalty": -2.937876388954896,
    "control_break_bonus": 5.068678727026315,
    "country_battleground_bonus": 6.821703850250016,
    "country_europe_core_bonus": 1.8624982782376827,
    "country_mid_war_entry_bonus": 1.8204306744522285,
    "country_non_battleground_bonus": 0.9668087931460275,
    "country_region_scale": 5.1778723117715115,
    "country_stability_scale": 0.5654469595591722,
    "country_thailand_early_bonus": 5.754065484012548,
    "coup_battleground_bonus": 2.2253971735662663,
    "coup_defcon2_penalty": -7.68831130414498,
    "coup_defcon3_penalty": -2.3383407931590208,
    "coup_mode_bonus": 3.8606074848534617,
    "early_region_weights": [
      0.8608113424551327,
      1.4039555741436947,
      1.0046757718512418,
      0.7241260846561548,
      0.6530784720194238,
      0.6625854643275264,
      1.420501434135066
    ],
    "headline_friendly_bonus": 1.8675604803923185,
    "headline_ops_scale": 0.721445337901496,
    "influence_mode_bonus": 6.179161096481729,
    "late_region_weights": [
      1.248809456038535,
      1.0769784905157158,
      0.9715920791154078,
      0.9131392277875178,
      1.297112945665373,
      1.0205567835085048,
      0.9421087432721992
    ],
    "mid_region_weights": [
      0.8928906884933959,
      0.9853119482240421,
      1.114128220725017,
      0.896188557348454,
      1.337183190084224,
      1.1466055810519107,
      0.8888186746090553
    ],
    "ops_card_penalty": 0.1418829880306662,
    "realign_base_penalty": -4.094303256311557,
    "realign_country_scale": 0.6183757985152091,
    "realign_defcon2_bonus": 2.217551044449897,
    "realign_mode_bonus": -1.0650024773578057,
    "space_early_bonus": 0.9902730501062207,
    "space_mode_bonus": 0.8586581254397501,
    "space_offside_bonus": 2.0257837207492018,
    "space_when_behind_bonus": 1.8983267014934397
  },
  "proxy_score": 0.8790322580645161,
  "snapshot_id": "candidate_0157",
  "source": "proxy_spsa",
  "speed_penalty": 0.205985806842375
}
