{
  "created_process_s": 6.486447287,
  "created_wall_s": 961.4415718789969,
  "label": "refine_4",
  "objective": 0.8638731479646837,
  "paired_score": 0.0,
  "params": {
    "access_bonus": 1.4906726295183363,
    "china_asia_target_bonus": 1.3609449253176074,
    "china_early_penalty": -2.4474287550390947,
    "control_break_bonus": 5.225240845492151,
    "country_battleground_bonus": 6.899970566390542,
    "country_europe_core_bonus": 1.9894290239819434,
    "country_mid_war_entry_bonus": 2.0462632575694104,
    "country_non_battleground_bonus": 1.226090951371606,
    "country_region_scale": 4.971747776993702,
    "country_stability_scale": 0.5367641543765098,
    "country_thailand_early_bonus": 5.842558312389836,
    "coup_battleground_bonus": 2.6302578948022073,
    "coup_defcon2_penalty": -8.089757368710433,
    "coup_defcon3_penalty": -2.559134805715302,
    "coup_mode_bonus": 3.463964532528996,
    "early_region_weights": [
      0.8946933556617449,
      1.2845861576444138,
      0.9734736410734175,
      0.6558072067538753,
      0.3386193256863167,
      0.58860742045534,
      1.2506850979350517
    ],
    "headline_friendly_bonus": 1.784321509827866,
    "headline_ops_scale": 0.8222726203806168,
    "influence_mode_bonus": 5.895456345685409,
    "late_region_weights": [
      1.1178268053742257,
      1.0344390460785355,
      1.069524924223226,
      0.9645705709153132,
      1.189557996200214,
      1.0310161585269362,
      0.6687278752869785
    ],
    "mid_region_weights": [
      0.8938447045386505,
      0.9153134925607407,
      0.9549473043278849,
      0.856233769951024,
      1.197788958696387,
      1.2840476313419444,
      0.7278287730414644
    ],
    "ops_card_penalty": 0.18393074371646637,
    "realign_base_penalty": -3.9918838401198995,
    "realign_country_scale": 0.6038890907770279,
    "realign_defcon2_bonus": 1.9346036893120795,
    "realign_mode_bonus": -1.0773460107526027,
    "space_early_bonus": 1.0011628836285182,
    "space_mode_bonus": 0.9192135336521348,
    "space_offside_bonus": 2.1645970791311426,
    "space_when_behind_bonus": 1.9738712771158136
  },
  "proxy_score": 0.8790322580645161,
  "snapshot_id": "candidate_0172",
  "source": "screen_refine",
  "speed_penalty": 0.1515911009983244
}
