{
  "created_process_s": 0.350902027,
  "created_wall_s": 6.4420127119956305,
  "label": "random_104",
  "objective": 0.8787389467300535,
  "paired_score": 0.0,
  "params": {
    "access_bonus": 1.4580173957011193,
    "china_asia_target_bonus": 1.4257326643087922,
    "china_early_penalty": -2.466108671378001,
    "control_break_bonus": 5.21897857605563,
    "country_battleground_bonus": 6.869183402430868,
    "country_europe_core_bonus": 1.9963966248809744,
    "country_mid_war_entry_bonus": 2.066090307440473,
    "country_non_battleground_bonus": 1.2714929592437478,
    "country_region_scale": 4.872689541205977,
    "country_stability_scale": 0.5350924668316197,
    "country_thailand_early_bonus": 5.835341486653154,
    "coup_battleground_bonus": 2.678899880462382,
    "coup_defcon2_penalty": -8.018207604292222,
    "coup_defcon3_penalty": -2.542280443895128,
    "coup_mode_bonus": 3.4749665697284913,
    "early_region_weights": [
      0.8702908776269088,
      1.269811158458407,
      0.9757507151667674,
      0.6509075549815875,
      0.35396354738759617,
      0.5820117893311253,
      1.2557377024978666
    ],
    "headline_friendly_bonus": 1.7286878971265398,
    "headline_ops_scale": 0.8459312993551775,
    "influence_mode_bonus": 5.888113517206136,
    "late_region_weights": [
      1.133724058983064,
      1.0261331405146592,
      1.0301945753472324,
      0.9716795927786421,
      1.1686757508047187,
      1.008898474434139,
      0.6696621909635716
    ],
    "mid_region_weights": [
      0.8960265276218972,
      0.9523115964305732,
      0.9653687711521339,
      0.8601722367298396,
      1.158014574874069,
      1.2256124813481846,
      0.717352701577149
    ],
    "ops_card_penalty": 0.19663159685756165,
    "realign_base_penalty": -3.965841628722606,
    "realign_country_scale": 0.607767814113143,
    "realign_defcon2_bonus": 1.9206310923545973,
    "realign_mode_bonus": -1.0243724337967568,
    "space_early_bonus": 1.0168918245432306,
    "space_mode_bonus": 0.895745059416158,
    "space_offside_bonus": 2.1319744825576064,
    "space_when_behind_bonus": 1.9088438278299846
  },
  "proxy_score": 0.8790322580645161,
  "snapshot_id": "candidate_0104",
  "source": "random_proxy_search",
  "speed_penalty": 0.0029331133446259816
}
