{
  "created_process_s": 0.311875793,
  "created_wall_s": 6.402840129987453,
  "label": "random_22",
  "objective": 0.8790322580645161,
  "paired_score": 0.0,
  "params": {
    "access_bonus": 1.7213587473681171,
    "china_asia_target_bonus": 1.526125084503918,
    "china_early_penalty": -2.9286997596000734,
    "control_break_bonus": 5.054913782994081,
    "country_battleground_bonus": 6.833174636943544,
    "country_europe_core_bonus": 1.8579099635602714,
    "country_mid_war_entry_bonus": 1.8250189891296398,
    "country_non_battleground_bonus": 0.9736912651621443,
    "country_region_scale": 5.166401525077983,
    "country_stability_scale": 0.5631528022204666,
    "country_thailand_early_bonus": 5.7448888546577255,
    "coup_battleground_bonus": 2.234573802921089,
    "coup_defcon2_penalty": -7.706664562854625,
    "coup_defcon3_penalty": -2.3268700064654926,
    "coup_mode_bonus": 3.8743724288856956,
    "early_region_weights": [
      0.865399657132544,
      1.408543888821106,
      1.0000874571738305,
      0.7195377699787435,
      0.6484901573420125,
      0.6671737790049377,
      1.4159131194576546
    ],
    "headline_friendly_bonus": 1.8606780083762016,
    "headline_ops_scale": 0.7191511805627904,
    "influence_mode_bonus": 6.165396152449495,
    "late_region_weights": [
      1.2533977707159463,
      1.081566805193127,
      0.9761803937928191,
      0.9085509131101065,
      1.2925246309879617,
      1.0159684688310935,
      0.9375204285947879
    ],
    "mid_region_weights": [
      0.8883023738159846,
      0.9899002629014534,
      1.1095399060476057,
      0.9007768720258653,
      1.3325948754068127,
      1.1420172663744994,
      0.8934069892864666
    ],
    "ops_card_penalty": 0.14325948243388958,
    "realign_base_penalty": -4.082832469618029,
    "realign_country_scale": 0.6160816411765034,
    "realign_defcon2_bonus": 2.224433516466014,
    "realign_mode_bonus": -1.0558258480029832,
    "space_early_bonus": 0.9856847354288094,
    "space_mode_bonus": 0.8494814960849276,
    "space_offside_bonus": 2.018901248733085,
    "space_when_behind_bonus": 1.9052091735095567
  },
  "proxy_score": 0.8790322580645161,
  "snapshot_id": "candidate_0022",
  "source": "random_proxy_search",
  "speed_penalty": 0.0
}
