{
  "created_process_s": 0.322896795,
  "created_wall_s": 6.413877993996721,
  "label": "random_43",
  "objective": 0.7769774194479515,
  "paired_score": 0.0,
  "params": {
    "access_bonus": 1.5150133327733575,
    "china_asia_target_bonus": 1.6066475805036466,
    "china_early_penalty": -2.380244419721395,
    "control_break_bonus": 5.052189454999406,
    "country_battleground_bonus": 7.057308294885729,
    "country_europe_core_bonus": 1.8285145841658268,
    "country_mid_war_entry_bonus": 2.0046070292503297,
    "country_non_battleground_bonus": 1.0863557884783481,
    "country_region_scale": 5.131376695200134,
    "country_stability_scale": 0.5710425520034215,
    "country_thailand_early_bonus": 5.826767551028322,
    "coup_battleground_bonus": 2.714301759173891,
    "coup_defcon2_penalty": -7.421433633885805,
    "coup_defcon3_penalty": -2.200992721133206,
    "coup_mode_bonus": 4.326156052133439,
    "early_region_weights": [
      0.8868423263561419,
      1.3228719872169674,
      1.117784133407439,
      0.7615358483076065,
      0.7136562219404762,
      0.5618987935330416,
      1.203166510668092
    ],
    "headline_friendly_bonus": 2.227708924421301,
    "headline_ops_scale": 0.7369067755952623,
    "influence_mode_bonus": 5.993961451466327,
    "late_region_weights": [
      1.042951231758547,
      0.7894808395833144,
      0.9646245143972781,
      1.0982495929241767,
      1.167802815086014,
      1.0331299767292026,
      0.733256513052409
    ],
    "mid_region_weights": [
      1.0991696987517767,
      1.0932459703558888,
      1.1307239372987734,
      1.0343391674466658,
      1.087298807431615,
      1.3059775787416157,
      0.6825254800948543
    ],
    "ops_card_penalty": 0.19498464105267835,
    "realign_base_penalty": -4.015905146693379,
    "realign_country_scale": 0.6556318490716679,
    "realign_defcon2_bonus": 2.076643225499643,
    "realign_mode_bonus": -0.7374831144303426,
    "space_early_bonus": 1.1246884831311275,
    "space_mode_bonus": 1.3065577320399315,
    "space_offside_bonus": 2.2384693703423997,
    "space_when_behind_bonus": 2.221586782110183
  },
  "proxy_score": 0.782258064516129,
  "snapshot_id": "candidate_0043",
  "source": "random_proxy_search",
  "speed_penalty": 0.0528064506817747
}
