{
  "created_process_s": 1.1388496140000002,
  "created_wall_s": 7.23017562199675,
  "label": "spsa_3_minus",
  "objective": 0.8762431972099338,
  "paired_score": 0.0,
  "params": {
    "access_bonus": 1.738679255443806,
    "china_asia_target_bonus": 1.5376720898877105,
    "china_early_penalty": -2.9056057488324885,
    "control_break_bonus": 5.089554799145459,
    "country_battleground_bonus": 6.804307123484063,
    "country_europe_core_bonus": 1.8463629581764789,
    "country_mid_war_entry_bonus": 1.8365659945134323,
    "country_non_battleground_bonus": 0.9563707570864556,
    "country_region_scale": 5.137534011618502,
    "country_stability_scale": 0.5573792995285703,
    "country_thailand_early_bonus": 5.767982865425311,
    "coup_battleground_bonus": 2.257667813688674,
    "coup_defcon2_penalty": -7.752852584389795,
    "coup_defcon3_penalty": -2.3557375199249737,
    "coup_mode_bonus": 3.9090134450370733,
    "early_region_weights": [
      0.8769466625163365,
      1.4200908942048984,
      1.011634462557623,
      0.707990764594951,
      0.660037162725805,
      0.6556267736211452,
      1.4274601248414471
    ],
    "headline_friendly_bonus": 1.8779985164518904,
    "headline_ops_scale": 0.7249246832546866,
    "influence_mode_bonus": 6.200037168600873,
    "late_region_weights": [
      1.2418507653321538,
      1.0931138105769196,
      0.9646333884090266,
      0.920097918493899,
      1.3040716363717542,
      1.004421463447301,
      0.9490674339785804
    ],
    "mid_region_weights": [
      0.8767553684321922,
      1.001447268285246,
      1.1210869114313982,
      0.8892298666420728,
      1.3441418807906051,
      1.153564271758292,
      0.904953994670259
    ],
    "ops_card_penalty": 0.13979538081875184,
    "realign_base_penalty": -4.11169998307751,
    "realign_country_scale": 0.6218551438683997,
    "realign_defcon2_bonus": 2.2417540245417027,
    "realign_mode_bonus": -1.0789198587705682,
    "space_early_bonus": 0.9972317408126019,
    "space_mode_bonus": 0.8725755068525126,
    "space_offside_bonus": 2.001580740657396,
    "space_when_behind_bonus": 1.9225296815852455
  },
  "proxy_score": 0.8790322580645161,
  "snapshot_id": "candidate_0126",
  "source": "proxy_spsa",
  "speed_penalty": 0.02789060854582348
}
