{
  "created_process_s": 2.86696111,
  "created_wall_s": 8.958802108987584,
  "label": "spsa_11_minus",
  "objective": 0.8726555441755146,
  "paired_score": 0.0,
  "params": {
    "access_bonus": 1.73040408770545,
    "china_asia_target_bonus": 1.5200948576123627,
    "china_early_penalty": -2.940760213383184,
    "control_break_bonus": 5.036823102319415,
    "country_battleground_bonus": 6.8180990697146555,
    "country_europe_core_bonus": 1.8639401904518267,
    "country_mid_war_entry_bonus": 1.8189887622380845,
    "country_non_battleground_bonus": 0.9646459248248114,
    "country_region_scale": 5.181477092306872,
    "country_stability_scale": 0.560137688774689,
    "country_thailand_early_bonus": 5.732828400874615,
    "coup_battleground_bonus": 2.2466342567041995,
    "coup_defcon2_penalty": -7.730785470420846,
    "coup_defcon3_penalty": -2.3117944392366043,
    "coup_mode_bonus": 3.8562817482110296,
    "early_region_weights": [
      0.8714298840240993,
      1.4145741157126612,
      1.0061176840653858,
      0.7255679968702988,
      0.6424599304504572,
      0.673204005896493,
      1.4098828925660993
    ],
    "headline_friendly_bonus": 1.8697233487135345,
    "headline_ops_scale": 0.7161360671170127,
    "influence_mode_bonus": 6.183486833124161,
    "late_region_weights": [
      1.247367543824391,
      1.0875970320846824,
      0.9822106206843744,
      0.9025206862185512,
      1.298554857879517,
      1.0219986957226488,
      0.9435506554863432
    ],
    "mid_region_weights": [
      0.89433260070754,
      0.9959304897930087,
      1.115570132939161,
      0.9068070989174206,
      1.3265646485152573,
      1.135987039482944,
      0.8994372161780219
    ],
    "ops_card_penalty": 0.14506855050135617,
    "realign_base_penalty": -4.097908036846917,
    "realign_country_scale": 0.6190967546222811,
    "realign_defcon2_bonus": 2.215388176128681,
    "realign_mode_bonus": -1.0437653942198726,
    "space_early_bonus": 0.9796545085372541,
    "space_mode_bonus": 0.8374210423018171,
    "space_offside_bonus": 2.027946589070418,
    "space_when_behind_bonus": 1.9142545138468896
  },
  "proxy_score": 0.8790322580645161,
  "snapshot_id": "candidate_0142",
  "source": "proxy_spsa",
  "speed_penalty": 0.06376713889001473
}
