{
  "created_process_s": 0.329343615,
  "created_wall_s": 6.420326561987167,
  "label": "random_56",
  "objective": 0.8379994675297456,
  "paired_score": 0.0,
  "params": {
    "access_bonus": 1.4402397463767942,
    "china_asia_target_bonus": 1.5514516891839683,
    "china_early_penalty": -2.2080532443975125,
    "control_break_bonus": 5.342034282743175,
    "country_battleground_bonus": 6.851104318331976,
    "country_europe_core_bonus": 2.0252944238210153,
    "country_mid_war_entry_bonus": 2.044066950663058,
    "country_non_battleground_bonus": 0.9948383492495729,
    "country_region_scale": 4.913892923903988,
    "country_stability_scale": 0.6171431415456422,
    "country_thailand_early_bonus": 6.032546705709069,
    "coup_battleground_bonus": 2.9507755720470854,
    "coup_defcon2_penalty": -8.016346324967293,
    "coup_defcon3_penalty": -2.373821613097286,
    "coup_mode_bonus": 3.9535290152168443,
    "early_region_weights": [
      0.8795972949349604,
      1.4656823110493808,
      1.09302247706213,
      0.4709226653054268,
      0.6628383963889347,
      0.6260544676477081,
      1.0723133511515435
    ],
    "headline_friendly_bonus": 1.9686378817723706,
    "headline_ops_scale": 0.6618977344377064,
    "influence_mode_bonus": 6.563421204505845,
    "late_region_weights": [
      1.1302039326776914,
      0.8469462559638008,
      0.9058822596596671,
      1.0688442148969863,
      1.139816430187135,
      1.01470994173967,
      0.5743500176441245
    ],
    "mid_region_weights": [
      0.9835932856101787,
      1.0893941956135524,
      1.0092698698743796,
      0.9633950736342839,
      1.3101556258208622,
      1.078045695922353,
      0.8321980242547936
    ],
    "ops_card_penalty": 0.16992737721678292,
    "realign_base_penalty": -4.080142313848898,
    "realign_country_scale": 0.5476297531745664,
    "realign_defcon2_bonus": 2.052324997147175,
    "realign_mode_bonus": -0.7898310882942082,
    "space_early_bonus": 1.0658762624374813,
    "space_mode_bonus": 0.6538418466287199,
    "space_offside_bonus": 1.84643308845795,
    "space_when_behind_bonus": 2.282125104099718
  },
  "proxy_score": 0.8467741935483871,
  "snapshot_id": "candidate_0056",
  "source": "random_proxy_search",
  "speed_penalty": 0.0877472601864151
}
