{
  "created_process_s": 6.3469636540000005,
  "created_wall_s": 909.3814686899859,
  "label": "refine_3",
  "objective": 0.8707477280837458,
  "paired_score": 0.0,
  "params": {
    "access_bonus": 1.4804767539752821,
    "china_asia_target_bonus": 1.4342449524742273,
    "china_early_penalty": -2.5579410512993364,
    "control_break_bonus": 5.25998438910423,
    "country_battleground_bonus": 6.936668087942109,
    "country_europe_core_bonus": 2.023876230022658,
    "country_mid_war_entry_bonus": 2.0500312504682188,
    "country_non_battleground_bonus": 1.2545781360571049,
    "country_region_scale": 4.920849686031826,
    "country_stability_scale": 0.5441020584020368,
    "country_thailand_early_bonus": 5.804120534846752,
    "coup_battleground_bonus": 2.639164103827053,
    "coup_defcon2_penalty": -8.06740586313638,
    "coup_defcon3_penalty": -2.5472765552532275,
    "coup_mode_bonus": 3.615253210746846,
    "early_region_weights": [
      0.8323171107279749,
      1.2804689392469808,
      0.9619053515606638,
      0.6318933225930887,
      0.3285642436731103,
      0.5581847339463052,
      1.27467831075548
    ],
    "headline_friendly_bonus": 1.7930141148223846,
    "headline_ops_scale": 0.8464712579367433,
    "influence_mode_bonus": 5.90336063509368,
    "late_region_weights": [
      1.120891214498555,
      1.0311358872759822,
      1.0226885296206842,
      0.9743089596009717,
      1.1965455811489296,
      1.0262133589316698,
      0.739759808536265
    ],
    "mid_region_weights": [
      0.9139053083075453,
      0.9286884412515174,
      0.9427807778233522,
      0.8715549690584196,
      1.185074380572332,
      1.2353747585112254,
      0.7486574608823087
    ],
    "ops_card_penalty": 0.19026553433381194,
    "realign_base_penalty": -4.0641125227230495,
    "realign_country_scale": 0.6062667308961086,
    "realign_defcon2_bonus": 1.908297426091191,
    "realign_mode_bonus": -1.054542683990589,
    "space_early_bonus": 1.042569995553956,
    "space_mode_bonus": 0.9211948765731395,
    "space_offside_bonus": 2.1277106736578504,
    "space_when_behind_bonus": 1.938842896569664
  },
  "proxy_score": 0.8790322580645161,
  "snapshot_id": "candidate_0171",
  "source": "screen_refine",
  "speed_penalty": 0.08284529980770361
}
