{
  "created_process_s": 0.331190506,
  "created_wall_s": 6.42217408498982,
  "label": "random_60",
  "objective": 0.8545029514030384,
  "paired_score": 0.0,
  "params": {
    "access_bonus": 1.4934314708124408,
    "china_asia_target_bonus": 1.4049559705680077,
    "china_early_penalty": -2.6411078527624925,
    "control_break_bonus": 5.593843373029524,
    "country_battleground_bonus": 6.716365182604826,
    "country_europe_core_bonus": 1.9662233934416342,
    "country_mid_war_entry_bonus": 1.8361124230186565,
    "country_non_battleground_bonus": 0.9927441407562658,
    "country_region_scale": 4.743885234041812,
    "country_stability_scale": 0.5796557334500847,
    "country_thailand_early_bonus": 6.116101539549793,
    "coup_battleground_bonus": 2.0224561133933676,
    "coup_defcon2_penalty": -7.2080482312122465,
    "coup_defcon3_penalty": -2.7539936740161877,
    "coup_mode_bonus": 3.944388445751179,
    "early_region_weights": [
      0.7037091900749897,
      1.3211682521775803,
      1.066295687026299,
      0.7764105548301573,
      0.49383475711607583,
      0.8119882269746215,
      1.3116096765281426
    ],
    "headline_friendly_bonus": 1.94044108544703,
    "headline_ops_scale": 0.7431862252141754,
    "influence_mode_bonus": 5.785257664092166,
    "late_region_weights": [
      1.2638299334803864,
      0.9899853825645677,
      0.9554798015688639,
      1.0373814472713077,
      0.9910257684563148,
      0.9636257678889827,
      0.627486755390657
    ],
    "mid_region_weights": [
      0.8604155053318602,
      1.0189881748287721,
      1.0245014087122883,
      0.9891458160737658,
      1.2526391464073918,
      1.1995921939344458,
      0.9321066957196179
    ],
    "ops_card_penalty": 0.14827857979568052,
    "realign_base_penalty": -4.202145115469525,
    "realign_country_scale": 0.47540923690796966,
    "realign_defcon2_bonus": 1.7884783713004175,
    "realign_mode_bonus": -1.1094197400979737,
    "space_early_bonus": 1.1559380705517888,
    "space_mode_bonus": 1.1181741562363636,
    "space_offside_bonus": 1.9497439717328564,
    "space_when_behind_bonus": 1.8670490635089845
  },
  "proxy_score": 0.8790322580645161,
  "snapshot_id": "candidate_0060",
  "source": "random_proxy_search",
  "speed_penalty": 0.2452930666147768
}
