{
  "created_process_s": 0.335515733,
  "created_wall_s": 6.4265004319895525,
  "label": "random_70",
  "objective": 0.782258064516129,
  "paired_score": 0.0,
  "params": {
    "access_bonus": 1.59604062448693,
    "china_asia_target_bonus": 1.4719892616338406,
    "china_early_penalty": -2.756533537911433,
    "control_break_bonus": 4.683141845556002,
    "country_battleground_bonus": 7.107358918797133,
    "country_europe_core_bonus": 2.0107518075916153,
    "country_mid_war_entry_bonus": 1.9927332505140587,
    "country_non_battleground_bonus": 0.924056604582545,
    "country_region_scale": 5.325883505381397,
    "country_stability_scale": 0.5614567577691104,
    "country_thailand_early_bonus": 5.869186227945645,
    "coup_battleground_bonus": 2.692394750081429,
    "coup_defcon2_penalty": -8.356973774602322,
    "coup_defcon3_penalty": -2.2138885240986657,
    "coup_mode_bonus": 3.9745959775374904,
    "early_region_weights": [
      0.8731691238433239,
      1.1998631984042076,
      1.0802248465447968,
      0.5970206104142252,
      0.43011034666299575,
      0.7638213516137877,
      1.374539258393789
    ],
    "headline_friendly_bonus": 2.1730565476901473,
    "headline_ops_scale": 0.7498281417835402,
    "influence_mode_bonus": 6.154127989617735,
    "late_region_weights": [
      1.3063098417894845,
      0.9891719742946559,
      1.0494713672798304,
      1.098266070917824,
      0.9728023938670531,
      1.0337704238338052,
      0.9384904947123042
    ],
    "mid_region_weights": [
      0.9284094750816432,
      1.1492737913200508,
      1.173826940472473,
      1.0204851622365405,
      1.1235271093852406,
      1.0579332968403286,
      0.8826591451931409
    ],
    "ops_card_penalty": 0.08454532099735983,
    "realign_base_penalty": -3.6214397146166752,
    "realign_country_scale": 0.5422767296024161,
    "realign_defcon2_bonus": 1.9938066929643976,
    "realign_mode_bonus": -0.8689783955978124,
    "space_early_bonus": 0.9817455658226822,
    "space_mode_bonus": 0.7912001091748782,
    "space_offside_bonus": 1.9260554705789519,
    "space_when_behind_bonus": 1.9068287975780365
  },
  "proxy_score": 0.782258064516129,
  "snapshot_id": "candidate_0070",
  "source": "random_proxy_search",
  "speed_penalty": 0.0
}
