{
  "created_process_s": 0.307156785,
  "created_wall_s": 6.398119844991015,
  "label": "random_14",
  "objective": 0.7953285877997953,
  "paired_score": 0.0,
  "params": {
    "access_bonus": 1.4455182067932484,
    "china_asia_target_bonus": 1.397626029905084,
    "china_early_penalty": -2.2450833550676723,
    "control_break_bonus": 5.0957084957866,
    "country_battleground_bonus": 7.395392470652564,
    "country_europe_core_bonus": 2.056564131451765,
    "country_mid_war_entry_bonus": 2.114492752112095,
    "country_non_battleground_bonus": 1.1014371450005302,
    "country_region_scale": 4.766272399129162,
    "country_stability_scale": 0.48875719632063824,
    "country_thailand_early_bonus": 6.115910676348868,
    "coup_battleground_bonus": 2.627768349711918,
    "coup_defcon2_penalty": -8.297869501750624,
    "coup_defcon3_penalty": -2.385176422829651,
    "coup_mode_bonus": 3.6018602550209144,
    "early_region_weights": [
      0.7559215408761021,
      1.3847728959200771,
      0.8090457202496034,
      0.564655620006989,
      0.7036858752681432,
      0.6016107629265125,
      1.199664755134362
    ],
    "headline_friendly_bonus": 2.077050544351629,
    "headline_ops_scale": 0.6913145069835179,
    "influence_mode_bonus": 6.267077187097278,
    "late_region_weights": [
      1.1184493244074583,
      0.8906010106506689,
      0.8212510680617915,
      1.0523265578115013,
      1.167487159102694,
      0.964627330442981,
      0.7871178531439251
    ],
    "mid_region_weights": [
      0.6930104822536174,
      1.173185522519077,
      0.8941698678612886,
      0.95725518117194,
      1.0562882159426819,
      1.2036262211795117,
      0.9265215312114234
    ],
    "ops_card_penalty": 0.1400699575731578,
    "realign_base_penalty": -4.030697497065583,
    "realign_country_scale": 0.5608472479908421,
    "realign_defcon2_bonus": 2.1216500235423754,
    "realign_mode_bonus": -0.8268075920094828,
    "space_early_bonus": 1.06502668818198,
    "space_mode_bonus": 0.7123627974647633,
    "space_offside_bonus": 2.009727167423736,
    "space_when_behind_bonus": 2.336777114742459
  },
  "proxy_score": 0.8467741935483871,
  "snapshot_id": "candidate_0014",
  "source": "random_proxy_search",
  "speed_penalty": 0.5144560574859183
}
