{
  "created_process_s": 6.216399968,
  "created_wall_s": 856.0932011899858,
  "label": "refine_2",
  "objective": 0.8698558855357531,
  "paired_score": 0.0,
  "params": {
    "access_bonus": 1.3879804806978782,
    "china_asia_target_bonus": 1.4557397430909809,
    "china_early_penalty": -2.4380898935819557,
    "control_break_bonus": 5.135618935773659,
    "country_battleground_bonus": 6.910628906181759,
    "country_europe_core_bonus": 1.9847017767172639,
    "country_mid_war_entry_bonus": 2.0362925139521657,
    "country_non_battleground_bonus": 1.2598916290692566,
    "country_region_scale": 4.86633101576053,
    "country_stability_scale": 0.535073067713869,
    "country_thailand_early_bonus": 5.811303350610886,
    "coup_battleground_bonus": 2.662749920840769,
    "coup_defcon2_penalty": -7.770396650028129,
    "coup_defcon3_penalty": -2.514169578373347,
    "coup_mode_bonus": 3.4153164389680915,
    "early_region_weights": [
      0.8801552710992732,
      1.300493044716142,
      0.9797391743955072,
      0.6382284114513236,
      0.33930853052498616,
      0.5801465446276182,
      1.1939783552690202
    ],
    "headline_friendly_bonus": 1.7098839246659596,
    "headline_ops_scale": 0.8513372982866286,
    "influence_mode_bonus": 5.835495447983057,
    "late_region_weights": [
      1.160964704596481,
      1.0473134900823762,
      1.0176848519695019,
      0.9707062521905416,
      1.1667786940085858,
      1.0289415073909562,
      0.6626609573212859
    ],
    "mid_region_weights": [
      0.8776447954309177,
      0.9524814105864429,
      0.890829790062571,
      0.8744672025601576,
      1.178406252545188,
      1.192401842543882,
      0.7318138107755183
    ],
    "ops_card_penalty": 0.19152057815311038,
    "realign_base_penalty": -4.022321578288789,
    "realign_country_scale": 0.605762293740688,
    "realign_defcon2_bonus": 1.9645004584165255,
    "realign_mode_bonus": -0.9119970811573617,
    "space_early_bonus": 1.0251224938181138,
    "space_mode_bonus": 0.8578839363289859,
    "space_offside_bonus": 2.0703676109429145,
    "space_when_behind_bonus": 1.8963624526863894
  },
  "proxy_score": 0.8790322580645161,
  "snapshot_id": "candidate_0170",
  "source": "screen_refine",
  "speed_penalty": 0.09176372528763066
}
