{
  "created_process_s": 5.431550948,
  "created_wall_s": 11.523418730997946,
  "label": "spsa_23_minus",
  "objective": 0.8769648160026793,
  "paired_score": 0.0,
  "params": {
    "access_bonus": 1.7151033149464048,
    "china_asia_target_bonus": 1.5219547962227766,
    "china_early_penalty": -2.9203591830377906,
    "control_break_bonus": 5.042402918150657,
    "country_battleground_bonus": 6.843600357646397,
    "country_europe_core_bonus": 1.8620802518414128,
    "country_mid_war_entry_bonus": 1.8208487008484984,
    "country_non_battleground_bonus": 0.9674358327404321,
    "country_region_scale": 5.15597580437513,
    "country_stability_scale": 0.5652379463610373,
    "country_thailand_early_bonus": 5.736548278095443,
    "coup_battleground_bonus": 2.2429143794833717,
    "coup_defcon2_penalty": -7.6899834097300594,
    "coup_defcon3_penalty": -2.337295727168346,
    "coup_mode_bonus": 3.861861564042271,
    "early_region_weights": [
      0.8695699454136855,
      1.4043736005399645,
      0.995917168892689,
      0.723708058259885,
      0.644319869060871,
      0.6713440672860792,
      1.4117428311765132
    ],
    "headline_friendly_bonus": 1.866933440797914,
    "headline_ops_scale": 0.7212363247033611,
    "influence_mode_bonus": 6.152885287606071,
    "late_region_weights": [
      1.2575680589970877,
      1.0773965169119857,
      0.9720101055116775,
      0.912721201391248,
      1.2883543427068203,
      1.011798180549952,
      0.9416907168759294
    ],
    "mid_region_weights": [
      0.8924726620971262,
      0.9940705511825949,
      1.1053696177664643,
      0.9049471603070068,
      1.3284245871256712,
      1.137846978093358,
      0.8975772775676081
    ],
    "ops_card_penalty": 0.14451056891823202,
    "realign_base_penalty": -4.072406748915175,
    "realign_country_scale": 0.6139964970359327,
    "realign_defcon2_bonus": 2.2181780840443017,
    "realign_mode_bonus": -1.0641664245652662,
    "space_early_bonus": 0.9815144471476679,
    "space_mode_bonus": 0.8578220726472107,
    "space_offside_bonus": 2.025156681154797,
    "space_when_behind_bonus": 1.8989537410878443
  },
  "proxy_score": 0.8790322580645161,
  "snapshot_id": "candidate_0166",
  "source": "proxy_spsa",
  "speed_penalty": 0.020674420618368217
}
