{
  "created_process_s": 6.8926296460000005,
  "created_wall_s": 1116.076576234991,
  "label": "refine_7",
  "objective": 0.8634294548205858,
  "paired_score": 0.0,
  "params": {
    "access_bonus": 1.3889896076708548,
    "china_asia_target_bonus": 1.3911587566778638,
    "china_early_penalty": -2.4680190130596467,
    "control_break_bonus": 5.225221770818796,
    "country_battleground_bonus": 6.800758987726971,
    "country_europe_core_bonus": 2.0386307129111363,
    "country_mid_war_entry_bonus": 2.06605496702073,
    "country_non_battleground_bonus": 1.2435580945158518,
    "country_region_scale": 4.723092607220882,
    "country_stability_scale": 0.5375011992529914,
    "country_thailand_early_bonus": 5.911914458802561,
    "coup_battleground_bonus": 2.7455053575604222,
    "coup_defcon2_penalty": -7.968483006286688,
    "coup_defcon3_penalty": -2.605387587513576,
    "coup_mode_bonus": 3.3452062329233168,
    "early_region_weights": [
      0.8579369076524767,
      1.249595434509722,
      0.9808436484240467,
      0.6633729174727897,
      0.3408213449663315,
      0.5904556865446221,
      1.2982551114312573
    ],
    "headline_friendly_bonus": 1.7528811851486057,
    "headline_ops_scale": 0.8302643821875794,
    "influence_mode_bonus": 5.974675059040092,
    "late_region_weights": [
      1.1475559134463198,
      1.0244409956509941,
      1.0354448578090147,
      0.9123033605739178,
      1.1547945129824497,
      0.9880267888365137,
      0.686831581221151
    ],
    "mid_region_weights": [
      0.9177693493549969,
      0.960480960010104,
      0.9840227832189898,
      0.8499876333893782,
      1.0979572974381016,
      1.227513511966912,
      0.648782014424173
    ],
    "ops_card_penalty": 0.19850512762741163,
    "realign_base_penalty": -3.8684820771239683,
    "realign_country_scale": 0.6048993061287775,
    "realign_defcon2_bonus": 1.9226915960862565,
    "realign_mode_bonus": -1.1181288826952407,
    "space_early_bonus": 0.999120331973714,
    "space_mode_bonus": 1.0051592625342094,
    "space_offside_bonus": 2.1596067601641553,
    "space_when_behind_bonus": 1.9135340985889198
  },
  "proxy_score": 0.8790322580645161,
  "snapshot_id": "candidate_0175",
  "source": "screen_refine",
  "speed_penalty": 0.15602803243930397
}
