{
  "created_process_s": 0.319144996,
  "created_wall_s": 6.410111635996145,
  "label": "random_36",
  "objective": 0.782258064516129,
  "paired_score": 0.0,
  "params": {
    "access_bonus": 1.5176899059517401,
    "china_asia_target_bonus": 1.4994862086790963,
    "china_early_penalty": -2.7838032838895406,
    "control_break_bonus": 5.095017505216581,
    "country_battleground_bonus": 7.00217705814056,
    "country_europe_core_bonus": 1.9223019382735662,
    "country_mid_war_entry_bonus": 2.03926453496552,
    "country_non_battleground_bonus": 0.8655150407248489,
    "country_region_scale": 5.12821704380771,
    "country_stability_scale": 0.6262980949472793,
    "country_thailand_early_bonus": 6.492666012252599,
    "coup_battleground_bonus": 2.6274461959948643,
    "coup_defcon2_penalty": -8.222200616774554,
    "coup_defcon3_penalty": -2.382319624232161,
    "coup_mode_bonus": 3.660451653557382,
    "early_region_weights": [
      0.7938635028099074,
      1.3265364568049776,
      1.1380448323811452,
      0.6266691891595021,
      0.36098618492608014,
      0.6766041312069693,
      1.263403120290721
    ],
    "headline_friendly_bonus": 2.0276428662635904,
    "headline_ops_scale": 0.719161863554799,
    "influence_mode_bonus": 5.680819397112364,
    "late_region_weights": [
      1.0492506615193826,
      0.8394836058128214,
      1.0880344397337176,
      1.0523542587297345,
      1.0127829861480737,
      0.9031828131320255,
      0.7867074900344372
    ],
    "mid_region_weights": [
      0.9561020110944054,
      1.2549665996814703,
      0.9660212892148395,
      0.9610890934707315,
      1.2324508607270388,
      1.026214211262633,
      0.8568897765462133
    ],
    "ops_card_penalty": 0.10294943628804712,
    "realign_base_penalty": -4.11804399229971,
    "realign_country_scale": 0.5989502842348575,
    "realign_defcon2_bonus": 2.0390161389953803,
    "realign_mode_bonus": -1.200701174881252,
    "space_early_bonus": 0.9486551218735826,
    "space_mode_bonus": 0.7093166095451913,
    "space_offside_bonus": 1.8695716915266773,
    "space_when_behind_bonus": 1.7818690773766774
  },
  "proxy_score": 0.782258064516129,
  "snapshot_id": "candidate_0036",
  "source": "random_proxy_search",
  "speed_penalty": 0.0
}
