{
  "created_process_s": 0.31636781199999997,
  "created_wall_s": 6.407333447990823,
  "label": "random_31",
  "objective": 0.842626819529475,
  "paired_score": 0.0,
  "params": {
    "access_bonus": 1.497155478249966,
    "china_asia_target_bonus": 1.5670782715890563,
    "china_early_penalty": -2.2098942799021026,
    "control_break_bonus": 4.852164685549472,
    "country_battleground_bonus": 6.763618520719909,
    "country_europe_core_bonus": 2.1499297757507008,
    "country_mid_war_entry_bonus": 2.2001582066367797,
    "country_non_battleground_bonus": 0.8240896705232075,
    "country_region_scale": 5.35022228950189,
    "country_stability_scale": 0.6065280969575727,
    "country_thailand_early_bonus": 6.030421237459524,
    "coup_battleground_bonus": 2.0200135401690726,
    "coup_defcon2_penalty": -7.801603319163475,
    "coup_defcon3_penalty": -2.5055890114081056,
    "coup_mode_bonus": 4.15066537528237,
    "early_region_weights": [
      0.932904256941318,
      1.3749964311996115,
      1.0338080469299498,
      0.6224603906352797,
      0.4615728386754744,
      0.565099732863644,
      1.0200231443188028
    ],
    "headline_friendly_bonus": 2.0617072787336967,
    "headline_ops_scale": 0.7036516242177989,
    "influence_mode_bonus": 6.0048033975174,
    "late_region_weights": [
      1.0205217993708167,
      0.8898071506190542,
      0.9973639698018893,
      1.117680065196484,
      1.019486457235374,
      1.073208621349047,
      0.8004691108796841
    ],
    "mid_region_weights": [
      0.8534614944727289,
      1.1186284905381194,
      0.9901982089452954,
      0.8772064745517011,
      1.0768274494358918,
      1.1483077144221645,
      0.9439719034578448
    ],
    "ops_card_penalty": 0.15103198666111237,
    "realign_base_penalty": -3.8462682967677937,
    "realign_country_scale": 0.5947108731187684,
    "realign_defcon2_bonus": 1.9629416616604491,
    "realign_mode_bonus": -1.1463735460193856,
    "space_early_bonus": 0.8563033802621254,
    "space_mode_bonus": 1.1114477699228893,
    "space_offside_bonus": 1.8529507994896244,
    "space_when_behind_bonus": 1.9043382323436309
  },
  "proxy_score": 0.8467741935483871,
  "snapshot_id": "candidate_0031",
  "source": "random_proxy_search",
  "speed_penalty": 0.04147374018912031
}
