{
  "created_process_s": 0.313355637,
  "created_wall_s": 6.404320272995392,
  "label": "random_25",
  "objective": 0.8145161290322581,
  "paired_score": 0.0,
  "params": {
    "access_bonus": 1.4533734427990657,
    "china_asia_target_bonus": 1.6551192029527626,
    "china_early_penalty": -2.547349397708693,
    "control_break_bonus": 4.78797367020794,
    "country_battleground_bonus": 6.958141815649902,
    "country_europe_core_bonus": 1.9702045666682595,
    "country_mid_war_entry_bonus": 1.8989759503990193,
    "country_non_battleground_bonus": 1.1971375717367647,
    "country_region_scale": 5.067153131163045,
    "country_stability_scale": 0.5962354894227856,
    "country_thailand_early_bonus": 6.27546668252277,
    "coup_battleground_bonus": 2.311641230421926,
    "coup_defcon2_penalty": -8.288025515976777,
    "coup_defcon3_penalty": -2.6148149075309086,
    "coup_mode_bonus": 4.381122986463396,
    "early_region_weights": [
      0.9190178963580702,
      1.25717902020809,
      1.1428122208820617,
      0.6127015997333489,
      0.6978612510816935,
      0.7440370006913543,
      1.3056598924027887
    ],
    "headline_friendly_bonus": 1.974678842414638,
    "headline_ops_scale": 0.8226346636628818,
    "influence_mode_bonus": 5.438431899503923,
    "late_region_weights": [
      1.0005888511800283,
      0.9810634473482304,
      0.8340922120391641,
      1.116805018035343,
      1.2103899329076078,
      0.9798601231318336,
      0.8226702459115628
    ],
    "mid_region_weights": [
      0.9345739999362507,
      1.0497112065913659,
      0.9764975086512808,
      0.9494576501769172,
      1.2127490946699417,
      1.0921702592205105,
      1.0505977913717532
    ],
    "ops_card_penalty": 0.17447132861234693,
    "realign_base_penalty": -4.23314369725309,
    "realign_country_scale": 0.5511199584054378,
    "realign_defcon2_bonus": 1.9695056565574085,
    "realign_mode_bonus": -0.5601719240561336,
    "space_early_bonus": 0.9494494266717809,
    "space_mode_bonus": 1.0012538379416625,
    "space_offside_bonus": 1.9615340897022782,
    "space_when_behind_bonus": 2.1103370184674826
  },
  "proxy_score": 0.8145161290322581,
  "snapshot_id": "candidate_0025",
  "source": "random_proxy_search",
  "speed_penalty": 0.0
}
