{
  "created_process_s": 0.333444746,
  "created_wall_s": 6.424428740996518,
  "label": "random_65",
  "objective": 0.7996443491462462,
  "paired_score": 0.0,
  "params": {
    "access_bonus": 1.2107517129679741,
    "china_asia_target_bonus": 1.6742654000661426,
    "china_early_penalty": -2.349040287992507,
    "control_break_bonus": 5.290508475581591,
    "country_battleground_bonus": 6.630413928396784,
    "country_europe_core_bonus": 1.9644763695492435,
    "country_mid_war_entry_bonus": 1.9431871697102734,
    "country_non_battleground_bonus": 1.0254170628627255,
    "country_region_scale": 4.472848570039655,
    "country_stability_scale": 0.6425591422248685,
    "country_thailand_early_bonus": 6.16544503323771,
    "coup_battleground_bonus": 2.5713624179220256,
    "coup_defcon2_penalty": -7.988483492576028,
    "coup_defcon3_penalty": -2.322752028682892,
    "coup_mode_bonus": 3.6266733589721123,
    "early_region_weights": [
      1.135205062138167,
      1.250349031621333,
      1.0685365215529203,
      0.6350631261280668,
      0.6798958891329501,
      0.47176828440747554,
      1.207534582676896
    ],
    "headline_friendly_bonus": 2.1951162746266664,
    "headline_ops_scale": 0.7327948673609267,
    "influence_mode_bonus": 5.5937956038259244,
    "late_region_weights": [
      0.9632891450851577,
      1.0063064617451554,
      1.034278432744069,
      0.9699977626219524,
      1.3130026980111678,
      1.0002733808922093,
      0.8153192403853744
    ],
    "mid_region_weights": [
      1.0133078212994766,
      0.9908585077515085,
      0.8963737408413682,
      0.9812925543521475,
      1.2800951303270036,
      1.2068397645650581,
      0.8361086261551385
    ],
    "ops_card_penalty": 0.14029136519515922,
    "realign_base_penalty": -4.302679010047951,
    "realign_country_scale": 0.5841106417278349,
    "realign_defcon2_bonus": 2.0344598423253624,
    "realign_mode_bonus": -0.830253248697052,
    "space_early_bonus": 0.8702649168214169,
    "space_mode_bonus": 0.9143738859989717,
    "space_offside_bonus": 2.3402203827304526,
    "space_when_behind_bonus": 1.809570842789069
  },
  "proxy_score": 0.8145161290322581,
  "snapshot_id": "candidate_0065",
  "source": "random_proxy_search",
  "speed_penalty": 0.1487177988601196
}
