{
  "created_process_s": 1.4557019150000001,
  "created_wall_s": 7.547124784992775,
  "label": "spsa_5_plus",
  "objective": 0.8700938510020065,
  "paired_score": 0.0,
  "params": {
    "access_bonus": 1.7079423395031184,
    "china_asia_target_bonus": 1.5350693564139173,
    "china_early_penalty": -2.910811215780075,
    "control_break_bonus": 5.028080967264084,
    "country_battleground_bonus": 6.810813957168546,
    "country_europe_core_bonus": 1.8489656916502721,
    "country_mid_war_entry_bonus": 1.8160747172196405,
    "country_non_battleground_bonus": 0.9602748572971456,
    "country_region_scale": 5.188762204852981,
    "country_stability_scale": 0.5676249381754662,
    "country_thailand_early_bonus": 5.7627773984777235,
    "coup_battleground_bonus": 2.2524623467410874,
    "coup_defcon2_penalty": -7.742441650494622,
    "coup_defcon3_penalty": -2.3045093266904946,
    "coup_mode_bonus": 3.901205244615693,
    "early_region_weights": [
      0.8564553852225448,
      1.3995996169111067,
      1.0090317290838298,
      0.7105934980687444,
      0.6395458854320134,
      0.6761180509149368,
      1.4069688475476554
    ],
    "headline_friendly_bonus": 1.8740944162412003,
    "headline_ops_scale": 0.7146790446077907,
    "influence_mode_bonus": 6.138563336719498,
    "late_region_weights": [
      1.2623420426259455,
      1.0726225332831278,
      0.9851246657028182,
      0.8996066412001074,
      1.2835803590779624,
      1.0249127407410927,
      0.9285761566847888
    ],
    "mid_region_weights": [
      0.8972466457259838,
      0.9809559909914543,
      1.118484177957605,
      0.8918326001158662,
      1.3236506034968134,
      1.1330729944645002,
      0.9023512611964657
    ],
    "ops_card_penalty": 0.14594276400688933,
    "realign_base_penalty": -4.060471789843031,
    "realign_country_scale": 0.6116095052215038,
    "realign_defcon2_bonus": 2.2110171086010153,
    "realign_mode_bonus": -1.0737143918229815,
    "space_early_bonus": 0.9767404635188103,
    "space_mode_bonus": 0.8315929522649294,
    "space_offside_bonus": 2.0323176565980834,
    "space_when_behind_bonus": 1.891792765644558
  },
  "proxy_score": 0.8790322580645161,
  "snapshot_id": "candidate_0129",
  "source": "proxy_spsa",
  "speed_penalty": 0.0893840706250959
}
