{
  "created_process_s": 0.348178261,
  "created_wall_s": 6.439166196985752,
  "label": "random_98",
  "objective": 0.8062290012810406,
  "paired_score": 0.0,
  "params": {
    "access_bonus": 1.5821151683250312,
    "china_asia_target_bonus": 1.4394782799599013,
    "china_early_penalty": -2.412056230362863,
    "control_break_bonus": 5.270407488097579,
    "country_battleground_bonus": 6.852358803768982,
    "country_europe_core_bonus": 1.8848766410124254,
    "country_mid_war_entry_bonus": 2.082492982528877,
    "country_non_battleground_bonus": 0.9710625397857119,
    "country_region_scale": 5.071087192143119,
    "country_stability_scale": 0.5854755811234169,
    "country_thailand_early_bonus": 5.81486446999821,
    "coup_battleground_bonus": 2.5350091350873316,
    "coup_defcon2_penalty": -8.343255034580993,
    "coup_defcon3_penalty": -2.3090396430628948,
    "coup_mode_bonus": 3.784360814345771,
    "early_region_weights": [
      0.8554175405506079,
      1.4061764403664352,
      1.1399126899540377,
      0.6174432109725265,
      0.44468330265896994,
      0.6864711884907805,
      1.214522294393225
    ],
    "headline_friendly_bonus": 1.9233705324204935,
    "headline_ops_scale": 0.6570737875144601,
    "influence_mode_bonus": 6.399178274660692,
    "late_region_weights": [
      0.9600203162358122,
      0.9801146036015896,
      1.0184900134174146,
      1.1737878420774353,
      1.1085518855988248,
      0.9364060241415113,
      0.6902138032618281
    ],
    "mid_region_weights": [
      0.9484662901056207,
      1.1157611918477974,
      0.9502651017789483,
      0.739485015729072,
      1.14498979681543,
      1.1773998680981124,
      0.9339272489101502
    ],
    "ops_card_penalty": 0.18103908501494154,
    "realign_base_penalty": -3.8940689020183985,
    "realign_country_scale": 0.5799010959204065,
    "realign_defcon2_bonus": 2.072077762420921,
    "realign_mode_bonus": -1.0050077736115013,
    "space_early_bonus": 0.9998169682724192,
    "space_mode_bonus": 0.8673035548426745,
    "space_offside_bonus": 1.8880086592593286,
    "space_when_behind_bonus": 1.615409085140875
  },
  "proxy_score": 0.8145161290322581,
  "snapshot_id": "candidate_0098",
  "source": "random_proxy_search",
  "speed_penalty": 0.08287127751217516
}
