{
  "created_process_s": 0.796324636,
  "created_wall_s": 0.7999596349982312,
  "label": "random_3",
  "objective": 0.7719315476098495,
  "paired_score": 0.0,
  "params": {
    "coup_mode_bonus": 4.392265030870561,
    "early_region_weights": [
      0.8828374286538264,
      1.2308162542402183,
      1.2452401656552616,
      0.7095618494676206,
      0.3858830096293449,
      0.7166095097813938,
      1.1192770167868575
    ],
    "influence_mode_bonus": 6.114646855705308,
    "late_region_weights": [
      1.162748385204636,
      0.8925975735277483,
      0.8324450412216097,
      1.0226050572407681,
      1.1103924826758538,
      0.9214910909143718,
      0.5776292714786332
    ],
    "mid_region_weights": [
      0.7879738750364055,
      0.9012346235029289,
      1.0976571329786926,
      1.0827837054004066,
      1.2162722392473682,
      1.4528760590962304,
      0.7285204266963858
    ],
    "ops_card_penalty": 0.13666139052648593,
    "realign_mode_bonus": -1.2752867583024456,
    "space_mode_bonus": 1.1951770831446156
  },
  "proxy_score": 0.782258064516129,
  "snapshot_id": "candidate_0003",
  "source": "random_proxy_search",
  "speed_penalty": 0.10326516906279548
}
