{
  "created_process_s": 2.5344133760000003,
  "created_wall_s": 2.5531072300072992,
  "label": "spsa_1_plus",
  "objective": 0.871233559585413,
  "paired_score": 0.0,
  "params": {
    "coup_mode_bonus": 4.06,
    "early_region_weights": [
      0.87,
      1.37,
      1.08,
      0.62,
      0.5700000000000001,
      0.67,
      1.23
    ],
    "influence_mode_bonus": 6.06,
    "late_region_weights": [
      1.08,
      0.97,
      0.97,
      1.07,
      1.08,
      0.98,
      0.77
    ],
    "mid_region_weights": [
      0.9299999999999999,
      1.02,
      0.98,
      0.97,
      1.22,
      1.18,
      0.92
    ],
    "ops_card_penalty": 0.144,
    "realign_mode_bonus": -0.96,
    "space_mode_bonus": 1.04
  },
  "proxy_score": 0.8790322580645161,
  "snapshot_id": "candidate_0013",
  "source": "proxy_spsa",
  "speed_penalty": 0.07798698479103061
}
