{
  "anchor": "heuristic-USSR=1200",
  "bid": "+2 (human openings)",
  "n_candidates": 14,
  "n_matches_used": 105,
  "ratings": {
    "bc_wide384": {
      "USSR": 1022.4029215341144,
      "US": 919.7028382289586,
      "combined": 971.0528798815365
    },
    "heuristic": {
      "USSR": 1200.0,
      "US": 1062.4076943257146,
      "combined": 1131.2038471628573
    },
    "us_only_v5": {
      "USSR": 1262.151167546824,
      "US": 1194.931850236314,
      "combined": 1228.5415088915688
    },
    "ussr_only_v5": {
      "USSR": 1298.262483400105,
      "US": 1180.0060231358796,
      "combined": 1239.1342532679923
    },
    "v22_bugfix_full": {
      "USSR": 1307.1051864789858,
      "US": 1152.6234493896511,
      "combined": 1229.8643179343185
    },
    "v25_continue": {
      "USSR": 1400.1089667393794,
      "US": 1274.6286497301596,
      "combined": 1337.3688082347694
    },
    "v27_continue": {
      "USSR": 1395.1228321827991,
      "US": 1292.1472915972604,
      "combined": 1343.6350618900296
    },
    "v29_continue": {
      "USSR": 1419.3575739490361,
      "US": 1328.8371273760913,
      "combined": 1374.0973506625637
    },
    "v31_continue": {
      "USSR": 1405.295163540308,
      "US": 1323.278087403254,
      "combined": 1364.286625471781
    },
    "v32_continue": {
      "USSR": 1414.0612042469181,
      "US": 1326.4392241401054,
      "combined": 1370.2502141935117
    },
    "v33_continue": {
      "USSR": 1381.7591697201235,
      "US": 1329.4634659379808,
      "combined": 1355.611317829052
    },
    "v44": {
      "USSR": 1299.9976569549895,
      "US": 1235.1698622254146,
      "combined": 1267.5837595902021
    },
    "v55": {
      "USSR": 1304.2949884665243,
      "US": 1232.4276485756122,
      "combined": 1268.3613185210684
    },
    "v56": {
      "USSR": 1331.4257362559194,
      "US": 1222.42193699006,
      "combined": 1276.9238366229897
    }
  },
  "timestamp": "2026-04-21T00:35:37Z"
}