{
  "10": {
    "heuristic": {
      "combined_wr": 0.48333333333333334,
      "us_wr": 0.5666666666666667,
      "ussr_wr": 0.4
    },
    "ppo_us_only_v5": {
      "combined_wr": 0.3333333333333333,
      "us_wr": 0.3333333333333333,
      "ussr_wr": 0.3333333333333333
    },
    "ppo_ussr_only_v5": {
      "combined_wr": 0.3,
      "us_wr": 0.3333333333333333,
      "ussr_wr": 0.26666666666666666
    },
    "v20": {
      "combined_wr": 0.43333333333333335,
      "us_wr": 0.43333333333333335,
      "ussr_wr": 0.43333333333333335
    },
    "v44": {
      "combined_wr": 0.55,
      "us_wr": 0.6,
      "ussr_wr": 0.5
    },
    "v54": {
      "combined_wr": 0.48333333333333334,
      "us_wr": 0.4666666666666667,
      "ussr_wr": 0.5
    },
    "v55": {
      "combined_wr": 0.5833333333333334,
      "us_wr": 0.5666666666666667,
      "ussr_wr": 0.6
    },
    "v56": {
      "combined_wr": 0.48333333333333334,
      "us_wr": 0.43333333333333335,
      "ussr_wr": 0.5333333333333333
    }
  },
  "100": {
    "heuristic": {
      "combined_wr": 0.36666666666666664,
      "us_wr": 0.3,
      "ussr_wr": 0.43333333333333335
    },
    "ppo_us_only_v5": {
      "combined_wr": 0.48333333333333334,
      "us_wr": 0.36666666666666664,
      "ussr_wr": 0.6
    },
    "ppo_ussr_only_v5": {
      "combined_wr": 0.4166666666666667,
      "us_wr": 0.3,
      "ussr_wr": 0.5333333333333333
    },
    "v20": {
      "combined_wr": 0.45,
      "us_wr": 0.4,
      "ussr_wr": 0.5
    },
    "v44": {
      "combined_wr": 0.5166666666666667,
      "us_wr": 0.5333333333333333,
      "ussr_wr": 0.5
    },
    "v54": {
      "combined_wr": 0.5833333333333334,
      "us_wr": 0.5,
      "ussr_wr": 0.6666666666666666
    },
    "v55": {
      "combined_wr": 0.48333333333333334,
      "us_wr": 0.4,
      "ussr_wr": 0.5666666666666667
    },
    "v56": {
      "combined_wr": 0.5166666666666667,
      "us_wr": 0.4,
      "ussr_wr": 0.6333333333333333
    }
  },
  "150": {
    "heuristic": {
      "combined_wr": 0.25,
      "us_wr": 0.23333333333333334,
      "ussr_wr": 0.26666666666666666
    },
    "ppo_us_only_v5": {
      "combined_wr": 0.6166666666666667,
      "us_wr": 0.5333333333333333,
      "ussr_wr": 0.7
    },
    "ppo_ussr_only_v5": {
      "combined_wr": 0.45,
      "us_wr": 0.23333333333333334,
      "ussr_wr": 0.6666666666666666
    },
    "v20": {
      "combined_wr": 0.5,
      "us_wr": 0.43333333333333335,
      "ussr_wr": 0.5666666666666667
    },
    "v44": {
      "combined_wr": 0.5833333333333334,
      "us_wr": 0.5333333333333333,
      "ussr_wr": 0.6333333333333333
    },
    "v54": {
      "combined_wr": 0.6,
      "us_wr": 0.4666666666666667,
      "ussr_wr": 0.7333333333333333
    },
    "v55": {
      "combined_wr": 0.5,
      "us_wr": 0.4666666666666667,
      "ussr_wr": 0.5333333333333333
    },
    "v56": {
      "combined_wr": 0.36666666666666664,
      "us_wr": 0.3,
      "ussr_wr": 0.43333333333333335
    }
  },
  "20": {
    "heuristic": {
      "combined_wr": 0.5333333333333333,
      "us_wr": 0.4666666666666667,
      "ussr_wr": 0.6
    },
    "ppo_us_only_v5": {
      "combined_wr": 0.55,
      "us_wr": 0.5333333333333333,
      "ussr_wr": 0.5666666666666667
    },
    "ppo_ussr_only_v5": {
      "combined_wr": 0.5333333333333333,
      "us_wr": 0.5,
      "ussr_wr": 0.5666666666666667
    },
    "v20": {
      "combined_wr": 0.48333333333333334,
      "us_wr": 0.5333333333333333,
      "ussr_wr": 0.43333333333333335
    },
    "v44": {
      "combined_wr": 0.4666666666666667,
      "us_wr": 0.5333333333333333,
      "ussr_wr": 0.4
    },
    "v54": {
      "combined_wr": 0.4166666666666667,
      "us_wr": 0.43333333333333335,
      "ussr_wr": 0.4
    },
    "v55": {
      "combined_wr": 0.4666666666666667,
      "us_wr": 0.4666666666666667,
      "ussr_wr": 0.4666666666666667
    },
    "v56": {
      "combined_wr": 0.4,
      "us_wr": 0.3333333333333333,
      "ussr_wr": 0.4666666666666667
    }
  },
  "200": {
    "heuristic": {
      "combined_wr": 0.45,
      "us_wr": 0.36666666666666664,
      "ussr_wr": 0.5333333333333333
    },
    "ppo_us_only_v5": {
      "combined_wr": 0.5333333333333333,
      "us_wr": 0.4666666666666667,
      "ussr_wr": 0.6
    },
    "ppo_ussr_only_v5": {
      "combined_wr": 0.45,
      "us_wr": 0.3333333333333333,
      "ussr_wr": 0.5666666666666667
    },
    "v20": {
      "combined_wr": 0.45,
      "us_wr": 0.36666666666666664,
      "ussr_wr": 0.5333333333333333
    },
    "v44": {
      "combined_wr": 0.55,
      "us_wr": 0.4,
      "ussr_wr": 0.7
    },
    "v54": {
      "combined_wr": 0.55,
      "us_wr": 0.4666666666666667,
      "ussr_wr": 0.6333333333333333
    },
    "v55": {
      "combined_wr": 0.48333333333333334,
      "us_wr": 0.4,
      "ussr_wr": 0.5666666666666667
    },
    "v56": {
      "combined_wr": 0.43333333333333335,
      "us_wr": 0.3,
      "ussr_wr": 0.5666666666666667
    }
  },
  "30": {
    "heuristic": {
      "combined_wr": 0.38333333333333336,
      "us_wr": 0.4666666666666667,
      "ussr_wr": 0.3
    },
    "ppo_us_only_v5": {
      "combined_wr": 0.5,
      "us_wr": 0.4666666666666667,
      "ussr_wr": 0.5333333333333333
    },
    "ppo_ussr_only_v5": {
      "combined_wr": 0.45,
      "us_wr": 0.43333333333333335,
      "ussr_wr": 0.4666666666666667
    },
    "v20": {
      "combined_wr": 0.4,
      "us_wr": 0.43333333333333335,
      "ussr_wr": 0.36666666666666664
    },
    "v44": {
      "combined_wr": 0.5666666666666667,
      "us_wr": 0.5333333333333333,
      "ussr_wr": 0.6
    },
    "v54": {
      "combined_wr": 0.36666666666666664,
      "us_wr": 0.3333333333333333,
      "ussr_wr": 0.4
    },
    "v55": {
      "combined_wr": 0.4666666666666667,
      "us_wr": 0.5,
      "ussr_wr": 0.43333333333333335
    },
    "v56": {
      "combined_wr": 0.4,
      "us_wr": 0.4,
      "ussr_wr": 0.4
    }
  },
  "40": {
    "heuristic": {
      "combined_wr": 0.43333333333333335,
      "us_wr": 0.4,
      "ussr_wr": 0.4666666666666667
    },
    "ppo_us_only_v5": {
      "combined_wr": 0.4166666666666667,
      "us_wr": 0.3333333333333333,
      "ussr_wr": 0.5
    },
    "ppo_ussr_only_v5": {
      "combined_wr": 0.48333333333333334,
      "us_wr": 0.36666666666666664,
      "ussr_wr": 0.6
    },
    "v20": {
      "combined_wr": 0.5333333333333333,
      "us_wr": 0.4,
      "ussr_wr": 0.6666666666666666
    },
    "v44": {
      "combined_wr": 0.5,
      "us_wr": 0.4,
      "ussr_wr": 0.6
    },
    "v54": {
      "combined_wr": 0.5333333333333333,
      "us_wr": 0.4,
      "ussr_wr": 0.6666666666666666
    },
    "v55": {
      "combined_wr": 0.48333333333333334,
      "us_wr": 0.4,
      "ussr_wr": 0.5666666666666667
    },
    "v56": {
      "combined_wr": 0.4166666666666667,
      "us_wr": 0.4,
      "ussr_wr": 0.43333333333333335
    }
  }
}
