{
  "engine_head": "abe69f3 + fb9e814 (Plan B + Camp David)",
  "n_per_side_per_seed": 500,
  "results": {
    "v32_continue": {
      "us_wrs": [
        0.274,
        0.298,
        0.294,
        0.274,
        0.278
      ],
      "us_mean": 0.2836,
      "us_std": 0.011523888232710328,
      "ussr_wrs": [
        0.654,
        0.684,
        0.662,
        0.7,
        0.716
      ],
      "ussr_mean": 0.6832,
      "ussr_std": 0.025791471458604266,
      "combined_mean": 0.48340000000000005,
      "elapsed_s": 300.55530738830566
    },
    "v110_iter10": {
      "us_wrs": [
        0.262,
        0.286,
        0.278,
        0.268,
        0.29
      ],
      "us_mean": 0.2768,
      "us_std": 0.011798304963002085,
      "ussr_wrs": [
        0.672,
        0.694,
        0.668,
        0.71,
        0.704
      ],
      "ussr_mean": 0.6896,
      "ussr_std": 0.018836135484753724,
      "combined_mean": 0.48319999999999996,
      "elapsed_s": 294.9621784687042
    }
  }
}