{
  "engine_head": "78b7aa5 (Plan B + Camp David + v110 scripts)",
  "n_per_side_per_seed": 500,
  "results": {
    "v34_peerpool_iter10": {
      "us_wrs": [
        0.29,
        0.31,
        0.294,
        0.256,
        0.266
      ],
      "us_mean": 0.2832,
      "us_std": 0.021890637268019396,
      "ussr_wrs": [
        0.708,
        0.688,
        0.688,
        0.694,
        0.658
      ],
      "ussr_mean": 0.6871999999999999,
      "ussr_std": 0.018253766734567387,
      "combined_mean": 0.48519999999999996,
      "elapsed_s": 632.7823474407196
    },
    "v34_peerpool_running_best": {
      "us_wrs": [
        0.29,
        0.31,
        0.294,
        0.256,
        0.266
      ],
      "us_mean": 0.2832,
      "us_std": 0.021890637268019396,
      "ussr_wrs": [
        0.708,
        0.688,
        0.688,
        0.694,
        0.658
      ],
      "ussr_mean": 0.6871999999999999,
      "ussr_std": 0.018253766734567387,
      "combined_mean": 0.48519999999999996,
      "elapsed_s": 338.89764881134033
    }
  }
}