{
  "checkpoint": "data/checkpoints/scripted_for_elo/v32_continue_scripted.pt",
  "engine_head": "abe69f3 (post Plan B: SALT+2, Yuri timing, SA Unrest, LatAm Debt)",
  "n_per_side": 500,
  "seeds": [
    50000,
    50500
  ],
  "ussr_wr": 0.654,
  "us_wr": 0.274,
  "combined_wr": 0.464,
  "t_ussr_s": 26.514403581619263,
  "t_us_s": 31.62978959083557,
  "t_total_s": 58.144193172454834
}