{
  "tag": "h128_fast",
  "epoch": 60,
  "val_loss": 2.5738658053534373,
  "val_card_top1": 0.9597185183139074,
  "val_mode_acc": 0.8105587590308416,
  "val_value_mse": 0.14988820928902852,
  "val_country_top1": 0.6046175360679626,
  "checkpoint_path": "checkpoints/h128_fast/baseline_best.pt",
  "elapsed_s": 1303.2,
  "hyperparams": {
    "hidden_dim": 128,
    "n_blocks": 2,
    "epochs": 60,
    "batch_size": 2048,
    "lr": 0.0012,
    "weight_decay": 0.0001,
    "dropout": 0.1,
    "label_smoothing": 0.05,
    "value_target": "final_vp"
  }
}