{
  "tag": "h512_fast",
  "epoch": 36,
  "val_loss": 2.4702265773500716,
  "val_card_top1": 0.9601883717945644,
  "val_mode_acc": 0.8188903700737726,
  "val_value_mse": 0.14647585792200907,
  "val_country_top1": 0.6360733509063721,
  "checkpoint_path": "checkpoints/h512_fast/baseline_best.pt",
  "elapsed_s": 1287.8,
  "hyperparams": {
    "hidden_dim": 512,
    "n_blocks": 2,
    "epochs": 60,
    "batch_size": 2048,
    "lr": 0.0012,
    "weight_decay": 0.0001,
    "dropout": 0.1,
    "label_smoothing": 0.05,
    "value_target": "final_vp"
  }
}