{
  "order": [
    "heuristic",
    "v13",
    "v14",
    "v15",
    "v16",
    "v17",
    "v18",
    "v19",
    "v20",
    "v21",
    "v22"
  ],
  "ussr_wr": {
    "heuristic|v13": 0.3541666666666667,
    "heuristic|v14": 0.3469387755102041,
    "heuristic|v15": 0.22448979591836735,
    "heuristic|v16": 0.14,
    "heuristic|v17": 0.16,
    "heuristic|v18": 0.14583333333333334,
    "heuristic|v19": 0.14,
    "heuristic|v20": 0.1,
    "heuristic|v21": 0.16,
    "heuristic|v22": 0.24,
    "v13|v14": 0.574468085106383,
    "v13|v15": 0.6122448979591837,
    "v13|v16": 0.7446808510638298,
    "v13|v17": 0.64,
    "v13|v18": 0.673469387755102,
    "v13|v19": 0.6938775510204082,
    "v13|v20": 0.7083333333333334,
    "v13|v21": 0.6875,
    "v13|v22": 0.7083333333333334,
    "v14|v15": 0.5714285714285714,
    "v14|v16": 0.6666666666666666,
    "v14|v17": 0.46,
    "v14|v18": 0.66,
    "v14|v19": 0.5102040816326531,
    "v14|v20": 0.5918367346938775,
    "v14|v21": 0.7872340425531915,
    "v14|v22": 0.6530612244897959,
    "v15|v16": 0.6382978723404256,
    "v15|v17": 0.6041666666666666,
    "v15|v18": 0.6170212765957447,
    "v15|v19": 0.6041666666666666,
    "v15|v20": 0.6122448979591837,
    "v15|v21": 0.74,
    "v15|v22": 0.6041666666666666,
    "v16|v17": 0.625,
    "v16|v18": 0.6530612244897959,
    "v16|v19": 0.7291666666666666,
    "v16|v20": 0.6,
    "v16|v21": 0.7,
    "v16|v22": 0.6304347826086957,
    "v17|v18": 0.6875,
    "v17|v19": 0.5416666666666666,
    "v17|v20": 0.7551020408163265,
    "v17|v21": 0.6530612244897959,
    "v17|v22": 0.6666666666666666,
    "v18|v19": 0.58,
    "v18|v20": 0.5833333333333334,
    "v18|v21": 0.6363636363636364,
    "v18|v22": 0.7551020408163265,
    "v19|v20": 0.62,
    "v19|v21": 0.6938775510204082,
    "v19|v22": 0.6326530612244898,
    "v20|v21": 0.6530612244897959,
    "v20|v22": 0.5714285714285714,
    "v21|v22": 0.48,
    "v13|heuristic": 0.9,
    "v14|heuristic": 0.94,
    "v15|heuristic": 0.96,
    "v16|heuristic": 0.94,
    "v17|heuristic": 1.0,
    "v18|heuristic": 0.98,
    "v19|heuristic": 0.96,
    "v20|heuristic": 1.0,
    "v21|heuristic": 0.98,
    "v22|heuristic": 0.98,
    "v14|v13": 0.5869565217391305,
    "v15|v13": 0.7755102040816326,
    "v16|v13": 0.8367346938775511,
    "v17|v13": 0.673469387755102,
    "v18|v13": 0.6888888888888889,
    "v19|v13": 0.5625,
    "v20|v13": 0.7142857142857143,
    "v21|v13": 0.6122448979591837,
    "v22|v13": 0.7142857142857143,
    "v15|v14": 0.6888888888888889,
    "v16|v14": 0.7021276595744681,
    "v17|v14": 0.5306122448979592,
    "v18|v14": 0.6530612244897959,
    "v19|v14": 0.5918367346938775,
    "v20|v14": 0.6041666666666666,
    "v21|v14": 0.6595744680851063,
    "v22|v14": 0.6122448979591837,
    "v16|v15": 0.5625,
    "v17|v15": 0.7446808510638298,
    "v18|v15": 0.5918367346938775,
    "v19|v15": 0.6938775510204082,
    "v20|v15": 0.6041666666666666,
    "v21|v15": 0.5416666666666666,
    "v22|v15": 0.6170212765957447,
    "v17|v16": 0.6122448979591837,
    "v18|v16": 0.8333333333333334,
    "v19|v16": 0.6041666666666666,
    "v20|v16": 0.6086956521739131,
    "v21|v16": 0.5957446808510638,
    "v22|v16": 0.58,
    "v18|v17": 0.6875,
    "v19|v17": 0.6326530612244898,
    "v20|v17": 0.7346938775510204,
    "v21|v17": 0.74,
    "v22|v17": 0.5869565217391305,
    "v19|v18": 0.5306122448979592,
    "v20|v18": 0.5555555555555556,
    "v21|v18": 0.5918367346938775,
    "v22|v18": 0.7551020408163265,
    "v20|v19": 0.717391304347826,
    "v21|v19": 0.6170212765957447,
    "v22|v19": 0.5957446808510638,
    "v21|v20": 0.7021276595744681,
    "v22|v20": 0.58,
    "v22|v21": 0.46938775510204084
  },
  "us_wr": {
    "v13|heuristic": 0.6458333333333334,
    "v14|heuristic": 0.6530612244897959,
    "v15|heuristic": 0.7755102040816326,
    "v16|heuristic": 0.86,
    "v17|heuristic": 0.84,
    "v18|heuristic": 0.8541666666666666,
    "v19|heuristic": 0.86,
    "v20|heuristic": 0.9,
    "v21|heuristic": 0.84,
    "v22|heuristic": 0.76,
    "v14|v13": 0.425531914893617,
    "v15|v13": 0.3877551020408163,
    "v16|v13": 0.2553191489361702,
    "v17|v13": 0.36,
    "v18|v13": 0.32653061224489793,
    "v19|v13": 0.30612244897959184,
    "v20|v13": 0.2916666666666667,
    "v21|v13": 0.3125,
    "v22|v13": 0.2916666666666667,
    "v15|v14": 0.42857142857142855,
    "v16|v14": 0.3333333333333333,
    "v17|v14": 0.54,
    "v18|v14": 0.34,
    "v19|v14": 0.4897959183673469,
    "v20|v14": 0.40816326530612246,
    "v21|v14": 0.2127659574468085,
    "v22|v14": 0.3469387755102041,
    "v16|v15": 0.3617021276595745,
    "v17|v15": 0.3958333333333333,
    "v18|v15": 0.3829787234042553,
    "v19|v15": 0.3958333333333333,
    "v20|v15": 0.3877551020408163,
    "v21|v15": 0.26,
    "v22|v15": 0.3958333333333333,
    "v17|v16": 0.375,
    "v18|v16": 0.3469387755102041,
    "v19|v16": 0.2708333333333333,
    "v20|v16": 0.4,
    "v21|v16": 0.3,
    "v22|v16": 0.3695652173913043,
    "v18|v17": 0.3125,
    "v19|v17": 0.4583333333333333,
    "v20|v17": 0.24489795918367346,
    "v21|v17": 0.3469387755102041,
    "v22|v17": 0.3333333333333333,
    "v19|v18": 0.42,
    "v20|v18": 0.4166666666666667,
    "v21|v18": 0.36363636363636365,
    "v22|v18": 0.24489795918367346,
    "v20|v19": 0.38,
    "v21|v19": 0.30612244897959184,
    "v22|v19": 0.3673469387755102,
    "v21|v20": 0.3469387755102041,
    "v22|v20": 0.42857142857142855,
    "v22|v21": 0.52,
    "heuristic|v13": 0.1,
    "heuristic|v14": 0.06,
    "heuristic|v15": 0.04,
    "heuristic|v16": 0.06,
    "heuristic|v17": 0.0,
    "heuristic|v18": 0.02,
    "heuristic|v19": 0.04,
    "heuristic|v20": 0.0,
    "heuristic|v21": 0.02,
    "heuristic|v22": 0.02,
    "v13|v14": 0.41304347826086957,
    "v13|v15": 0.22448979591836735,
    "v13|v16": 0.16326530612244897,
    "v13|v17": 0.32653061224489793,
    "v13|v18": 0.3111111111111111,
    "v13|v19": 0.4375,
    "v13|v20": 0.2857142857142857,
    "v13|v21": 0.3877551020408163,
    "v13|v22": 0.2857142857142857,
    "v14|v15": 0.3111111111111111,
    "v14|v16": 0.2978723404255319,
    "v14|v17": 0.46938775510204084,
    "v14|v18": 0.3469387755102041,
    "v14|v19": 0.40816326530612246,
    "v14|v20": 0.3958333333333333,
    "v14|v21": 0.3404255319148936,
    "v14|v22": 0.3877551020408163,
    "v15|v16": 0.4375,
    "v15|v17": 0.2553191489361702,
    "v15|v18": 0.40816326530612246,
    "v15|v19": 0.30612244897959184,
    "v15|v20": 0.3958333333333333,
    "v15|v21": 0.4583333333333333,
    "v15|v22": 0.3829787234042553,
    "v16|v17": 0.3877551020408163,
    "v16|v18": 0.16666666666666666,
    "v16|v19": 0.3958333333333333,
    "v16|v20": 0.391304347826087,
    "v16|v21": 0.40425531914893614,
    "v16|v22": 0.42,
    "v17|v18": 0.3125,
    "v17|v19": 0.3673469387755102,
    "v17|v20": 0.2653061224489796,
    "v17|v21": 0.26,
    "v17|v22": 0.41304347826086957,
    "v18|v19": 0.46938775510204084,
    "v18|v20": 0.4444444444444444,
    "v18|v21": 0.40816326530612246,
    "v18|v22": 0.24489795918367346,
    "v19|v20": 0.2826086956521739,
    "v19|v21": 0.3829787234042553,
    "v19|v22": 0.40425531914893614,
    "v20|v21": 0.2978723404255319,
    "v20|v22": 0.42,
    "v21|v22": 0.5306122448979592
  }
}