{
  "method": "platt",
  "a": 2.4668023586273193,
  "b": -0.11720582842826843,
  "ece_before": 0.039339506598235006,
  "ece_after": 0.06193670745841462,
  "source": "combined_v71",
  "n_samples": 298620
}