{
  "method": "platt",
  "a": 2.277616262435913,
  "b": -0.21642209589481354,
  "ece_before": 0.1784166728474848,
  "ece_after": 0.09983340999080996,
  "source": "combined_v40",
  "n_samples": 130835
}