{
  "created_process_s": 1.946681956,
  "created_wall_s": 1.9370220729906578,
  "label": "random_10",
  "objective": 0.8413532603834109,
  "paired_score": 0.0,
  "params": {
    "coup_mode_bonus": 3.3067116491183457,
    "early_region_weights": [
      0.7689282323844193,
      1.0903778610792934,
      1.3386233255603772,
      0.6518255550715482,
      0.5074972189594384,
      0.4651282302450752,
      1.0395467620373067
    ],
    "influence_mode_bonus": 5.239172598731686,
    "late_region_weights": [
      1.2653257698261149,
      0.9733138056044086,
      0.9672566715365657,
      0.9906831469293287,
      1.2526110308485339,
      1.0047699316957959,
      0.663718590393334
    ],
    "mid_region_weights": [
      0.758968559799857,
      1.0712438303539547,
      1.036694130106482,
      0.9402453622586704,
      1.3134694968298601,
      1.2350015544336983,
      0.750724184236835
    ],
    "ops_card_penalty": 0.1539355368537757,
    "realign_mode_bonus": -1.2638595999758477,
    "space_mode_bonus": 1.1718042998423868
  },
  "proxy_score": 0.8467741935483871,
  "snapshot_id": "candidate_0010",
  "source": "random_proxy_search",
  "speed_penalty": 0.05420933164976294
}
