{
  "created_process_s": 3.102373629,
  "created_wall_s": 3.0905035519972444,
  "label": "spsa_3_plus",
  "objective": 0.8790322580645161,
  "paired_score": 0.0,
  "params": {
    "coup_mode_bonus": 3.5363162603882956,
    "early_region_weights": [
      0.6211182922628176,
      1.2619707103918378,
      1.3424493918124438,
      0.5035055373047179,
      0.5612210750062895,
      0.4057042863640937,
      1.1489696389495345
    ],
    "influence_mode_bonus": 5.790552974298466,
    "late_region_weights": [
      1.1675462145439195,
      0.9630802240255036,
      1.016204721189029,
      1.0261206464990915,
      1.089633966533403,
      1.006594606624256,
      0.6465590588276015
    ],
    "mid_region_weights": [
      0.8681979911498834,
      1.0936357252920015,
      1.0718234564885532,
      1.0032372251067636,
      1.3381653542330405,
      1.2635803890406818,
      0.740678674666107
    ],
    "ops_card_penalty": 0.12546051419311355,
    "realign_mode_bonus": -0.9140142066590153,
    "space_mode_bonus": 1.0904549904932614
  },
  "proxy_score": 0.8790322580645161,
  "snapshot_id": "candidate_0017",
  "source": "proxy_spsa",
  "speed_penalty": 0.0
}
