{
  "created_process_s": 1.784759308,
  "created_wall_s": 1.775405319989659,
  "label": "random_9",
  "objective": 0.842468253179677,
  "paired_score": 0.0,
  "params": {
    "coup_mode_bonus": 3.5116186430628247,
    "early_region_weights": [
      0.7278925955882607,
      1.3567363767087446,
      1.385813175148386,
      0.5506266298694066,
      0.6615574372019113,
      0.25,
      1.325852726512062
    ],
    "influence_mode_bonus": 5.170295613316979,
    "late_region_weights": [
      1.1634451612175836,
      0.9477132735567726,
      0.9539599819946972,
      0.9825293659803681,
      1.202562079685225,
      1.050370824289147,
      0.600012383738262
    ],
    "mid_region_weights": [
      0.8558167206697188,
      1.169797070908148,
      1.1116840975885878,
      1.1677524234208536,
      1.3815523005090429,
      1.2945468674592882,
      0.7379700291160491
    ],
    "ops_card_penalty": 0.1432765625322161,
    "realign_mode_bonus": -0.650036376524834,
    "space_mode_bonus": 0.9908177361516916
  },
  "proxy_score": 0.8467741935483871,
  "snapshot_id": "candidate_0009",
  "source": "random_proxy_search",
  "speed_penalty": 0.04305940368710148
}
