{
  "created_process_s": 1.6173285179999999,
  "created_wall_s": 1.608289429001161,
  "label": "random_8",
  "objective": 0.7767661763304659,
  "paired_score": 0.0,
  "params": {
    "coup_mode_bonus": 3.665166520884637,
    "early_region_weights": [
      0.5619096025803036,
      1.1524118342262404,
      1.2640107391728783,
      0.47199882228733914,
      0.5197576964221234,
      0.41377651153612544,
      1.2756092745810736
    ],
    "influence_mode_bonus": 5.67788060288135,
    "late_region_weights": [
      1.3342472414047637,
      0.8354586738561879,
      1.0594497941781127,
      1.0246279848003,
      1.1515706566023922,
      1.0304603335705198,
      0.7092181326305973
    ],
    "mid_region_weights": [
      0.959115722304727,
      0.9135212522623589,
      1.283154470819107,
      0.882469537345023,
      1.3818174609964553,
      1.487809549426888,
      0.8596922558686556
    ],
    "ops_card_penalty": 0.13653602910289436,
    "realign_mode_bonus": -1.0288445822398558,
    "space_mode_bonus": 1.1069633644917867
  },
  "proxy_score": 0.782258064516129,
  "snapshot_id": "candidate_0008",
  "source": "random_proxy_search",
  "speed_penalty": 0.05491888185663174
}
