{
  "created_process_s": 2.769559568,
  "created_wall_s": 2.7583349100023042,
  "label": "spsa_2_plus",
  "objective": 0.8742074509600237,
  "paired_score": 0.0,
  "params": {
    "coup_mode_bonus": 3.6133836834108664,
    "early_region_weights": [
      0.6185231620228792,
      1.2645658406317764,
      1.3398542615725053,
      0.5291946783122413,
      0.5586259447663511,
      0.4313934273716172,
      1.123280497942011
    ],
    "influence_mode_bonus": 5.7134855512758955,
    "late_region_weights": [
      1.170141344783858,
      0.988769365033027,
      1.0187998514289676,
      1.051809787506615,
      1.0870388362934644,
      1.0091897368641942,
      0.6722481998351248
    ],
    "mid_region_weights": [
      0.8938871321574068,
      1.091040595052063,
      1.0692283262486146,
      1.000642094866825,
      1.335570223993102,
      1.2892695300482053,
      0.7380835444261686
    ],
    "ops_card_penalty": 0.12468197512113201,
    "realign_mode_bonus": -0.9653924886740622,
    "space_mode_bonus": 1.0390767084782147
  },
  "proxy_score": 0.8790322580645161,
  "snapshot_id": "candidate_0015",
  "source": "proxy_spsa",
  "speed_penalty": 0.048248071044924234
}
