{
  "created_process_s": 1.1092119120000001,
  "created_wall_s": 1.1075498779973714,
  "label": "base2_neighbor_3",
  "objective": 0.8412127053619203,
  "paired_score": 0.0,
  "params": {
    "access_bonus": 1.4424908680533086,
    "china_asia_target_bonus": 1.319145224970914,
    "china_early_penalty": -2.52163456582484,
    "control_break_bonus": 5.521892642314358,
    "country_battleground_bonus": 7.060937663107728,
    "country_europe_core_bonus": 1.836787590320681,
    "country_mid_war_entry_bonus": 2.101130985433667,
    "country_non_battleground_bonus": 1.1077434778613515,
    "country_region_scale": 4.915414252772482,
    "country_stability_scale": 0.5690145818452659,
    "country_thailand_early_bonus": 6.087615247572906,
    "coup_battleground_bonus": 2.3637655091100784,
    "coup_defcon2_penalty": -8.666899111239518,
    "coup_defcon3_penalty": -2.3605700438292487,
    "coup_mode_bonus": 4.047984451272075,
    "early_region_weights": [
      0.8451681347801199,
      1.3479221506392685,
      1.0335684241589875,
      0.7177432341797552,
      0.4490330672726418,
      0.5276220068344466,
      1.2624274930132748
    ],
    "headline_friendly_bonus": 2.1254373421572144,
    "headline_ops_scale": 0.7138900283366999,
    "influence_mode_bonus": 6.329820104480799,
    "late_region_weights": [
      1.0473400520934513,
      1.0457293992640915,
      0.86859988585483,
      0.9074864758304173,
      1.0203363553291938,
      1.1615545680875035,
      0.8172253415670023
    ],
    "mid_region_weights": [
      1.0171747787992471,
      1.0421716987574836,
      1.0484123180331755,
      0.9734218810238594,
      1.1746346144935667,
      1.321431605840688,
      0.6977587602702602
    ],
    "ops_card_penalty": 0.1568683346648094,
    "realign_base_penalty": -4.154063710240906,
    "realign_country_scale": 0.5082432196823672,
    "realign_defcon2_bonus": 2.0556378148643066,
    "realign_mode_bonus": -1.075306844483134,
    "space_early_bonus": 1.1229373275092847,
    "space_mode_bonus": 1.0543389581992026,
    "space_offside_bonus": 1.9563070960058306,
    "space_when_behind_bonus": 2.0852255791620604
  },
  "proxy_score": 0.8467741935483871,
  "snapshot_id": "candidate_0011",
  "source": "neighbor_of_base_2",
  "speed_penalty": 0.05561488186466801
}
