{
  "created_process_s": 1.643123864,
  "created_wall_s": 1.640762053997605,
  "label": "base3_neighbor_2",
  "objective": 0.8762040500018025,
  "paired_score": 0.0,
  "params": {
    "access_bonus": 1.4625223242310594,
    "china_asia_target_bonus": 1.39919634275942,
    "china_early_penalty": -2.470602390894063,
    "control_break_bonus": 5.269574215898095,
    "country_battleground_bonus": 6.824240597250991,
    "country_europe_core_bonus": 2.008116987791027,
    "country_mid_war_entry_bonus": 2.070880250883787,
    "country_non_battleground_bonus": 1.2484090953908302,
    "country_region_scale": 4.959387869346506,
    "country_stability_scale": 0.5293201758163777,
    "country_thailand_early_bonus": 5.8904934951362105,
    "coup_battleground_bonus": 2.7249825588105594,
    "coup_defcon2_penalty": -7.971722792648131,
    "coup_defcon3_penalty": -2.472555888567992,
    "coup_mode_bonus": 3.5066808314939646,
    "early_region_weights": [
      0.8361294832372559,
      1.2533887154463714,
      1.0323225640955522,
      0.6769473001515384,
      0.37098234939485875,
      0.5533811387891384,
      1.256010734659736
    ],
    "headline_friendly_bonus": 1.722576948616478,
    "headline_ops_scale": 0.8552275876664905,
    "influence_mode_bonus": 5.919593847987061,
    "late_region_weights": [
      1.1039718990170357,
      1.0156840372022278,
      1.0002308169483318,
      0.9389396172586467,
      1.2007514671920168,
      0.9861309959151229,
      0.6718578595792365
    ],
    "mid_region_weights": [
      0.9006932848794645,
      0.959939691544468,
      0.9501885263564658,
      0.8731807282329435,
      1.1212366900588768,
      1.2183853673161191,
      0.7433559863159838
    ],
    "ops_card_penalty": 0.1895359257635618,
    "realign_base_penalty": -3.989892382954481,
    "realign_country_scale": 0.5915646328908551,
    "realign_defcon2_bonus": 1.9202094571320452,
    "realign_mode_bonus": -1.020553985891438,
    "space_early_bonus": 0.9263413818038226,
    "space_mode_bonus": 0.8700494346589152,
    "space_offside_bonus": 2.105486531451352,
    "space_when_behind_bonus": 1.8555292052516967
  },
  "proxy_score": 0.8790322580645161,
  "snapshot_id": "candidate_0017",
  "source": "neighbor_of_base_3",
  "speed_penalty": 0.028282080627136663
}
