{
  "created_process_s": 1.916194506,
  "created_wall_s": 1.9120375530037563,
  "label": "base3_neighbor_5",
  "objective": 0.8746825624872057,
  "paired_score": 0.0,
  "params": {
    "access_bonus": 1.473749399484535,
    "china_asia_target_bonus": 1.4061768317519105,
    "china_early_penalty": -2.43724056484649,
    "control_break_bonus": 5.2389890724507024,
    "country_battleground_bonus": 6.933336429638041,
    "country_europe_core_bonus": 2.0350706980642137,
    "country_mid_war_entry_bonus": 2.0920025458368325,
    "country_non_battleground_bonus": 1.2537054095166125,
    "country_region_scale": 4.997255165237698,
    "country_stability_scale": 0.5541249129359082,
    "country_thailand_early_bonus": 5.93523931344033,
    "coup_battleground_bonus": 2.6753356546689306,
    "coup_defcon2_penalty": -8.002906789497477,
    "coup_defcon3_penalty": -2.5218189129965864,
    "coup_mode_bonus": 3.4680395934450936,
    "early_region_weights": [
      0.839462670177783,
      1.254016954092498,
      1.0403798350233022,
      0.6511233702879631,
      0.3783213148147918,
      0.5703253277209125,
      1.2827826555335313
    ],
    "headline_friendly_bonus": 1.7197432256067555,
    "headline_ops_scale": 0.8546239666571801,
    "influence_mode_bonus": 5.888286280056818,
    "late_region_weights": [
      1.1077272036864811,
      1.0529415703731828,
      1.004834538706064,
      0.9543644714836935,
      1.1948736449493054,
      0.9624191140829731,
      0.6816344667982626
    ],
    "mid_region_weights": [
      0.8997215332657011,
      0.9876922664368772,
      0.9765141080194799,
      0.8761334406542161,
      1.1369356311833017,
      1.1929280728827976,
      0.7105817994955625
    ],
    "ops_card_penalty": 0.17592368849141354,
    "realign_base_penalty": -3.9668889051289664,
    "realign_country_scale": 0.588592163629005,
    "realign_defcon2_bonus": 1.9309713359953038,
    "realign_mode_bonus": -0.9750340944854885,
    "space_early_bonus": 0.9191874168050881,
    "space_mode_bonus": 0.895189365924836,
    "space_offside_bonus": 2.10694408278235,
    "space_when_behind_bonus": 1.8972285239842097
  },
  "proxy_score": 0.8790322580645161,
  "snapshot_id": "candidate_0020",
  "source": "neighbor_of_base_3",
  "speed_penalty": 0.04349695577310442
}
