{
  "created_process_s": 0.661431544,
  "created_wall_s": 0.6611287990090204,
  "label": "base1_neighbor_5",
  "objective": 0.8765863741958451,
  "paired_score": 0.0,
  "params": {
    "access_bonus": 1.517976059954151,
    "china_asia_target_bonus": 1.4325621784861198,
    "china_early_penalty": -2.6165824432077907,
    "control_break_bonus": 5.016327142707869,
    "country_battleground_bonus": 7.177189402934198,
    "country_europe_core_bonus": 1.9722507788927555,
    "country_mid_war_entry_bonus": 1.9595015319341778,
    "country_non_battleground_bonus": 0.7580322991452091,
    "country_region_scale": 5.021136378456255,
    "country_stability_scale": 0.6595061797001094,
    "country_thailand_early_bonus": 5.702802103927946,
    "coup_battleground_bonus": 2.5443816311835143,
    "coup_defcon2_penalty": -8.204013380743392,
    "coup_defcon3_penalty": -2.7474336330834004,
    "coup_mode_bonus": 3.8831658800803917,
    "early_region_weights": [
      0.6468597713602378,
      1.2992876555827828,
      1.1082880403216753,
      0.5993486490709915,
      0.5063216296149187,
      0.8226643654772823,
      1.425043033445687
    ],
    "headline_friendly_bonus": 2.006832042856864,
    "headline_ops_scale": 0.6809511716570424,
    "influence_mode_bonus": 6.225151641208178,
    "late_region_weights": [
      1.0536292571055421,
      0.9623113198984196,
      0.9187302500978668,
      1.0673362908463393,
      0.9640014387425451,
      1.0391015791401708,
      0.6903586546311933
    ],
    "mid_region_weights": [
      0.953697729409781,
      1.0303734036836967,
      1.0876244552124925,
      0.8416292219008356,
      1.231434463488025,
      1.3767250539024007,
      0.9349738095100959
    ],
    "ops_card_penalty": 0.12370317131208967,
    "realign_base_penalty": -4.306933831616048,
    "realign_country_scale": 0.507220219717081,
    "realign_defcon2_bonus": 2.156287082951108,
    "realign_mode_bonus": -0.9264348033716135,
    "space_early_bonus": 1.0747917629124986,
    "space_mode_bonus": 0.6787288310983686,
    "space_offside_bonus": 1.9328856968588988,
    "space_when_behind_bonus": 2.2472368318729927
  },
  "proxy_score": 0.8790322580645161,
  "snapshot_id": "candidate_0006",
  "source": "neighbor_of_base_1",
  "speed_penalty": 0.02445883868671017
}
