{
  "created_process_s": 0.307965304,
  "created_wall_s": 0.3099388800037559,
  "label": "base1_neighbor_1",
  "objective": 0.8415340913666365,
  "paired_score": 0.0,
  "params": {
    "access_bonus": 1.5377338923471047,
    "china_asia_target_bonus": 1.4389095346075436,
    "china_early_penalty": -2.5874403560532926,
    "control_break_bonus": 5.038258992424245,
    "country_battleground_bonus": 7.212905274031104,
    "country_europe_core_bonus": 1.9614842268235326,
    "country_mid_war_entry_bonus": 1.9170368864484832,
    "country_non_battleground_bonus": 0.7537824360396618,
    "country_region_scale": 5.149477248847968,
    "country_stability_scale": 0.6577201015900314,
    "country_thailand_early_bonus": 5.727798921439227,
    "coup_battleground_bonus": 2.5819006393128974,
    "coup_defcon2_penalty": -8.150227676149068,
    "coup_defcon3_penalty": -2.8294974412458767,
    "coup_mode_bonus": 3.7655943786745443,
    "early_region_weights": [
      0.5976952650250941,
      1.31121337483948,
      1.0939324526590395,
      0.5661124640840786,
      0.5194698019024842,
      0.8276154450909625,
      1.4054177402722816
    ],
    "headline_friendly_bonus": 2.011900644893496,
    "headline_ops_scale": 0.6898834881421371,
    "influence_mode_bonus": 6.372136574178427,
    "late_region_weights": [
      1.0567699158372101,
      0.9040171051088041,
      0.9325110946415802,
      1.0547541489231635,
      0.9756444243650823,
      1.0418640048596708,
      0.6794200209636263
    ],
    "mid_region_weights": [
      0.9361411401970589,
      1.0315716605415823,
      1.0545077411344004,
      0.8655166007289147,
      1.2305342631341545,
      1.362514010202002,
      0.9828682605447154
    ],
    "ops_card_penalty": 0.11386894361034444,
    "realign_base_penalty": -4.3664328092159765,
    "realign_country_scale": 0.5193153224443742,
    "realign_defcon2_bonus": 2.1473837300780008,
    "realign_mode_bonus": -0.9350360294228939,
    "space_early_bonus": 1.0610217956866024,
    "space_mode_bonus": 0.6910891684437065,
    "space_offside_bonus": 1.9665605907090993,
    "space_when_behind_bonus": 2.2447902277143954
  },
  "proxy_score": 0.8467741935483871,
  "snapshot_id": "candidate_0002",
  "source": "neighbor_of_base_1",
  "speed_penalty": 0.052401021817505944
}
