{
  "created_process_s": 1.0189398920000001,
  "created_wall_s": 1.0178717369999504,
  "label": "base2_neighbor_2",
  "objective": 0.842292234958934,
  "paired_score": 0.0,
  "params": {
    "access_bonus": 1.4203391750283787,
    "china_asia_target_bonus": 1.2903383227267915,
    "china_early_penalty": -2.5261124791140537,
    "control_break_bonus": 5.626094550036554,
    "country_battleground_bonus": 7.060702624897875,
    "country_europe_core_bonus": 1.8513413031745174,
    "country_mid_war_entry_bonus": 2.0824407028406933,
    "country_non_battleground_bonus": 1.1259349792782052,
    "country_region_scale": 4.872252132149219,
    "country_stability_scale": 0.560012105453731,
    "country_thailand_early_bonus": 6.0465777985596265,
    "coup_battleground_bonus": 2.3680229941803903,
    "coup_defcon2_penalty": -8.665097346849526,
    "coup_defcon3_penalty": -2.392972699258115,
    "coup_mode_bonus": 4.072775444520936,
    "early_region_weights": [
      0.8747409627398531,
      1.35510541309412,
      1.0555242679933805,
      0.7063624410879162,
      0.46035750438872897,
      0.5551888621531481,
      1.2755709140918272
    ],
    "headline_friendly_bonus": 2.1398806078113637,
    "headline_ops_scale": 0.7167486992708546,
    "influence_mode_bonus": 6.327330573800381,
    "late_region_weights": [
      1.0503967524189866,
      1.0299907330969897,
      0.8574838246079157,
      0.942882491837478,
      1.016310275784792,
      1.1227656233915575,
      0.8293835242426845
    ],
    "mid_region_weights": [
      1.0400914986821104,
      1.0295424092295498,
      1.017032628360381,
      0.9864920072609624,
      1.1848401066306553,
      1.318780700145684,
      0.7054986070259079
    ],
    "ops_card_penalty": 0.15081036237509,
    "realign_base_penalty": -4.1821484837928455,
    "realign_country_scale": 0.512608125532321,
    "realign_defcon2_bonus": 2.039969255236622,
    "realign_mode_bonus": -1.0952631853137025,
    "space_early_bonus": 1.1247185026190902,
    "space_mode_bonus": 1.0423707975252439,
    "space_offside_bonus": 1.9499237925137336,
    "space_when_behind_bonus": 2.0756622528505657
  },
  "proxy_score": 0.8467741935483871,
  "snapshot_id": "candidate_0010",
  "source": "neighbor_of_base_2",
  "speed_penalty": 0.044819585894531055
}
