{
  "created_process_s": 1.733164486,
  "created_wall_s": 1.7302160990075208,
  "label": "base3_neighbor_3",
  "objective": 0.8762390742068313,
  "paired_score": 0.0,
  "params": {
    "access_bonus": 1.4788110475540317,
    "china_asia_target_bonus": 1.3777833917674824,
    "china_early_penalty": -2.483260449498224,
    "control_break_bonus": 5.2880483872326725,
    "country_battleground_bonus": 6.865911346006285,
    "country_europe_core_bonus": 2.0137225618208334,
    "country_mid_war_entry_bonus": 2.054758647660233,
    "country_non_battleground_bonus": 1.271521173669908,
    "country_region_scale": 4.990721596282449,
    "country_stability_scale": 0.5364909548558132,
    "country_thailand_early_bonus": 5.8211143439640445,
    "coup_battleground_bonus": 2.7150372940470406,
    "coup_defcon2_penalty": -8.107144539126997,
    "coup_defcon3_penalty": -2.4819392285446606,
    "coup_mode_bonus": 3.4574285900332056,
    "early_region_weights": [
      0.8523081315974795,
      1.2423124413473177,
      1.032352841184596,
      0.694249576039522,
      0.3673038137449567,
      0.5682550873627084,
      1.2684932775934994
    ],
    "headline_friendly_bonus": 1.7172794786822831,
    "headline_ops_scale": 0.8365681347608168,
    "influence_mode_bonus": 5.945927560871191,
    "late_region_weights": [
      1.1322510246257151,
      1.0207344617630958,
      1.0026132057480293,
      0.951656698243377,
      1.166330682172072,
      0.9725098828281254,
      0.6700620080667171
    ],
    "mid_region_weights": [
      0.90168095803715,
      1.0175696808003765,
      0.9583447957502416,
      0.8640838059582325,
      1.1455721560448215,
      1.1862746506454063,
      0.7345346568776657
    ],
    "ops_card_penalty": 0.18089875633994631,
    "realign_base_penalty": -3.9855271382620914,
    "realign_country_scale": 0.5888749599729829,
    "realign_defcon2_bonus": 1.8731636853728535,
    "realign_mode_bonus": -1.0543644855119896,
    "space_early_bonus": 0.9386669595155684,
    "space_mode_bonus": 0.8544469507695591,
    "space_offside_bonus": 2.161058723099206,
    "space_when_behind_bonus": 1.8597721271272216
  },
  "proxy_score": 0.8790322580645161,
  "snapshot_id": "candidate_0018",
  "source": "neighbor_of_base_3",
  "speed_penalty": 0.027931838576847445
}
