{
  "created_process_s": 2.0084459019999996,
  "created_wall_s": 2.0036749669961864,
  "label": "base3_neighbor_6",
  "objective": 0.8740469264666834,
  "paired_score": 0.0,
  "params": {
    "access_bonus": 1.5008754727511007,
    "china_asia_target_bonus": 1.384414187743276,
    "china_early_penalty": -2.4677295485388613,
    "control_break_bonus": 5.274488147086151,
    "country_battleground_bonus": 6.890664253987081,
    "country_europe_core_bonus": 2.058419481827264,
    "country_mid_war_entry_bonus": 2.099621613270046,
    "country_non_battleground_bonus": 1.2603234878580352,
    "country_region_scale": 5.007115908862248,
    "country_stability_scale": 0.5379548673865265,
    "country_thailand_early_bonus": 5.875847539338511,
    "coup_battleground_bonus": 2.6703522275307985,
    "coup_defcon2_penalty": -7.958274308154301,
    "coup_defcon3_penalty": -2.5534950779980377,
    "coup_mode_bonus": 3.5536080754347124,
    "early_region_weights": [
      0.821754848295969,
      1.2539351251635762,
      1.048093462667308,
      0.6667997814779006,
      0.39452980728504616,
      0.5619440753810712,
      1.2596076831578265
    ],
    "headline_friendly_bonus": 1.6673010501940224,
    "headline_ops_scale": 0.855964630570669,
    "influence_mode_bonus": 5.935312431529335,
    "late_region_weights": [
      1.1072323263056427,
      0.9841860755039431,
      1.012018809041021,
      0.9291706791393718,
      1.208378580859245,
      0.9802273123172178,
      0.6698730407094964
    ],
    "mid_region_weights": [
      0.9187247265942062,
      1.0220690298744095,
      0.9614623577279635,
      0.873482085628767,
      1.1358453593701108,
      1.2160055563605354,
      0.7374085138394435
    ],
    "ops_card_penalty": 0.18905929236733737,
    "realign_base_penalty": -3.9808464426730312,
    "realign_country_scale": 0.5875310765710869,
    "realign_defcon2_bonus": 1.8999387003833492,
    "realign_mode_bonus": -1.0404034225641179,
    "space_early_bonus": 0.9528133191168291,
    "space_mode_bonus": 0.859193234392776,
    "space_offside_bonus": 2.177749905154921,
    "space_when_behind_bonus": 1.8619181947711854
  },
  "proxy_score": 0.8790322580645161,
  "snapshot_id": "candidate_0021",
  "source": "neighbor_of_base_3",
  "speed_penalty": 0.04985331597832787
}
