{
  "created_process_s": 1.198419725,
  "created_wall_s": 1.1961704270070186,
  "label": "base2_neighbor_4",
  "objective": 0.8790322580645161,
  "paired_score": 0.0,
  "params": {
    "access_bonus": 1.374686880821577,
    "china_asia_target_bonus": 1.3162178847543242,
    "china_early_penalty": -2.487572888064083,
    "control_break_bonus": 5.547111860357999,
    "country_battleground_bonus": 7.066209174109657,
    "country_europe_core_bonus": 1.846358343688021,
    "country_mid_war_entry_bonus": 2.1141347228825076,
    "country_non_battleground_bonus": 1.1708114371490423,
    "country_region_scale": 4.994433024562657,
    "country_stability_scale": 0.5579628583534649,
    "country_thailand_early_bonus": 6.052456725739595,
    "coup_battleground_bonus": 2.4121708980230343,
    "coup_defcon2_penalty": -8.662302259463345,
    "coup_defcon3_penalty": -2.3879904652254242,
    "coup_mode_bonus": 3.967007374860562,
    "early_region_weights": [
      0.8161900401914435,
      1.3840882154760052,
      1.0306430186868316,
      0.7340306494078471,
      0.42383552988544565,
      0.5534179584683656,
      1.2750405448812718
    ],
    "headline_friendly_bonus": 2.193727461852394,
    "headline_ops_scale": 0.715583162435874,
    "influence_mode_bonus": 6.243394874122579,
    "late_region_weights": [
      1.0322741431147417,
      1.0656070989747246,
      0.8504412295771829,
      0.9463708699159322,
      0.9903157221500012,
      1.146054435357437,
      0.8288567997517634
    ],
    "mid_region_weights": [
      1.0130624227190754,
      1.0331336947552354,
      1.0335451015826964,
      0.9475978237299979,
      1.163729383983461,
      1.3195371589279077,
      0.6893745394128482
    ],
    "ops_card_penalty": 0.1450128850658221,
    "realign_base_penalty": -4.105483576594071,
    "realign_country_scale": 0.5074422484722073,
    "realign_defcon2_bonus": 2.020119267401048,
    "realign_mode_bonus": -1.0335092024660275,
    "space_early_bonus": 1.1283906900882208,
    "space_mode_bonus": 1.0105269012135167,
    "space_offside_bonus": 1.9977568191797856,
    "space_when_behind_bonus": 2.074105235562359
  },
  "proxy_score": 0.8790322580645161,
  "snapshot_id": "candidate_0012",
  "source": "neighbor_of_base_2",
  "speed_penalty": 0.0
}
