{
  "created_process_s": 0.48080568799999995,
  "created_wall_s": 0.4816663630044786,
  "label": "base1_neighbor_3",
  "objective": 0.8780842165147561,
  "paired_score": 0.0,
  "params": {
    "access_bonus": 1.514370687278643,
    "china_asia_target_bonus": 1.4422934516781134,
    "china_early_penalty": -2.650554035928737,
    "control_break_bonus": 5.0690473829458185,
    "country_battleground_bonus": 7.21307787270241,
    "country_europe_core_bonus": 1.9782594221672876,
    "country_mid_war_entry_bonus": 1.9331089265561046,
    "country_non_battleground_bonus": 0.7359034710810568,
    "country_region_scale": 5.068466411115998,
    "country_stability_scale": 0.6449850127475089,
    "country_thailand_early_bonus": 5.789231126437266,
    "coup_battleground_bonus": 2.5403914924327404,
    "coup_defcon2_penalty": -8.282559395873555,
    "coup_defcon3_penalty": -2.7741771156353443,
    "coup_mode_bonus": 3.841847206302618,
    "early_region_weights": [
      0.6582962620411839,
      1.3261033616122022,
      1.1054130983570394,
      0.5773539593473043,
      0.5484814450514984,
      0.8295350206572814,
      1.423460435681577
    ],
    "headline_friendly_bonus": 1.9945182230145506,
    "headline_ops_scale": 0.6930884737587196,
    "influence_mode_bonus": 6.263409225922386,
    "late_region_weights": [
      1.0411924378408814,
      0.9461759740924519,
      0.919264193238635,
      1.053448799837972,
      0.9277882394033576,
      1.0567652991581062,
      0.7146306490539018
    ],
    "mid_region_weights": [
      0.9097185881474892,
      1.0521740034354707,
      1.0722401570912503,
      0.8673783094044661,
      1.2389984020941647,
      1.3857535533003273,
      0.9794101151153817
    ],
    "ops_card_penalty": 0.12095705581019776,
    "realign_base_penalty": -4.356814164837174,
    "realign_country_scale": 0.5255096072945525,
    "realign_defcon2_bonus": 2.146053794567649,
    "realign_mode_bonus": -0.8864561985469857,
    "space_early_bonus": 1.029632946820571,
    "space_mode_bonus": 0.7236895877305785,
    "space_offside_bonus": 1.942237558203571,
    "space_when_behind_bonus": 2.2729744517812804
  },
  "proxy_score": 0.8790322580645161,
  "snapshot_id": "candidate_0004",
  "source": "neighbor_of_base_1",
  "speed_penalty": 0.00948041549760048
}
