{
  "created_process_s": 0.9277924630000001,
  "created_wall_s": 0.9273243229981745,
  "label": "base2_neighbor_1",
  "objective": 0.8441999951312161,
  "paired_score": 0.0,
  "params": {
    "access_bonus": 1.3953229727405483,
    "china_asia_target_bonus": 1.3435306457223597,
    "china_early_penalty": -2.4942671109082926,
    "control_break_bonus": 5.621838511919771,
    "country_battleground_bonus": 7.082815567748452,
    "country_europe_core_bonus": 1.8662936307692704,
    "country_mid_war_entry_bonus": 2.049421013129131,
    "country_non_battleground_bonus": 1.1701825298630013,
    "country_region_scale": 4.945229673469752,
    "country_stability_scale": 0.5736511013319034,
    "country_thailand_early_bonus": 6.095096391249575,
    "coup_battleground_bonus": 2.429376370173759,
    "coup_defcon2_penalty": -8.581733090455531,
    "coup_defcon3_penalty": -2.3905006341821404,
    "coup_mode_bonus": 4.047967957145654,
    "early_region_weights": [
      0.841843344270413,
      1.3554737192947721,
      0.9951831059465159,
      0.7143112859528387,
      0.43914401702011635,
      0.5498516459644675,
      1.273000676138292
    ],
    "headline_friendly_bonus": 2.130398983362616,
    "headline_ops_scale": 0.7004927097032448,
    "influence_mode_bonus": 6.349694982741312,
    "late_region_weights": [
      1.0621280830262507,
      1.0719072497354036,
      0.8386019707535936,
      0.9319731038980517,
      1.0044210317528803,
      1.160793813416532,
      0.8384636978283208
    ],
    "mid_region_weights": [
      1.0478932509208085,
      1.0205936827329123,
      1.0670997475516184,
      0.9578562368923147,
      1.1829488559812815,
      1.3318975561041269,
      0.6905725815214062
    ],
    "ops_card_penalty": 0.14532384800385895,
    "realign_base_penalty": -4.163056370269476,
    "realign_country_scale": 0.5071232254307613,
    "realign_defcon2_bonus": 2.0448022302394597,
    "realign_mode_bonus": -1.1257760871563305,
    "space_early_bonus": 1.1402374912694062,
    "space_mode_bonus": 0.9955512654654168,
    "space_offside_bonus": 1.9618372222595069,
    "space_when_behind_bonus": 2.0884977783049523
  },
  "proxy_score": 0.8467741935483871,
  "snapshot_id": "candidate_0009",
  "source": "neighbor_of_base_2",
  "speed_penalty": 0.025741984171710364
}
