{
  "created_process_s": 1.283492861,
  "created_wall_s": 1.2806827400054317,
  "label": "base2_neighbor_5",
  "objective": 0.8467741935483871,
  "paired_score": 0.0,
  "params": {
    "access_bonus": 1.4154988109486681,
    "china_asia_target_bonus": 1.3443996973100965,
    "china_early_penalty": -2.517769782996379,
    "control_break_bonus": 5.546270754009677,
    "country_battleground_bonus": 7.052125659520259,
    "country_europe_core_bonus": 1.822712545495072,
    "country_mid_war_entry_bonus": 2.095128160223382,
    "country_non_battleground_bonus": 1.108662002018901,
    "country_region_scale": 4.91685667315318,
    "country_stability_scale": 0.5671864578181434,
    "country_thailand_early_bonus": 6.038785146995108,
    "coup_battleground_bonus": 2.4046574435499193,
    "coup_defcon2_penalty": -8.696302993881181,
    "coup_defcon3_penalty": -2.356354081047046,
    "coup_mode_bonus": 4.136325702052612,
    "early_region_weights": [
      0.835800402632622,
      1.3844351681143277,
      1.0106811351440639,
      0.71512899162044,
      0.4419165224898559,
      0.5388199489336452,
      1.2762952435027723
    ],
    "headline_friendly_bonus": 2.1876604294666184,
    "headline_ops_scale": 0.721764804010523,
    "influence_mode_bonus": 6.3342303656514725,
    "late_region_weights": [
      1.034370625308889,
      1.0812547726993726,
      0.8721380392536272,
      0.8873373063107344,
      1.0213709043766348,
      1.1517369232207617,
      0.8586612162635754
    ],
    "mid_region_weights": [
      1.0575344462619942,
      1.0573005172370513,
      1.0618938618562836,
      0.9682535633289484,
      1.1829752890500627,
      1.3278593653186366,
      0.6994033924953578
    ],
    "ops_card_penalty": 0.16148147468335097,
    "realign_base_penalty": -4.159669368990337,
    "realign_country_scale": 0.514962961047152,
    "realign_defcon2_bonus": 2.006561059860305,
    "realign_mode_bonus": -1.0662980780428524,
    "space_early_bonus": 1.1330971190932762,
    "space_mode_bonus": 1.0096000755702395,
    "space_offside_bonus": 1.9264527243763558,
    "space_when_behind_bonus": 2.084317107544703
  },
  "proxy_score": 0.8467741935483871,
  "snapshot_id": "candidate_0013",
  "source": "neighbor_of_base_2",
  "speed_penalty": 0.0
}
