{
  "created_process_s": 0.7509408630000001,
  "created_wall_s": 0.7500616990000708,
  "label": "base1_neighbor_6",
  "objective": 0.843650944780555,
  "paired_score": 0.0,
  "params": {
    "access_bonus": 1.509925539748095,
    "china_asia_target_bonus": 1.423373413086129,
    "china_early_penalty": -2.6387147715333437,
    "control_break_bonus": 5.008734129545856,
    "country_battleground_bonus": 7.126152890226631,
    "country_europe_core_bonus": 1.9503270157357786,
    "country_mid_war_entry_bonus": 1.9368150651682756,
    "country_non_battleground_bonus": 0.7773764619437771,
    "country_region_scale": 5.09353684122382,
    "country_stability_scale": 0.6405867764155475,
    "country_thailand_early_bonus": 5.719014559732841,
    "coup_battleground_bonus": 2.5868110731858645,
    "coup_defcon2_penalty": -8.322423229746683,
    "coup_defcon3_penalty": -2.803622188362048,
    "coup_mode_bonus": 3.827099370495837,
    "early_region_weights": [
      0.6203485161961529,
      1.321886018917734,
      1.1073453723208353,
      0.5782297181750318,
      0.5514272434047008,
      0.8029107816834894,
      1.409925247836216
    ],
    "headline_friendly_bonus": 2.05839166154898,
    "headline_ops_scale": 0.7061284951822707,
    "influence_mode_bonus": 6.347895525093369,
    "late_region_weights": [
      1.0448472803044722,
      0.9332744233029515,
      0.9121512677877286,
      1.0409745205002576,
      0.9664829725857095,
      1.059586265033737,
      0.6790779814392888
    ],
    "mid_region_weights": [
      0.9463830514089935,
      1.0321538281546787,
      1.0819471956726443,
      0.829747499059698,
      1.2071239662912954,
      1.3481622201335965,
      0.9609526472584907
    ],
    "ops_card_penalty": 0.12207445141369061,
    "realign_base_penalty": -4.33912112676054,
    "realign_country_scale": 0.5159942073218965,
    "realign_defcon2_bonus": 2.195139184746596,
    "realign_mode_bonus": -0.9071498457844358,
    "space_early_bonus": 1.0349664003256993,
    "space_mode_bonus": 0.7031386775042394,
    "space_offside_bonus": 1.9158499787759238,
    "space_when_behind_bonus": 2.267141117104009
  },
  "proxy_score": 0.8467741935483871,
  "snapshot_id": "candidate_0007",
  "source": "neighbor_of_base_1",
  "speed_penalty": 0.031232487678321208
}
