{
  "created_process_s": 0.39429691,
  "created_wall_s": 0.3957151159993373,
  "label": "base1_neighbor_2",
  "objective": 0.8790322580645161,
  "paired_score": 0.0,
  "params": {
    "access_bonus": 1.4766067967954741,
    "china_asia_target_bonus": 1.4287848096194071,
    "china_early_penalty": -2.6694744855698023,
    "control_break_bonus": 5.0621668536761195,
    "country_battleground_bonus": 7.23493518635642,
    "country_europe_core_bonus": 1.9773272602787149,
    "country_mid_war_entry_bonus": 1.9249738684175275,
    "country_non_battleground_bonus": 0.771129766110937,
    "country_region_scale": 5.04500183208499,
    "country_stability_scale": 0.6539177645144859,
    "country_thailand_early_bonus": 5.7171819200769844,
    "coup_battleground_bonus": 2.570757106592581,
    "coup_defcon2_penalty": -8.342176746640748,
    "coup_defcon3_penalty": -2.7414202385371573,
    "coup_mode_bonus": 3.8249510031963023,
    "early_region_weights": [
      0.6038318924861871,
      1.320880830518397,
      1.1049699962513415,
      0.5720446516455123,
      0.5679454915421887,
      0.8169812878404,
      1.4380901675972602
    ],
    "headline_friendly_bonus": 2.016881767788921,
    "headline_ops_scale": 0.7067205517119857,
    "influence_mode_bonus": 6.328491102404488,
    "late_region_weights": [
      1.0310092004929639,
      0.9600636306601734,
      0.9293927828456692,
      1.0492908472970632,
      0.9326931095695273,
      1.052555970818202,
      0.7037867956947329
    ],
    "mid_region_weights": [
      0.9403041873277376,
      1.0133829915441015,
      1.0933498242731783,
      0.8536652596224743,
      1.23836751299985,
      1.3721831008039804,
      0.9661963138655204
    ],
    "ops_card_penalty": 0.11888833652298776,
    "realign_base_penalty": -4.374952424998035,
    "realign_country_scale": 0.5119368212094092,
    "realign_defcon2_bonus": 2.145573352676456,
    "realign_mode_bonus": -0.9789500905568617,
    "space_early_bonus": 1.057501395052065,
    "space_mode_bonus": 0.7139304872843559,
    "space_offside_bonus": 1.9664559967860553,
    "space_when_behind_bonus": 2.2439357947332566
  },
  "proxy_score": 0.8790322580645161,
  "snapshot_id": "candidate_0003",
  "source": "neighbor_of_base_1",
  "speed_penalty": 0.0
}
