{
  "created_process_s": 1.55257676,
  "created_wall_s": 1.5508116349956254,
  "label": "base3_neighbor_1",
  "objective": 0.8745110427694864,
  "paired_score": 0.0,
  "params": {
    "access_bonus": 1.4622054747197395,
    "china_asia_target_bonus": 1.3853167188549036,
    "china_early_penalty": -2.4642919055158132,
    "control_break_bonus": 5.31234185855631,
    "country_battleground_bonus": 6.933718361627406,
    "country_europe_core_bonus": 2.033142823430803,
    "country_mid_war_entry_bonus": 2.0875885885947336,
    "country_non_battleground_bonus": 1.2217513779414981,
    "country_region_scale": 5.012189167140889,
    "country_stability_scale": 0.531529186951296,
    "country_thailand_early_bonus": 5.862454089574831,
    "coup_battleground_bonus": 2.6708277765631903,
    "coup_defcon2_penalty": -8.03551005567777,
    "coup_defcon3_penalty": -2.5134735307684153,
    "coup_mode_bonus": 3.4814456940011755,
    "early_region_weights": [
      0.8715866593779377,
      1.2568007119108537,
      1.0414108864373994,
      0.6964275964452519,
      0.391369034268253,
      0.5657244722361133,
      1.2987245815268085
    ],
    "headline_friendly_bonus": 1.696000733382592,
    "headline_ops_scale": 0.8581341874533818,
    "influence_mode_bonus": 5.980686537519422,
    "late_region_weights": [
      1.1260712477272623,
      1.0024914480600762,
      1.000298432190569,
      0.9513803581475694,
      1.1886585579873061,
      0.9601743313316554,
      0.6784377058241848
    ],
    "mid_region_weights": [
      0.886618974446562,
      0.9935388865723063,
      0.9771573874078199,
      0.8834335056439936,
      1.140178127989668,
      1.2011619995060434,
      0.7250483462561662
    ],
    "ops_card_penalty": 0.19372684841268237,
    "realign_base_penalty": -3.9902087704754883,
    "realign_country_scale": 0.5757768018253385,
    "realign_defcon2_bonus": 1.9024360673084677,
    "realign_mode_bonus": -1.0330572767488102,
    "space_early_bonus": 0.9284210603295893,
    "space_mode_bonus": 0.8848830989818846,
    "space_offside_bonus": 2.087672896096721,
    "space_when_behind_bonus": 1.8563086469656758
  },
  "proxy_score": 0.8790322580645161,
  "snapshot_id": "candidate_0016",
  "source": "neighbor_of_base_3",
  "speed_penalty": 0.04521215295029668
}
