{
  "ussr": {
    "wr": 0.43,
    "wins": 215,
    "games": 500,
    "elapsed": 36.09489334397949
  },
  "us": {
    "wr": 0.178,
    "wins": 89,
    "games": 500,
    "elapsed": 29.197949994995724
  },
  "combined": 0.304
}