{
  "created_process_s": 0.310055812,
  "created_wall_s": 5.4125583179993555,
  "label": "random_94",
  "objective": 0.8277435144184819,
  "paired_score": 0.0,
  "params": {
    "access_bonus": 1.373556365523952,
    "china_asia_target_bonus": 1.4518584294222967,
    "china_early_penalty": -2.647236200253256,
    "control_break_bonus": 5.326985550614731,
    "country_battleground_bonus": 7.037151875258381,
    "country_europe_core_bonus": 1.8008743065863455,
    "country_mid_war_entry_bonus": 2.0560796098234184,
    "country_non_battleground_bonus": 1.0555609314927121,
    "country_region_scale": 5.215525409187876,
    "country_stability_scale": 0.614767775044095,
    "country_thailand_early_bonus": 5.7598185835467675,
    "coup_battleground_bonus": 2.2101465877601227,
    "coup_defcon2_penalty": -7.795928888696518,
    "coup_defcon3_penalty": -2.5053352317928286,
    "coup_mode_bonus": 4.127482281397713,
    "early_region_weights": [
      0.916301246914091,
      1.348413541885553,
      1.1968087227470563,
      0.507697477414222,
      0.6720836978531769,
      0.6612104611601218,
      1.0949789043822271
    ],
    "headline_friendly_bonus": 1.901638698200008,
    "headline_ops_scale": 0.8093514873897906,
    "influence_mode_bonus": 5.542302488850863,
    "late_region_weights": [
      1.2531977726388368,
      0.93658969894043,
      0.8078858300788003,
      0.9916373672481098,
      1.1838351611661841,
      0.9358058787666585,
      0.7100094498224218
    ],
    "mid_region_weights": [
      0.7997550357602311,
      1.0340354996368233,
      0.9456375365061109,
      0.9717964338034087,
      1.2609427730797274,
      1.1600159148478832,
      0.9371394744037622
    ],
    "ops_card_penalty": 0.14304287866123805,
    "realign_base_penalty": -3.8529992583011086,
    "realign_country_scale": 0.5935713169480645,
    "realign_defcon2_bonus": 1.9297250028672845,
    "realign_mode_bonus": -1.0493094038896804,
    "space_early_bonus": 0.9470974379686294,
    "space_mode_bonus": 1.2454177678074196,
    "space_offside_bonus": 2.124083629838174,
    "space_when_behind_bonus": 1.9105292095428026
  },
  "proxy_score": 0.8467741935483871,
  "snapshot_id": "candidate_0094",
  "source": "random_proxy_search",
  "speed_penalty": 0.1903067912990517
}
