{
  "created_process_s": 4.757213922,
  "created_wall_s": 9.867405088996748,
  "label": "spsa_15_minus",
  "objective": 0.7989725389829982,
  "paired_score": 0.0,
  "params": {
    "access_bonus": 1.5819697112508713,
    "china_asia_target_bonus": 1.4610375646109182,
    "china_early_penalty": -2.4913242036510588,
    "control_break_bonus": 5.193113608245117,
    "country_battleground_bonus": 7.094861661732945,
    "country_europe_core_bonus": 1.9499536645581141,
    "country_mid_war_entry_bonus": 2.069097738096263,
    "country_non_battleground_bonus": 0.8552755596678877,
    "country_region_scale": 4.959915048410435,
    "country_stability_scale": 0.6996224250627869,
    "country_thailand_early_bonus": 5.846638301849344,
    "coup_battleground_bonus": 2.4698575917318912,
    "coup_defcon2_penalty": -7.6965640000640105,
    "coup_defcon3_penalty": -2.8762989442107174,
    "coup_mode_bonus": 3.9589616139408137,
    "early_region_weights": [
      0.8814668886953188,
      1.2368144848866465,
      0.9192817646063862,
      0.44916760861674715,
      0.5785177084385023,
      0.5993515497016241,
      1.2428734540040192
    ],
    "headline_friendly_bonus": 2.003762253803889,
    "headline_ops_scale": 0.7681471462518742,
    "influence_mode_bonus": 5.817962511048543,
    "late_region_weights": [
      1.1981580110715795,
      0.9724926011479708,
      0.9010235091787655,
      1.1100559067786173,
      1.1091051665737657,
      0.8991583181103632,
      0.8974295508785748
    ],
    "mid_region_weights": [
      1.065288818435409,
      1.0915864412700245,
      0.935048449135152,
      0.8071076279370345,
      1.1800601150708094,
      1.2644430192775526,
      0.8985756636935828
    ],
    "ops_card_penalty": 0.17206339446458874,
    "realign_base_penalty": -3.824726721331357,
    "realign_country_scale": 0.5941913002618162,
    "realign_defcon2_bonus": 1.8906236399321075,
    "realign_mode_bonus": -0.9096535810078682,
    "space_early_bonus": 0.8172580168538817,
    "space_mode_bonus": 0.9376341343226947,
    "space_offside_bonus": 1.8780239763896074,
    "space_when_behind_bonus": 1.9390013529870571
  },
  "proxy_score": 0.8467741935483871,
  "snapshot_id": "candidate_0150",
  "source": "proxy_spsa",
  "speed_penalty": 0.4780165456538885
}
