{
  "created_process_s": 3.853320612,
  "created_wall_s": 8.962500413996167,
  "label": "spsa_12_plus",
  "objective": 0.825594386733467,
  "paired_score": 0.0,
  "params": {
    "access_bonus": 1.565563490520612,
    "china_asia_target_bonus": 1.4616470895078713,
    "china_early_penalty": -2.4901051538571526,
    "control_break_bonus": 5.2259260497056355,
    "country_battleground_bonus": 7.067517960515846,
    "country_europe_core_bonus": 1.9608911450449538,
    "country_mid_war_entry_bonus": 2.06848821319931,
    "country_non_battleground_bonus": 0.8561898470133174,
    "country_region_scale": 4.932571347193337,
    "country_stability_scale": 0.6999271875112635,
    "country_thailand_early_bonus": 5.84785735164325,
    "coup_battleground_bonus": 2.4710766415257974,
    "coup_defcon2_penalty": -7.652814078116652,
    "coup_defcon3_penalty": -2.874775131968335,
    "coup_mode_bonus": 3.926149172480295,
    "early_region_weights": [
      0.8820764135922717,
      1.247751965373486,
      0.9198912895033392,
      0.4601050891035866,
      0.5779081835415493,
      0.5987420248046711,
      1.2538109344908588
    ],
    "headline_friendly_bonus": 2.0201684745341484,
    "headline_ops_scale": 0.7626784060084544,
    "influence_mode_bonus": 5.850774952509061,
    "late_region_weights": [
      1.1975484861746264,
      0.9718830762510178,
      0.9004139842818125,
      1.1094463818816642,
      1.1084956416768126,
      0.8882208376235237,
      0.8968200259816218
    ],
    "mid_region_weights": [
      1.064679293538456,
      1.0921959661669776,
      0.934438924238199,
      0.8064981030400815,
      1.1794505901738563,
      1.2638334943805996,
      0.9095131441804223
    ],
    "ops_card_penalty": 0.17224625193367465,
    "realign_base_penalty": -3.797383020114258,
    "realign_country_scale": 0.599660040505236,
    "realign_defcon2_bonus": 1.889709352586678,
    "realign_mode_bonus": -0.9084345312139621,
    "space_early_bonus": 0.8281954973407212,
    "space_mode_bonus": 0.9364150845287886,
    "space_offside_bonus": 1.861617755659348,
    "space_when_behind_bonus": 1.9554075737173164
  },
  "proxy_score": 0.8790322580645161,
  "snapshot_id": "candidate_0143",
  "source": "proxy_spsa",
  "speed_penalty": 0.5343787133104918
}
