{
  "created_process_s": 0.30694257,
  "created_wall_s": 5.4094405559881125,
  "label": "random_88",
  "objective": 0.8467741935483871,
  "paired_score": 0.0,
  "params": {
    "access_bonus": 1.554585281035097,
    "china_asia_target_bonus": 1.5482647480497824,
    "china_early_penalty": -2.6585407477523364,
    "control_break_bonus": 5.13011081180209,
    "country_battleground_bonus": 7.1579858225491755,
    "country_europe_core_bonus": 1.901936142833078,
    "country_mid_war_entry_bonus": 1.8878252703292846,
    "country_non_battleground_bonus": 1.291833005251966,
    "country_region_scale": 5.205710155725673,
    "country_stability_scale": 0.6656104700058334,
    "country_thailand_early_bonus": 6.197451093306045,
    "coup_battleground_bonus": 2.270777554321853,
    "coup_defcon2_penalty": -7.488062668660822,
    "coup_defcon3_penalty": -2.0031013231306676,
    "coup_mode_bonus": 3.874376329635657,
    "early_region_weights": [
      0.8399229738998796,
      1.2249888710189736,
      1.119800664348226,
      0.5377882842561534,
      0.5169029422494948,
      0.6063520682441672,
      1.176330681628833
    ],
    "headline_friendly_bonus": 2.005982274646209,
    "headline_ops_scale": 0.7582317659730365,
    "influence_mode_bonus": 6.076393177780958,
    "late_region_weights": [
      0.8986753381334491,
      1.0220726937299345,
      0.9956412847010861,
      0.9858232674348891,
      1.0494510856359642,
      0.9929020345334568,
      0.7350940382764752
    ],
    "mid_region_weights": [
      1.0066209054901454,
      0.8923516803843037,
      1.0953317817149328,
      0.9025048089510488,
      1.147100307380848,
      1.3872860663996034,
      0.9347511226910126
    ],
    "ops_card_penalty": 0.18720807585542298,
    "realign_base_penalty": -3.7311677927307847,
    "realign_country_scale": 0.5820181158780964,
    "realign_defcon2_bonus": 1.7917722048260538,
    "realign_mode_bonus": -1.3590187804463445,
    "space_early_bonus": 1.0124351990179454,
    "space_mode_bonus": 0.9712930237592334,
    "space_offside_bonus": 1.7029183524359,
    "space_when_behind_bonus": 2.000008461711556
  },
  "proxy_score": 0.8467741935483871,
  "snapshot_id": "candidate_0088",
  "source": "random_proxy_search",
  "speed_penalty": 0.0
}
