{
  "created_process_s": 0.30100491700000004,
  "created_wall_s": 5.403496526996605,
  "label": "random_78",
  "objective": 0.739560257429058,
  "paired_score": 0.0,
  "params": {
    "access_bonus": 1.4934936712415483,
    "china_asia_target_bonus": 1.5134628068162024,
    "china_early_penalty": -2.5506002839753386,
    "control_break_bonus": 5.571977047310316,
    "country_battleground_bonus": 6.727496256895618,
    "country_europe_core_bonus": 2.032030218957794,
    "country_mid_war_entry_bonus": 1.8359473869440244,
    "country_non_battleground_bonus": 1.0497496916340885,
    "country_region_scale": 4.73562327349175,
    "country_stability_scale": 0.5841399545352368,
    "country_thailand_early_bonus": 6.0107319361787654,
    "coup_battleground_bonus": 2.424441185656364,
    "coup_defcon2_penalty": -7.640925535595361,
    "coup_defcon3_penalty": -2.4565375034697046,
    "coup_mode_bonus": 4.513709530785475,
    "early_region_weights": [
      0.7901225841625439,
      1.3672414333646634,
      1.1140464019529082,
      0.4770329718094843,
      0.6789720709298097,
      0.6627979352885303,
      1.3360230727093696
    ],
    "headline_friendly_bonus": 1.9639443747313607,
    "headline_ops_scale": 0.7251791266746499,
    "influence_mode_bonus": 5.820363716436906,
    "late_region_weights": [
      0.9375904722432714,
      1.0029464376662571,
      0.8501132320004655,
      1.1928229589881774,
      1.061323138790999,
      0.9488052415190726,
      0.7870156855624266
    ],
    "mid_region_weights": [
      0.9960450532793167,
      0.9532750280528659,
      1.1587608663564248,
      0.9711821922744017,
      1.2997658306980735,
      1.3201512900950283,
      0.9140684357051588
    ],
    "ops_card_penalty": 0.226515361604972,
    "realign_base_penalty": -4.624060165833548,
    "realign_country_scale": 0.5219064310507704,
    "realign_defcon2_bonus": 2.03827010971787,
    "realign_mode_bonus": -1.4560280986430278,
    "space_early_bonus": 0.9994369703527144,
    "space_mode_bonus": 0.9060451122352845,
    "space_offside_bonus": 1.9491826964663224,
    "space_when_behind_bonus": 2.179834625847748
  },
  "proxy_score": 0.782258064516129,
  "snapshot_id": "candidate_0078",
  "source": "random_proxy_search",
  "speed_penalty": 0.42697807087071027
}
