{
  "created_process_s": 1.0559264099999999,
  "created_wall_s": 6.159280476989807,
  "label": "spsa_2_minus",
  "objective": 0.7965225513457959,
  "paired_score": 0.0,
  "params": {
    "access_bonus": 1.5530105411228599,
    "china_asia_target_bonus": 1.4417314511922439,
    "china_early_penalty": -2.5299364304884073,
    "control_break_bonus": 5.166179134758754,
    "country_battleground_bonus": 7.046596378186259,
    "country_europe_core_bonus": 1.9692597779767884,
    "country_mid_war_entry_bonus": 2.0884038515149372,
    "country_non_battleground_bonus": 0.8687427964110693,
    "country_region_scale": 4.91164976486375,
    "country_stability_scale": 0.7041115039771808,
    "country_thailand_early_bonus": 5.86459461750692,
    "coup_battleground_bonus": 2.4312453648945427,
    "coup_defcon2_penalty": -7.619339546389313,
    "coup_defcon3_penalty": -2.8538535496387483,
    "coup_mode_bonus": 3.901043273684791,
    "early_region_weights": [
      0.8904450465241064,
      1.2561205983053207,
      0.9282599224351739,
      0.4684737220354213,
      0.5695395506097146,
      0.6186576631202982,
      1.2621795674226934
    ],
    "headline_friendly_bonus": 2.0327214239319003,
    "headline_ops_scale": 0.758494089542537,
    "influence_mode_bonus": 5.79102803756218,
    "late_region_weights": [
      1.2174641244902538,
      0.9917987145666449,
      0.8920453513499779,
      1.1293620201972916,
      1.12841127999244,
      0.879852204691689,
      0.916735664297249
    ],
    "mid_region_weights": [
      1.0845949318540833,
      1.1005645990988122,
      0.9543545625538261,
      0.8264137413557087,
      1.1710819572420217,
      1.255464861448765,
      0.8895975058647951
    ],
    "ops_card_penalty": 0.17475684181322507,
    "realign_base_penalty": -3.847172115903326,
    "realign_country_scale": 0.6038443569711534,
    "realign_defcon2_bonus": 1.9195828100601189,
    "realign_mode_bonus": -0.8916972653502927,
    "space_early_bonus": 0.8365641302725558,
    "space_mode_bonus": 0.976246361160043,
    "space_offside_bonus": 1.849064806261596,
    "space_when_behind_bonus": 1.9679605231150685
  },
  "proxy_score": 0.8790322580645161,
  "snapshot_id": "candidate_0124",
  "source": "proxy_spsa",
  "speed_penalty": 0.825097067187202
}
