{
  "created_process_s": 2.495579349,
  "created_wall_s": 7.600669485997059,
  "label": "spsa_7_plus",
  "objective": 0.8153688777621325,
  "paired_score": 0.0,
  "params": {
    "access_bonus": 1.5855626787487331,
    "china_asia_target_bonus": 1.4483142973557903,
    "china_early_penalty": -2.486533580320576,
    "control_break_bonus": 5.231283410010501,
    "country_battleground_bonus": 7.063053493595125,
    "country_europe_core_bonus": 1.9475583528928728,
    "country_mid_war_entry_bonus": 2.0818210053513906,
    "country_non_battleground_bonus": 0.8588685271657497,
    "country_region_scale": 4.928106880272615,
    "country_stability_scale": 0.7008200808954076,
    "country_thailand_early_bonus": 5.821191767339089,
    "coup_battleground_bonus": 2.474648215062374,
    "coup_defcon2_penalty": -7.706145246724976,
    "coup_defcon3_penalty": -2.908107112348537,
    "coup_mode_bonus": 3.9207918121754304,
    "early_region_weights": [
      0.8687436214401909,
      1.2344191732214052,
      0.9216770762716275,
      0.44677229695150583,
      0.5912409756936301,
      0.6120748169567519,
      1.2404781423387778
    ],
    "headline_friendly_bonus": 2.022847154686581,
    "headline_ops_scale": 0.7693448020844948,
    "influence_mode_bonus": 5.8107765760528185,
    "late_region_weights": [
      1.2108812783267073,
      0.9852158684030986,
      0.8986281975135242,
      1.1227791740337452,
      1.1218284338288935,
      0.8864350508552353,
      0.9101528181337026
    ],
    "mid_region_weights": [
      1.0628935067701677,
      1.0788631740148966,
      0.9477717163902798,
      0.8198308951921623,
      1.1776648034055681,
      1.2620477076123113,
      0.9112989309487106
    ],
    "ops_card_penalty": 0.1682464142880504,
    "realign_base_penalty": -3.7929185531935374,
    "realign_country_scale": 0.6005529338893801,
    "realign_defcon2_bonus": 1.8870306724342456,
    "realign_mode_bonus": -0.9048629576773856,
    "space_early_bonus": 0.8148627051886403,
    "space_mode_bonus": 0.9328435109922121,
    "space_offside_bonus": 1.8589390755069157,
    "space_when_behind_bonus": 1.9354083854891952
  },
  "proxy_score": 0.8790322580645161,
  "snapshot_id": "candidate_0133",
  "source": "proxy_spsa",
  "speed_penalty": 0.6366338030238365
}
