{
  "created_process_s": 0.30869312,
  "created_wall_s": 5.4111932259984314,
  "label": "random_91",
  "objective": 0.8599581902116931,
  "paired_score": 0.0,
  "params": {
    "access_bonus": 1.415267813886792,
    "china_asia_target_bonus": 1.3251963884362128,
    "china_early_penalty": -2.526784277627041,
    "control_break_bonus": 5.538593509300308,
    "country_battleground_bonus": 7.071993687167457,
    "country_europe_core_bonus": 1.8407554432763846,
    "country_mid_war_entry_bonus": 2.0812796281484784,
    "country_non_battleground_bonus": 1.1404518076466492,
    "country_region_scale": 4.907030836841411,
    "country_stability_scale": 0.5595792017908799,
    "country_thailand_early_bonus": 6.058582200113737,
    "coup_battleground_bonus": 2.3991376116366996,
    "coup_defcon2_penalty": -8.656049050294818,
    "coup_defcon3_penalty": -2.3745654575979955,
    "coup_mode_bonus": 4.046495732193155,
    "early_region_weights": [
      0.8493934480037423,
      1.361604389802332,
      1.0218517737189372,
      0.7220545470924365,
      0.4412524894159333,
      0.5539572054377959,
      1.2676929285304432
    ],
    "headline_friendly_bonus": 2.1602577870364765,
    "headline_ops_scale": 0.7177362870201223,
    "influence_mode_bonus": 6.304678478209464,
    "late_region_weights": [
      1.0518153134762587,
      1.068394329342049,
      0.8464502494135953,
      0.9225552527201524,
      1.01010056282652,
      1.1459590535631707,
      0.8347250863738764
    ],
    "mid_region_weights": [
      1.0251392185360404,
      1.0441787290586855,
      1.0420609709547635,
      0.9607888556769257,
      1.1822377613151098,
      1.3257817069880506,
      0.6948067412535726
    ],
    "ops_card_penalty": 0.1533842019953339,
    "realign_base_penalty": -4.149829803642048,
    "realign_country_scale": 0.5124991276287245,
    "realign_defcon2_bonus": 2.0461153802630934,
    "realign_mode_bonus": -1.0648455329058704,
    "space_early_bonus": 1.1340941784373781,
    "space_mode_bonus": 1.036636702459317,
    "space_offside_bonus": 1.9628511845045409,
    "space_when_behind_bonus": 2.062217423201523
  },
  "proxy_score": 0.8790322580645161,
  "snapshot_id": "candidate_0091",
  "source": "random_proxy_search",
  "speed_penalty": 0.19074067852823084
}
