{
  "created_process_s": 5.296335621000001,
  "created_wall_s": 10.407097581992275,
  "label": "spsa_17_minus",
  "objective": 0.750939572270498,
  "paired_score": 0.0,
  "params": {
    "access_bonus": 1.5669476758073664,
    "china_asia_target_bonus": 1.4510228743152482,
    "china_early_penalty": -2.5113535842423986,
    "control_break_bonus": 5.194053404127767,
    "country_battleground_bonus": 7.094078498497403,
    "country_europe_core_bonus": 1.959968354853784,
    "country_mid_war_entry_bonus": 2.0694110033904796,
    "country_non_battleground_bonus": 0.8548056617265629,
    "country_region_scale": 4.959131885174894,
    "country_stability_scale": 0.694615079914952,
    "country_thailand_early_bonus": 5.826608921258004,
    "coup_battleground_bonus": 2.469231061143458,
    "coup_defcon2_penalty": -7.656505238881331,
    "coup_defcon3_penalty": -2.877082107446259,
    "coup_mode_bonus": 3.958021818058164,
    "early_region_weights": [
      0.8811536234011021,
      1.2468291751823164,
      0.9189684993121696,
      0.459182298912417,
      0.5885323987341722,
      0.5996648149958407,
      1.252888144299689
    ],
    "headline_friendly_bonus": 2.004232151745214,
    "headline_ops_scale": 0.7679905136047659,
    "influence_mode_bonus": 5.848006581935552,
    "late_region_weights": [
      1.2081727013672494,
      0.9728058664421874,
      0.9013367744729821,
      1.1200705970742872,
      1.1191198568694356,
      0.8988450528161466,
      0.9074442411742447
    ],
    "mid_region_weights": [
      1.075303508731079,
      1.0912731759758079,
      0.9353617144293686,
      0.8074208932312511,
      1.1900748053664794,
      1.2647562845717693,
      0.9085903539892527
    ],
    "ops_card_penalty": 0.17196941487632378,
    "realign_base_penalty": -3.7996899955921823,
    "realign_country_scale": 0.5943479329089245,
    "realign_defcon2_bonus": 1.9056456753756124,
    "realign_mode_bonus": -0.9296829615992079,
    "space_early_bonus": 0.8272727071495516,
    "space_mode_bonus": 0.9382606649111278,
    "space_offside_bonus": 1.8630019409461025,
    "space_when_behind_bonus": 1.939471250928382
  },
  "proxy_score": 0.8145161290322581,
  "snapshot_id": "candidate_0154",
  "source": "proxy_spsa",
  "speed_penalty": 0.6357655676176008
}
