{
  "created_process_s": 0.546949091,
  "created_wall_s": 5.649722387999645,
  "label": "spsa_1_plus",
  "objective": 0.7080369931848475,
  "paired_score": 0.0,
  "params": {
    "access_bonus": 1.5442237445584563,
    "china_asia_target_bonus": 1.4358735868159749,
    "china_early_penalty": -2.4616521592409453,
    "control_break_bonus": 5.268605541629946,
    "country_battleground_bonus": 7.031951717245587,
    "country_europe_core_bonus": 1.9751176423530574,
    "country_mid_war_entry_bonus": 2.0942617158912062,
    "country_non_battleground_bonus": 0.8175295929754729,
    "country_region_scale": 4.997005103923077,
    "country_stability_scale": 0.7070404361653153,
    "country_thailand_early_bonus": 5.876310346259458,
    "coup_battleground_bonus": 2.4995296361420047,
    "coup_defcon2_penalty": -7.7559080888842376,
    "coup_defcon3_penalty": -2.9392088886980754,
    "coup_mode_bonus": 4.003469680555984,
    "early_region_weights": [
      0.8563029109003755,
      1.2219784626815897,
      0.934117786811443,
      0.43433158641169034,
      0.5636816862334455,
      0.6245155274965674,
      1.2680374317989624
    ],
    "headline_friendly_bonus": 1.981508220496304,
    "headline_ops_scale": 0.7755651573544026,
    "influence_mode_bonus": 5.773454444433373,
    "late_region_weights": [
      1.1833219888665227,
      0.957656578942914,
      0.9261874869737088,
      1.0952198845735606,
      1.094269144368709,
      0.8739943403154199,
      0.882593528673518
    ],
    "mid_region_weights": [
      1.0504527962303523,
      1.0664224634750812,
      0.9602124269300952,
      0.8322716057319778,
      1.2052240928657527,
      1.289606997072496,
      0.883739641488526
    ],
    "ops_card_penalty": 0.16451420112610576,
    "realign_base_penalty": -3.761816776843999,
    "realign_country_scale": 0.6067732891592879,
    "realign_defcon2_bonus": 1.9283696066245224,
    "realign_mode_bonus": -0.8799815365977546,
    "space_early_bonus": 0.842421994648825,
    "space_mode_bonus": 0.9079620899125811,
    "space_offside_bonus": 1.8402780096971925,
    "space_when_behind_bonus": 1.916747319679472
  },
  "proxy_score": 0.8467741935483871,
  "snapshot_id": "candidate_0121",
  "source": "proxy_spsa",
  "speed_penalty": 1.387372003635396
}
