{
  "created_process_s": 2.081854201,
  "created_wall_s": 7.186486013990361,
  "label": "spsa_5_minus",
  "objective": 0.777041401152022,
  "paired_score": 0.0,
  "params": {
    "access_bonus": 1.5608073366934576,
    "china_asia_target_bonus": 1.4469293149059756,
    "china_early_penalty": -2.483763615420947,
    "control_break_bonus": 5.235438357359944,
    "country_battleground_bonus": 7.059591037470589,
    "country_europe_core_bonus": 1.9640619142630567,
    "country_mid_war_entry_bonus": 2.065317443981207,
    "country_non_battleground_bonus": 0.8609460008404717,
    "country_region_scale": 4.924644424148079,
    "country_stability_scale": 0.6925683002103157,
    "country_thailand_early_bonus": 5.81842180243946,
    "coup_battleground_bonus": 2.477418179962003,
    "coup_defcon2_penalty": -7.7116851765242345,
    "coup_defcon3_penalty": -2.9115695684730736,
    "coup_mode_bonus": 3.9703024962859814,
    "early_region_weights": [
      0.8852471828103746,
      1.2330341907715905,
      0.9230620587214421,
      0.4632758583216895,
      0.5747374143234464,
      0.6134597994065665,
      1.2390931598889632
    ],
    "headline_friendly_bonus": 1.9980918126313052,
    "headline_ops_scale": 0.7610930213994029,
    "influence_mode_bonus": 5.8602872601633695,
    "late_region_weights": [
      1.1943777169565235,
      0.9866008508529132,
      0.9151317588837079,
      1.1241641564835598,
      1.1053248724587097,
      0.902938612225419,
      0.9115378005835172
    ],
    "mid_region_weights": [
      1.0793970681403515,
      1.0953667353850804,
      0.9312681550200961,
      0.8033273338219786,
      1.1762798209557535,
      1.2606627251624967,
      0.9126839133985252
    ],
    "ops_card_penalty": 0.1731974826991055,
    "realign_base_penalty": -3.7894560970690008,
    "realign_country_scale": 0.6012454251142875,
    "realign_defcon2_bonus": 1.8849531987595236,
    "realign_mode_bonus": -0.9020929927777563,
    "space_early_bonus": 0.8134777227388258,
    "space_mode_bonus": 0.9300735460925829,
    "space_offside_bonus": 1.8568616018321937,
    "space_when_behind_bonus": 1.9333309118144733
  },
  "proxy_score": 0.8467741935483871,
  "snapshot_id": "candidate_0130",
  "source": "proxy_spsa",
  "speed_penalty": 0.697327923963651
}
