{
  "created_process_s": 6.2981715760000005,
  "created_wall_s": 11.410005358993658,
  "label": "spsa_21_minus",
  "objective": 0.7987746549545304,
  "paired_score": 0.0,
  "params": {
    "access_bonus": 1.5807702812655362,
    "china_asia_target_bonus": 1.451509229011255,
    "china_early_penalty": -2.510380874850385,
    "control_break_bonus": 5.221698615044106,
    "country_battleground_bonus": 7.071040822733787,
    "country_europe_core_bonus": 1.9507532845483375,
    "country_mid_war_entry_bonus": 2.078626073695926,
    "country_non_battleground_bonus": 0.8540761296825526,
    "country_region_scale": 4.936094209411277,
    "country_stability_scale": 0.6992226150676752,
    "country_thailand_early_bonus": 5.827581630650018,
    "coup_battleground_bonus": 2.450800920532565,
    "coup_defcon2_penalty": -7.658450657665358,
    "coup_defcon3_penalty": -2.878297994186276,
    "coup_mode_bonus": 3.9565627539701436,
    "early_region_weights": [
      0.8806672687050954,
      1.2463428204863096,
      0.9097534290067231,
      0.4586959442164102,
      0.5793173284287256,
      0.6001511696918475,
      1.2436730739942425
    ],
    "headline_friendly_bonus": 2.018054757203384,
    "headline_ops_scale": 0.7633829784520426,
    "influence_mode_bonus": 5.820361371019213,
    "late_region_weights": [
      1.1989576310618029,
      0.9732922211381941,
      0.9105518447784287,
      1.1108555267688407,
      1.109904786563989,
      0.8896299825107,
      0.8982291708687982
    ],
    "mid_region_weights": [
      1.0660884384256324,
      1.090786821279801,
      0.9358480691253753,
      0.8166359635366977,
      1.1808597350610328,
      1.2739713548772158,
      0.9081039992932459
    ],
    "ops_card_penalty": 0.17182350846752173,
    "realign_base_penalty": -3.800905882332199,
    "realign_country_scale": 0.5989554680616478,
    "realign_defcon2_bonus": 1.9049161433316022,
    "realign_mode_bonus": -0.9287102522071943,
    "space_early_bonus": 0.8267863524535448,
    "space_mode_bonus": 0.9566908055220208,
    "space_offside_bonus": 1.8637314729901127,
    "space_when_behind_bonus": 1.9532938563865518
  },
  "proxy_score": 0.8467741935483871,
  "snapshot_id": "candidate_0162",
  "source": "proxy_spsa",
  "speed_penalty": 0.4799953859385675
}
