{
  "created_process_s": 0.255336861,
  "created_wall_s": 5.357718721992569,
  "label": "random_7",
  "objective": 0.8145161290322581,
  "paired_score": 0.0,
  "params": {
    "access_bonus": 1.3739573378674839,
    "china_asia_target_bonus": 1.5633191601209933,
    "china_early_penalty": -2.313397532902204,
    "control_break_bonus": 5.271843430080086,
    "country_battleground_bonus": 7.076699043634741,
    "country_europe_core_bonus": 1.6983978987674209,
    "country_mid_war_entry_bonus": 1.9932359237306612,
    "country_non_battleground_bonus": 1.0441404332121664,
    "country_region_scale": 4.622569566047368,
    "country_stability_scale": 0.6121422025606814,
    "country_thailand_early_bonus": 6.026869863895511,
    "coup_battleground_bonus": 2.452103142009814,
    "coup_defcon2_penalty": -7.99806361169616,
    "coup_defcon3_penalty": -2.302923449263523,
    "coup_mode_bonus": 4.333870384162926,
    "early_region_weights": [
      0.7725721217696238,
      1.1735352320869141,
      1.083188498944073,
      0.6855170779100224,
      0.5149966698511959,
      0.6602702552203643,
      1.3288902474324948
    ],
    "headline_friendly_bonus": 1.7489412517236715,
    "headline_ops_scale": 0.8410775963073969,
    "influence_mode_bonus": 5.980784829242291,
    "late_region_weights": [
      1.1263093915552742,
      1.0512555847553733,
      0.9721866349845609,
      1.0145556535251823,
      1.0748999698618373,
      1.0471665456906263,
      0.7296736028579144
    ],
    "mid_region_weights": [
      0.8962558072783504,
      1.0833345809242663,
      0.9179248438813781,
      0.8273099058427787,
      1.1389343879084786,
      1.0514694233542832,
      0.92024525768697
    ],
    "ops_card_penalty": 0.12639370145620804,
    "realign_base_penalty": -3.898321997288785,
    "realign_country_scale": 0.5601780249569773,
    "realign_defcon2_bonus": 1.95514552215758,
    "realign_mode_bonus": -1.026810919285869,
    "space_early_bonus": 1.1082289395514648,
    "space_mode_bonus": 1.0478554472330757,
    "space_offside_bonus": 2.0637285957866887,
    "space_when_behind_bonus": 2.1310347617670335
  },
  "proxy_score": 0.8145161290322581,
  "snapshot_id": "candidate_0007",
  "source": "random_proxy_search",
  "speed_penalty": 0.0
}
