{
  "created_process_s": 0.271668864,
  "created_wall_s": 5.374070974998176,
  "label": "random_35",
  "objective": 0.8112542740065292,
  "paired_score": 0.0,
  "params": {
    "access_bonus": 1.3729461905766986,
    "china_asia_target_bonus": 1.6336123171513817,
    "china_early_penalty": -2.489196081259112,
    "control_break_bonus": 4.985147773542237,
    "country_battleground_bonus": 7.079685178265417,
    "country_europe_core_bonus": 1.9696631950287231,
    "country_mid_war_entry_bonus": 2.1358708190094275,
    "country_non_battleground_bonus": 1.0004688463572868,
    "country_region_scale": 4.835645320253163,
    "country_stability_scale": 0.5886540532693129,
    "country_thailand_early_bonus": 6.018352218722524,
    "coup_battleground_bonus": 2.6652209877357484,
    "coup_defcon2_penalty": -7.877490398835753,
    "coup_defcon3_penalty": -2.5670449089569685,
    "coup_mode_bonus": 4.218604624224088,
    "early_region_weights": [
      0.9210232107826759,
      1.4415091704087688,
      1.160758003020879,
      0.7217154009114254,
      0.5675201242084135,
      0.6050074211617171,
      1.3741957094031987
    ],
    "headline_friendly_bonus": 2.221391608005898,
    "headline_ops_scale": 0.7216424349877845,
    "influence_mode_bonus": 5.641316182671452,
    "late_region_weights": [
      1.0275527650882517,
      0.9822486318063343,
      0.8781379549379194,
      0.9565191436272024,
      1.1115808524312676,
      1.0399019457309804,
      0.7301694415632829
    ],
    "mid_region_weights": [
      1.1163001545921207,
      1.0107878625863862,
      0.913909944408335,
      0.9623372539940209,
      1.1923987403926004,
      1.2490727636352035,
      0.8279573102194522
    ],
    "ops_card_penalty": 0.13178930890287227,
    "realign_base_penalty": -4.364988838089378,
    "realign_country_scale": 0.49615865686288335,
    "realign_defcon2_bonus": 2.157005185711055,
    "realign_mode_bonus": -0.6558809494650264,
    "space_early_bonus": 0.8546105800864134,
    "space_mode_bonus": 0.9477026043503619,
    "space_offside_bonus": 2.0457211574317054,
    "space_when_behind_bonus": 1.8944327270256043
  },
  "proxy_score": 0.8145161290322581,
  "snapshot_id": "candidate_0035",
  "source": "random_proxy_search",
  "speed_penalty": 0.03261855025728999
}
