{
  "created_process_s": 3.308874216,
  "created_wall_s": 8.417443078986253,
  "label": "spsa_10_plus",
  "objective": 0.8202678144681542,
  "paired_score": 0.0,
  "params": {
    "access_bonus": 1.5647369115779513,
    "china_asia_target_bonus": 1.449549031495638,
    "china_early_penalty": -2.4890030486002717,
    "control_break_bonus": 5.189631875668936,
    "country_battleground_bonus": 7.097763105546428,
    "country_europe_core_bonus": 1.9614421976733942,
    "country_mid_war_entry_bonus": 2.080586271211543,
    "country_non_battleground_bonus": 0.8380427599949678,
    "country_region_scale": 4.962816492223919,
    "country_stability_scale": 0.6938781585051469,
    "country_thailand_early_bonus": 5.8236612356187845,
    "coup_battleground_bonus": 2.446880525501331,
    "coup_defcon2_penalty": -7.701206310165585,
    "coup_defcon3_penalty": -2.9050202769989175,
    "coup_mode_bonus": 3.9244960145949737,
    "early_region_weights": [
      0.8826274662207122,
      1.2483030180019266,
      0.9204423421317797,
      0.4480070310913536,
      0.5773571309131088,
      0.5981909721762306,
      1.2543619871192992
    ],
    "headline_friendly_bonus": 2.0209950534768093,
    "headline_ops_scale": 0.7624028796942341,
    "influence_mode_bonus": 5.814480778472362,
    "late_region_weights": [
      1.196997433546186,
      0.9713320236225773,
      0.9125120422940455,
      1.1088953292532238,
      1.1079445890483721,
      0.8876697849950832,
      0.9089180839938548
    ],
    "mid_region_weights": [
      1.0641282409100155,
      1.0800979081547444,
      0.9465369822504319,
      0.8185961610523145,
      1.1788995375454159,
      1.263282441752159,
      0.9100641968088627
    ],
    "ops_card_penalty": 0.16861683453000473,
    "realign_base_penalty": -3.796005388543157,
    "realign_country_scale": 0.5999355668194563,
    "realign_defcon2_bonus": 1.9078564396050275,
    "realign_mode_bonus": -0.9073324259570811,
    "space_early_bonus": 0.8160974393284882,
    "space_mode_bonus": 0.9353129792719076,
    "space_offside_bonus": 1.8607911767166874,
    "space_when_behind_bonus": 1.9562341526599771
  },
  "proxy_score": 0.8790322580645161,
  "snapshot_id": "candidate_0139",
  "source": "proxy_spsa",
  "speed_penalty": 0.5876444359636195
}
