{
  "created_process_s": 0.90048669,
  "created_wall_s": 6.003663331997814,
  "label": "spsa_2_plus",
  "objective": 0.7533779705382858,
  "paired_score": 0.0,
  "params": {
    "access_bonus": 1.595436947994053,
    "china_asia_target_bonus": 1.470015722439706,
    "china_early_penalty": -2.4733678879934833,
    "control_break_bonus": 5.251031948501139,
    "country_battleground_bonus": 7.117307056304914,
    "country_europe_core_bonus": 1.9409755067293264,
    "country_mid_war_entry_bonus": 2.060119580267475,
    "country_non_battleground_bonus": 0.8263163895398765,
    "country_region_scale": 4.982360442982404,
    "country_stability_scale": 0.6899693683534498,
    "country_thailand_early_bonus": 5.808026075011996,
    "coup_battleground_bonus": 2.4878139073894667,
    "coup_defcon2_penalty": -7.7324766313791615,
    "coup_defcon3_penalty": -2.924564227757403,
    "coup_mode_bonus": 3.985896087427177,
    "early_region_weights": [
      0.8621607752766446,
      1.2278363270578587,
      0.8999756511877121,
      0.4401894507879594,
      0.5978238218571764,
      0.5903733918728364,
      1.2338952961752314
    ],
    "headline_friendly_bonus": 1.9902950170607074,
    "headline_ops_scale": 0.7726362251662681,
    "influence_mode_bonus": 5.875880851304565,
    "late_region_weights": [
      1.1891798532427917,
      0.9635144433191831,
      0.9203296225974397,
      1.1010777489498296,
      1.100127008744978,
      0.9081364759391508,
      0.8884513930497872
    ],
    "mid_region_weights": [
      1.0563106606066213,
      1.0722803278513502,
      0.9260702913063643,
      0.7981294701082469,
      1.1993662284894837,
      1.283749132696227,
      0.9178817771122569
    ],
    "ops_card_penalty": 0.16627156043898647,
    "realign_base_penalty": -3.7764614377846715,
    "realign_country_scale": 0.5897022213474223,
    "realign_defcon2_bonus": 1.8771564031889258,
    "realign_mode_bonus": -0.9482658078452165,
    "space_early_bonus": 0.808279859025094,
    "space_mode_bonus": 0.9196778186651192,
    "space_offside_bonus": 1.891491213132789,
    "space_when_behind_bonus": 1.9255341162438755
  },
  "proxy_score": 0.8467741935483871,
  "snapshot_id": "candidate_0123",
  "source": "proxy_spsa",
  "speed_penalty": 0.9339622301010126
}
