{
  "created_process_s": 0.313203973,
  "created_wall_s": 5.415709823995712,
  "label": "random_99",
  "objective": 0.7854229394800567,
  "paired_score": 0.0,
  "params": {
    "access_bonus": 1.567218867102846,
    "china_asia_target_bonus": 1.6136754561214746,
    "china_early_penalty": -2.799634250919117,
    "control_break_bonus": 4.942471912946882,
    "country_battleground_bonus": 6.972715626153831,
    "country_europe_core_bonus": 2.0204211551456988,
    "country_mid_war_entry_bonus": 1.897929255658185,
    "country_non_battleground_bonus": 1.1182914737534217,
    "country_region_scale": 4.604848209862251,
    "country_stability_scale": 0.5908110161685656,
    "country_thailand_early_bonus": 5.81078905237794,
    "coup_battleground_bonus": 2.2500967019093507,
    "coup_defcon2_penalty": -7.484543993688302,
    "coup_defcon3_penalty": -2.934275252226445,
    "coup_mode_bonus": 4.213465633056988,
    "early_region_weights": [
      0.99775449574357,
      1.3569174086802154,
      1.123513286149871,
      0.688854090304768,
      0.4522788116855815,
      0.6685405010457869,
      1.1947316564150325
    ],
    "headline_friendly_bonus": 2.11212400527752,
    "headline_ops_scale": 0.8379339441354158,
    "influence_mode_bonus": 5.910315405639469,
    "late_region_weights": [
      1.1682677817495017,
      0.8180388984216966,
      0.9331289025558318,
      1.0012558313336057,
      1.112694764183589,
      0.8232390969570256,
      0.7619779228213167
    ],
    "mid_region_weights": [
      1.1112879770489996,
      0.8599680177065769,
      0.997181091764425,
      1.123492092068694,
      1.4006068924012942,
      1.3000321396011525,
      0.6455490908942216
    ],
    "ops_card_penalty": 0.15572383228299722,
    "realign_base_penalty": -4.512318406864938,
    "realign_country_scale": 0.5570944083274753,
    "realign_defcon2_bonus": 1.7242024377917717,
    "realign_mode_bonus": -0.8074960210733639,
    "space_early_bonus": 0.9085451244619032,
    "space_mode_bonus": 0.9045982870231027,
    "space_offside_bonus": 1.8374162051248604,
    "space_when_behind_bonus": 2.0818315299492545
  },
  "proxy_score": 0.8145161290322581,
  "snapshot_id": "candidate_0099",
  "source": "random_proxy_search",
  "speed_penalty": 0.29093189552201415
}
