{
  "created_process_s": 0.256485016,
  "created_wall_s": 5.358867636998184,
  "label": "random_9",
  "objective": 0.8145161290322581,
  "paired_score": 0.0,
  "params": {
    "access_bonus": 1.597960075676064,
    "china_asia_target_bonus": 1.529218764980777,
    "china_early_penalty": -2.5885421231596757,
    "control_break_bonus": 5.689147245503895,
    "country_battleground_bonus": 7.119497920835561,
    "country_europe_core_bonus": 2.072452858992788,
    "country_mid_war_entry_bonus": 1.9254107928922317,
    "country_non_battleground_bonus": 1.1227929484782804,
    "country_region_scale": 5.498390829051817,
    "country_stability_scale": 0.49482507435798206,
    "country_thailand_early_bonus": 5.653063367523303,
    "coup_battleground_bonus": 2.684962868640425,
    "coup_defcon2_penalty": -7.368773355836414,
    "coup_defcon3_penalty": -2.6057099521305624,
    "coup_mode_bonus": 4.419688221475555,
    "early_region_weights": [
      0.7547541366801533,
      1.244053127877678,
      1.2204133428646915,
      0.7133674331546327,
      0.610757931513965,
      0.44892143801302964,
      1.2455909387981698
    ],
    "headline_friendly_bonus": 2.000035641729301,
    "headline_ops_scale": 0.7235495284411798,
    "influence_mode_bonus": 6.43726540777761,
    "late_region_weights": [
      1.2249036105644326,
      0.9950187949517438,
      0.9145404322554431,
      0.7422378471431372,
      0.9707072795444761,
      1.1141928543473847,
      0.8044333756018228
    ],
    "mid_region_weights": [
      0.8872067925457434,
      1.1847847510199987,
      0.9823812079370695,
      1.017297489304182,
      1.0087650325510211,
      1.1847140294901084,
      0.7736504295945987
    ],
    "ops_card_penalty": 0.1300290253158262,
    "realign_base_penalty": -4.155166672999152,
    "realign_country_scale": 0.5755192592915827,
    "realign_defcon2_bonus": 1.9878847462495755,
    "realign_mode_bonus": -1.3012885053848673,
    "space_early_bonus": 1.0206227167269473,
    "space_mode_bonus": 0.8629346316907616,
    "space_offside_bonus": 2.343664921888135,
    "space_when_behind_bonus": 2.1342811639509667
  },
  "proxy_score": 0.8145161290322581,
  "snapshot_id": "candidate_0009",
  "source": "random_proxy_search",
  "speed_penalty": 0.0
}
