{
  "created_process_s": 0.29178898400000003,
  "created_wall_s": 5.394269832991995,
  "label": "random_63",
  "objective": 0.7406753610544055,
  "paired_score": 0.0,
  "params": {
    "access_bonus": 1.6404320497496496,
    "china_asia_target_bonus": 1.5111681915286026,
    "china_early_penalty": -2.65957487592244,
    "control_break_bonus": 4.3231039255405825,
    "country_battleground_bonus": 6.754089061140055,
    "country_europe_core_bonus": 2.03699825553414,
    "country_mid_war_entry_bonus": 1.9735973265947078,
    "country_non_battleground_bonus": 0.8700448784122762,
    "country_region_scale": 4.596508018656795,
    "country_stability_scale": 0.5349952892316053,
    "country_thailand_early_bonus": 5.894280103753584,
    "coup_battleground_bonus": 2.445552966310531,
    "coup_defcon2_penalty": -7.990465793798261,
    "coup_defcon3_penalty": -2.2342890494639263,
    "coup_mode_bonus": 3.9497869889756787,
    "early_region_weights": [
      0.7157027565033077,
      1.372195059330471,
      0.9598612417056565,
      0.7615466210206738,
      0.5247722803638228,
      0.6053151162486836,
      1.1587952068459542
    ],
    "headline_friendly_bonus": 2.255449840507938,
    "headline_ops_scale": 0.7951591917094534,
    "influence_mode_bonus": 5.969963498087236,
    "late_region_weights": [
      1.222913823139952,
      1.1048396247253995,
      0.9658686930369127,
      1.1104222314292318,
      1.0385025001530444,
      0.9209311514051581,
      0.6680977487276654
    ],
    "mid_region_weights": [
      1.1642598962096171,
      1.2668710530756313,
      0.9926985519682137,
      1.041913939220732,
      1.085312040762714,
      1.1496818123098522,
      0.9740825437397145
    ],
    "ops_card_penalty": 0.135856925924637,
    "realign_base_penalty": -3.877450370799745,
    "realign_country_scale": 0.591355295094929,
    "realign_defcon2_bonus": 2.031371825069064,
    "realign_mode_bonus": -1.1132602562057912,
    "space_early_bonus": 1.003665538615882,
    "space_mode_bonus": 1.1815826164027206,
    "space_offside_bonus": 2.0926401385615128,
    "space_when_behind_bonus": 1.6447281223668362
  },
  "proxy_score": 0.8467741935483871,
  "snapshot_id": "candidate_0063",
  "source": "random_proxy_search",
  "speed_penalty": 1.0609883249398169
}
