{
  "created_process_s": 3.175112505,
  "created_wall_s": 8.283537751995027,
  "label": "spsa_9_minus",
  "objective": 0.8259223146709855,
  "paired_score": 0.0,
  "params": {
    "access_bonus": 1.5642237445584564,
    "china_asia_target_bonus": 1.4625402534826415,
    "china_early_penalty": -2.488318825907612,
    "control_break_bonus": 5.228605541629946,
    "country_battleground_bonus": 7.06528505057892,
    "country_europe_core_bonus": 1.961784309019724,
    "country_mid_war_entry_bonus": 2.0675950492245394,
    "country_non_battleground_bonus": 0.8575295929754729,
    "country_region_scale": 4.9303384372564105,
    "country_stability_scale": 0.693707102831982,
    "country_thailand_early_bonus": 5.849643679592791,
    "coup_battleground_bonus": 2.4461963028086715,
    "coup_defcon2_penalty": -7.702574755550904,
    "coup_defcon3_penalty": -2.872542222031409,
    "coup_mode_bonus": 3.923469680555984,
    "early_region_weights": [
      0.8696362442337088,
      1.2353117960149231,
      0.9207844534781097,
      0.460998253078357,
      0.5770150195667788,
      0.611182194163234,
      1.254704098465629
    ],
    "headline_friendly_bonus": 2.001508220496304,
    "headline_ops_scale": 0.7688984906877359,
    "influence_mode_bonus": 5.853454444433372,
    "late_region_weights": [
      1.1966553221998562,
      0.9843232456095807,
      0.9128541536403755,
      1.108553217906894,
      1.1076024777020423,
      0.9006610069820866,
      0.8959268620068513
    ],
    "mid_region_weights": [
      1.0771194628970189,
      1.0930891301417478,
      0.9468790935967619,
      0.805604939065311,
      1.1918907595324193,
      1.2629403304058293,
      0.9104063081551927
    ],
    "ops_card_penalty": 0.16851420112610577,
    "realign_base_penalty": -3.8284834435106654,
    "realign_country_scale": 0.6001066224926211,
    "realign_defcon2_bonus": 1.8883696066245224,
    "realign_mode_bonus": -0.9066482032644213,
    "space_early_bonus": 0.8290886613154916,
    "space_mode_bonus": 0.9346287565792478,
    "space_offside_bonus": 1.8802780096971925,
    "space_when_behind_bonus": 1.936747319679472
  },
  "proxy_score": 0.8790322580645161,
  "snapshot_id": "candidate_0138",
  "source": "proxy_spsa",
  "speed_penalty": 0.5310994339353063
}
