{
  "created_process_s": 0.30590094900000003,
  "created_wall_s": 5.408397974999389,
  "label": "random_86",
  "objective": 0.8145161290322581,
  "paired_score": 0.0,
  "params": {
    "access_bonus": 1.3921405554870623,
    "china_asia_target_bonus": 1.4308862908044961,
    "china_early_penalty": -2.2615891220463085,
    "control_break_bonus": 4.780965592837104,
    "country_battleground_bonus": 7.3277775568945405,
    "country_europe_core_bonus": 2.0276939359496957,
    "country_mid_war_entry_bonus": 1.9609492846750989,
    "country_non_battleground_bonus": 1.0220445318073654,
    "country_region_scale": 4.834158465408176,
    "country_stability_scale": 0.698529212293266,
    "country_thailand_early_bonus": 6.0044755789127064,
    "coup_battleground_bonus": 2.596578395255425,
    "coup_defcon2_penalty": -7.719214602719487,
    "coup_defcon3_penalty": -2.5326915943674626,
    "coup_mode_bonus": 4.237500160132695,
    "early_region_weights": [
      0.9166220034595652,
      1.4552600961618478,
      1.1286500578018173,
      0.6967179933983091,
      0.594020426614436,
      0.7006001733035347,
      1.3048639707346907
    ],
    "headline_friendly_bonus": 1.8608941807669463,
    "headline_ops_scale": 0.6806829598906189,
    "influence_mode_bonus": 6.076725740884485,
    "late_region_weights": [
      1.176321490609267,
      0.8929310361506109,
      0.9216770151831566,
      0.846620820415295,
      1.1110306921554896,
      0.8632464310123579,
      0.7375585997062483
    ],
    "mid_region_weights": [
      0.9214013081627859,
      0.833199223481193,
      0.9299281205974215,
      0.9815044913075675,
      1.136327650579956,
      1.2737832515425307,
      0.7607261099073436
    ],
    "ops_card_penalty": 0.16175410787760874,
    "realign_base_penalty": -3.560504104488033,
    "realign_country_scale": 0.48966134259569805,
    "realign_defcon2_bonus": 2.2029656590026248,
    "realign_mode_bonus": -0.9819647537402015,
    "space_early_bonus": 1.0837232445288358,
    "space_mode_bonus": 1.3431906359988053,
    "space_offside_bonus": 2.0303437853915987,
    "space_when_behind_bonus": 1.691906795932431
  },
  "proxy_score": 0.8145161290322581,
  "snapshot_id": "candidate_0086",
  "source": "random_proxy_search",
  "speed_penalty": 0.0
}
