{
  "created_process_s": 0.309157907,
  "created_wall_s": 5.411659012999735,
  "label": "random_92",
  "objective": 0.8145161290322581,
  "paired_score": 0.0,
  "params": {
    "access_bonus": 1.600874527639788,
    "china_asia_target_bonus": 1.3963242321656963,
    "china_early_penalty": -2.3680862604200628,
    "control_break_bonus": 5.300012433246739,
    "country_battleground_bonus": 7.320603673642205,
    "country_europe_core_bonus": 2.1038161938465296,
    "country_mid_war_entry_bonus": 2.053271217186811,
    "country_non_battleground_bonus": 0.9668377198249017,
    "country_region_scale": 5.152170962707027,
    "country_stability_scale": 0.5917522610990044,
    "country_thailand_early_bonus": 5.575876972119043,
    "coup_battleground_bonus": 2.4583064145416067,
    "coup_defcon2_penalty": -8.197826065863984,
    "coup_defcon3_penalty": -2.323905938140037,
    "coup_mode_bonus": 4.29175252163642,
    "early_region_weights": [
      0.7018604768504069,
      1.5519655554410416,
      1.3518394487598022,
      0.5639224897674495,
      0.828529428281189,
      0.7067129937278575,
      1.2824565505716556
    ],
    "headline_friendly_bonus": 1.8531849177111672,
    "headline_ops_scale": 0.713568468108869,
    "influence_mode_bonus": 6.092647593991222,
    "late_region_weights": [
      1.139308208937328,
      0.7805876434100001,
      0.9808893996217702,
      1.231298910725584,
      1.118378434301479,
      0.9866746069904174,
      0.6757896510607564
    ],
    "mid_region_weights": [
      0.7564867212669968,
      1.1029792110851517,
      1.000462799506562,
      0.8038989950003729,
      1.0521307475455872,
      1.2492792527477055,
      0.8676958890368586
    ],
    "ops_card_penalty": 0.17819515460296972,
    "realign_base_penalty": -4.142256503865706,
    "realign_country_scale": 0.5903126865483737,
    "realign_defcon2_bonus": 2.074379898161449,
    "realign_mode_bonus": -1.010443592617622,
    "space_early_bonus": 1.050453798130119,
    "space_mode_bonus": 1.209631122853745,
    "space_offside_bonus": 1.9547654473048186,
    "space_when_behind_bonus": 1.92058895842192
  },
  "proxy_score": 0.8145161290322581,
  "snapshot_id": "candidate_0092",
  "source": "random_proxy_search",
  "speed_penalty": 0.0
}
