{
  "created_process_s": 6.042495574,
  "created_wall_s": 11.154070481992676,
  "label": "spsa_20_minus",
  "objective": 0.820879352603959,
  "paired_score": 0.0,
  "params": {
    "access_bonus": 1.5809319484909556,
    "china_asia_target_bonus": 1.4603457227709744,
    "china_early_penalty": -2.4927078873309463,
    "control_break_bonus": 5.222021949494946,
    "country_battleground_bonus": 7.070771377358088,
    "country_europe_core_bonus": 1.959589778308057,
    "country_mid_war_entry_bonus": 2.0787338518462057,
    "country_non_battleground_bonus": 0.8408213890429735,
    "country_region_scale": 4.958185443810576,
    "country_stability_scale": 0.6948043681878155,
    "country_thailand_early_bonus": 5.827366074349459,
    "coup_battleground_bonus": 2.4684739080520037,
    "coup_defcon2_penalty": -7.658019545064239,
    "coup_defcon3_penalty": -2.8780285488105766,
    "coup_mode_bonus": 3.9568860884209824,
    "early_region_weights": [
      0.8807750468553751,
      1.2464505986365892,
      0.9185899227664426,
      0.4588037223666899,
      0.5792095502784459,
      0.6000433915415677,
      1.243565295843963
    ],
    "headline_friendly_bonus": 2.0182164244288034,
    "headline_ops_scale": 0.7678012253319023,
    "influence_mode_bonus": 5.8468708522983714,
    "late_region_weights": [
      1.1988498529115232,
      0.9821287148979136,
      0.9106596229287084,
      1.11969202052856,
      1.1187412803237085,
      0.8984664762704195,
      0.8981213927185184
    ],
    "mid_region_weights": [
      1.0659806602753528,
      1.0908945994300807,
      0.9446845628850948,
      0.8167437416869774,
      1.1807519569107532,
      1.2740791330274954,
      0.8992675055335264
    ],
    "ops_card_penalty": 0.1691725603396059,
    "realign_base_penalty": -3.8006364369564998,
    "realign_country_scale": 0.5990093571367876,
    "realign_defcon2_bonus": 1.891661402692023,
    "realign_mode_bonus": -0.9289258085077537,
    "space_early_bonus": 0.8179498586938253,
    "space_mode_bonus": 0.9569063618225803,
    "space_offside_bonus": 1.8769862136296918,
    "space_when_behind_bonus": 1.9400391157469727
  },
  "proxy_score": 0.8790322580645161,
  "snapshot_id": "candidate_0160",
  "source": "proxy_spsa",
  "speed_penalty": 0.5815290546055722
}
