{
  "created_process_s": 0.31737719200000003,
  "created_wall_s": 5.419887513999129,
  "label": "random_106",
  "objective": 0.782258064516129,
  "paired_score": 0.0,
  "params": {
    "access_bonus": 1.304665874624461,
    "china_asia_target_bonus": 1.383354813228664,
    "china_early_penalty": -2.4777635378680687,
    "control_break_bonus": 4.694032853437135,
    "country_battleground_bonus": 6.980873978316667,
    "country_europe_core_bonus": 2.024029679566021,
    "country_mid_war_entry_bonus": 1.9292580583830299,
    "country_non_battleground_bonus": 1.2827653627590208,
    "country_region_scale": 5.155705703752268,
    "country_stability_scale": 0.6620403018379308,
    "country_thailand_early_bonus": 5.776812183006951,
    "coup_battleground_bonus": 2.6808099138923294,
    "coup_defcon2_penalty": -7.717678180620371,
    "coup_defcon3_penalty": -2.58227091216915,
    "coup_mode_bonus": 4.240891803465434,
    "early_region_weights": [
      0.7083327154507992,
      1.2529331513591835,
      1.1837980036174756,
      0.6304873705926048,
      0.540905382216967,
      0.5298370065849949,
      1.3112441344730994
    ],
    "headline_friendly_bonus": 2.121533326016295,
    "headline_ops_scale": 0.8244471703633298,
    "influence_mode_bonus": 5.992991679523415,
    "late_region_weights": [
      1.009054625732722,
      0.977040920446302,
      0.859602522214613,
      1.127076678126616,
      1.017718876065742,
      0.8993813311327681,
      0.8296553813553141
    ],
    "mid_region_weights": [
      0.9529782856232988,
      0.996872317571041,
      1.0710555357958433,
      1.039846468760905,
      0.982391112017497,
      1.133738343416393,
      0.8450598226571122
    ],
    "ops_card_penalty": 0.15640599352125728,
    "realign_base_penalty": -4.566183582887731,
    "realign_country_scale": 0.6061195710424414,
    "realign_defcon2_bonus": 2.060729045060418,
    "realign_mode_bonus": -1.1673401243305097,
    "space_early_bonus": 1.0321901022301814,
    "space_mode_bonus": 1.2990489783008559,
    "space_offside_bonus": 2.1135754296942197,
    "space_when_behind_bonus": 1.885976028820476
  },
  "proxy_score": 0.782258064516129,
  "snapshot_id": "candidate_0106",
  "source": "random_proxy_search",
  "speed_penalty": 0.0
}
