{
  "created_process_s": 0.3096782,
  "created_wall_s": 5.412179910999839,
  "label": "random_93",
  "objective": 0.8248822084256108,
  "paired_score": 0.0,
  "params": {
    "access_bonus": 1.6766942650768557,
    "china_asia_target_bonus": 1.5578483776585124,
    "china_early_penalty": -2.2395441999148256,
    "control_break_bonus": 4.650200796549838,
    "country_battleground_bonus": 7.133241536034492,
    "country_europe_core_bonus": 2.142828683662586,
    "country_mid_war_entry_bonus": 1.9391168447255758,
    "country_non_battleground_bonus": 1.0673662342421317,
    "country_region_scale": 5.2557573270088245,
    "country_stability_scale": 0.621211274527087,
    "country_thailand_early_bonus": 5.826595777634862,
    "coup_battleground_bonus": 2.4817500370312553,
    "coup_defcon2_penalty": -8.038786304277972,
    "coup_defcon3_penalty": -2.9144878411220057,
    "coup_mode_bonus": 4.051377486223401,
    "early_region_weights": [
      0.8211908033542871,
      1.2881215739062355,
      0.9988170620590188,
      0.40756296756932375,
      0.5693841564473173,
      0.527083223993272,
      1.2215560328767694
    ],
    "headline_friendly_bonus": 2.3060782468665466,
    "headline_ops_scale": 0.8205173785820713,
    "influence_mode_bonus": 5.995437568476985,
    "late_region_weights": [
      1.1133350901949495,
      1.0062579138723768,
      0.9509096053253998,
      1.236224823974323,
      1.0737939235139242,
      1.0769043698407788,
      0.7336100319712439
    ],
    "mid_region_weights": [
      0.9967870886018314,
      1.1955134539214032,
      1.0094389543184341,
      1.0217285815506207,
      1.1522106031786492,
      1.3237619372976817,
      1.0678110011314503
    ],
    "ops_card_penalty": 0.19707981991345594,
    "realign_base_penalty": -4.095213782325471,
    "realign_country_scale": 0.6026026458562016,
    "realign_defcon2_bonus": 2.122007211887857,
    "realign_mode_bonus": -0.6467757365222052,
    "space_early_bonus": 1.1718558709794147,
    "space_mode_bonus": 0.9953954955583383,
    "space_offside_bonus": 2.1850076827939073,
    "space_when_behind_bonus": 2.2362417040047
  },
  "proxy_score": 0.8467741935483871,
  "snapshot_id": "candidate_0093",
  "source": "random_proxy_search",
  "speed_penalty": 0.21891985122776325
}
