{
  "created_process_s": 0.26089664300000004,
  "created_wall_s": 5.363285575993359,
  "label": "random_16",
  "objective": 0.8744839376686058,
  "paired_score": 0.0,
  "params": {
    "access_bonus": 1.5600013550962228,
    "china_asia_target_bonus": 1.4025011452088658,
    "china_early_penalty": -2.2355364433580918,
    "control_break_bonus": 5.087946301987312,
    "country_battleground_bonus": 7.254051941493401,
    "country_europe_core_bonus": 1.8541985774772856,
    "country_mid_war_entry_bonus": 1.8710631004847378,
    "country_non_battleground_bonus": 0.9026944327101338,
    "country_region_scale": 5.037771775352224,
    "country_stability_scale": 0.6729562927461862,
    "country_thailand_early_bonus": 5.731254978411852,
    "coup_battleground_bonus": 2.366591768917429,
    "coup_defcon2_penalty": -8.23990998357877,
    "coup_defcon3_penalty": -3.220299175800906,
    "coup_mode_bonus": 4.285554009515186,
    "early_region_weights": [
      0.9217411887576565,
      1.3830275900571602,
      1.1870084397717575,
      0.7097525465380319,
      0.531322088109407,
      0.5917412776580361,
      1.3138518519040516
    ],
    "headline_friendly_bonus": 2.0509574084037956,
    "headline_ops_scale": 0.7030341318918454,
    "influence_mode_bonus": 6.572408838260442,
    "late_region_weights": [
      0.9946460332358806,
      0.9914983065699432,
      0.9528975943954382,
      0.9432235703672227,
      1.217557209932385,
      1.0576568245627838,
      0.8104470230570511
    ],
    "mid_region_weights": [
      0.7617183333898578,
      0.8682614088940652,
      0.942492094738488,
      0.8347847092891535,
      1.1200984116114667,
      1.186354831095174,
      0.9228278223530183
    ],
    "ops_card_penalty": 0.1903233446691727,
    "realign_base_penalty": -3.997231805251622,
    "realign_country_scale": 0.6492043491549019,
    "realign_defcon2_bonus": 2.341579110840064,
    "realign_mode_bonus": -1.0928392615498292,
    "space_early_bonus": 1.1705249654014467,
    "space_mode_bonus": 0.9231633726451556,
    "space_offside_bonus": 1.8676286207160167,
    "space_when_behind_bonus": 2.0159612980172676
  },
  "proxy_score": 0.8790322580645161,
  "snapshot_id": "candidate_0016",
  "source": "random_proxy_search",
  "speed_penalty": 0.045483203959103546
}
