{
  "created_process_s": 0.291250511,
  "created_wall_s": 5.393730329000391,
  "label": "random_62",
  "objective": 0.5992164425974151,
  "paired_score": 0.0,
  "params": {
    "access_bonus": 1.6672518755199492,
    "china_asia_target_bonus": 1.6029114724500468,
    "china_early_penalty": -2.5335839626901144,
    "control_break_bonus": 5.570696417559435,
    "country_battleground_bonus": 7.262963404898378,
    "country_europe_core_bonus": 1.9950018469726243,
    "country_mid_war_entry_bonus": 1.865735393933962,
    "country_non_battleground_bonus": 0.8852946048752355,
    "country_region_scale": 4.9994772365653795,
    "country_stability_scale": 0.6037281233041266,
    "country_thailand_early_bonus": 5.62017500530703,
    "coup_battleground_bonus": 2.2769236528493675,
    "coup_defcon2_penalty": -7.989877732489768,
    "coup_defcon3_penalty": -2.5720188922896505,
    "coup_mode_bonus": 3.968252219635342,
    "early_region_weights": [
      0.8497904197294956,
      1.2382161505271019,
      1.2044139169384422,
      0.5709712320445836,
      0.489290148594968,
      0.7629045855306528,
      1.3855201300913205
    ],
    "headline_friendly_bonus": 2.1434571505206628,
    "headline_ops_scale": 0.7923590979009467,
    "influence_mode_bonus": 6.394933053563876,
    "late_region_weights": [
      1.0988752899934922,
      0.9208344357232278,
      0.9312367880962619,
      1.0766308348242155,
      1.086984673525361,
      1.1178598808164577,
      0.7995313623907365
    ],
    "mid_region_weights": [
      0.8504344409898181,
      0.9787149901627694,
      0.9815898279805558,
      0.8817688949146133,
      1.3840258825678269,
      1.2886018471676535,
      0.5350212256301755
    ],
    "ops_card_penalty": 0.1922976701713701,
    "realign_base_penalty": -3.8535582527124093,
    "realign_country_scale": 0.4527685527836499,
    "realign_defcon2_bonus": 2.1055346119778307,
    "realign_mode_bonus": -0.9706767606970528,
    "space_early_bonus": 1.2392248736600195,
    "space_mode_bonus": 1.2042705169165642,
    "space_offside_bonus": 1.8177128877356563,
    "space_when_behind_bonus": 1.906992056979142
  },
  "proxy_score": 0.8145161290322581,
  "snapshot_id": "candidate_0062",
  "source": "random_proxy_search",
  "speed_penalty": 2.15299686434843
}
