{
  "created_process_s": 0.318260778,
  "created_wall_s": 5.42077267098648,
  "label": "random_108",
  "objective": 0.8145161290322581,
  "paired_score": 0.0,
  "params": {
    "access_bonus": 1.2144646153484506,
    "china_asia_target_bonus": 1.4955697111479893,
    "china_early_penalty": -2.803709774391103,
    "control_break_bonus": 4.897506419788764,
    "country_battleground_bonus": 6.956271500468268,
    "country_europe_core_bonus": 2.150805522675585,
    "country_mid_war_entry_bonus": 1.9783529181799737,
    "country_non_battleground_bonus": 1.0486905381165879,
    "country_region_scale": 5.5439014501187165,
    "country_stability_scale": 0.6120619513419144,
    "country_thailand_early_bonus": 5.887584234738767,
    "coup_battleground_bonus": 2.491677631267541,
    "coup_defcon2_penalty": -8.079582870301088,
    "coup_defcon3_penalty": -2.680854787282688,
    "coup_mode_bonus": 4.42893073920232,
    "early_region_weights": [
      0.8234914763608758,
      1.3582668286371693,
      1.070719538070587,
      0.6374611119194609,
      0.40759818830696326,
      0.6426742924029681,
      1.3161627257630644
    ],
    "headline_friendly_bonus": 1.9835376002121028,
    "headline_ops_scale": 0.7516908591573047,
    "influence_mode_bonus": 5.711344305018036,
    "late_region_weights": [
      1.1396709641344687,
      0.9853157083256052,
      0.9606742013819676,
      1.1249402400822808,
      0.9213821286256418,
      0.9339078735392856,
      0.5895236187710063
    ],
    "mid_region_weights": [
      0.827508822559697,
      1.0258151109181135,
      0.9401662430801258,
      0.9269196948022029,
      1.1733590133886054,
      1.1112100297144392,
      0.8601355552378922
    ],
    "ops_card_penalty": 0.1475355127240958,
    "realign_base_penalty": -3.9117924370145807,
    "realign_country_scale": 0.5488050915749353,
    "realign_defcon2_bonus": 1.934438466129765,
    "realign_mode_bonus": -1.1445287848617258,
    "space_early_bonus": 1.0422901193043463,
    "space_mode_bonus": 0.5657476408118811,
    "space_offside_bonus": 2.1608932583662486,
    "space_when_behind_bonus": 1.8862590759265205
  },
  "proxy_score": 0.8145161290322581,
  "snapshot_id": "candidate_0108",
  "source": "random_proxy_search",
  "speed_penalty": 0.0
}
