{
  "created_process_s": 0.302059114,
  "created_wall_s": 5.404552045991295,
  "label": "random_80",
  "objective": 0.782258064516129,
  "paired_score": 0.0,
  "params": {
    "access_bonus": 1.4685177288375324,
    "china_asia_target_bonus": 1.5055563005598995,
    "china_early_penalty": -2.3620748902376696,
    "control_break_bonus": 4.856821466837018,
    "country_battleground_bonus": 6.8025832168018,
    "country_europe_core_bonus": 1.909214183431053,
    "country_mid_war_entry_bonus": 2.027635500970048,
    "country_non_battleground_bonus": 0.8129561867829442,
    "country_region_scale": 5.139804249362181,
    "country_stability_scale": 0.6018432631059984,
    "country_thailand_early_bonus": 6.21048129018099,
    "coup_battleground_bonus": 2.7458373466617716,
    "coup_defcon2_penalty": -8.990044821850598,
    "coup_defcon3_penalty": -2.598630637351268,
    "coup_mode_bonus": 4.319967231977426,
    "early_region_weights": [
      0.8811888738707911,
      1.3657006705581087,
      1.072571369371621,
      0.6390325125255952,
      0.6087108114471569,
      0.6134033167565651,
      1.2988932111695877
    ],
    "headline_friendly_bonus": 2.022954921171891,
    "headline_ops_scale": 0.7021475855355351,
    "influence_mode_bonus": 6.472132910270107,
    "late_region_weights": [
      0.9596344515760853,
      0.8376041964117842,
      0.9540689434246546,
      1.080386281129707,
      1.3204675325023796,
      0.829460010090681,
      0.627360079859096
    ],
    "mid_region_weights": [
      0.8993037786996895,
      0.9870492997257464,
      0.8657013121231627,
      1.0095803434920894,
      1.2834147362853836,
      1.1387979762391771,
      0.8611509697350019
    ],
    "ops_card_penalty": 0.11553392014453742,
    "realign_base_penalty": -4.277916829508326,
    "realign_country_scale": 0.5782724133504807,
    "realign_defcon2_bonus": 2.1369971380825574,
    "realign_mode_bonus": -1.146193221076016,
    "space_early_bonus": 0.9701665633589206,
    "space_mode_bonus": 1.1847664833501057,
    "space_offside_bonus": 1.9073551233181745,
    "space_when_behind_bonus": 2.208154651886611
  },
  "proxy_score": 0.782258064516129,
  "snapshot_id": "candidate_0080",
  "source": "random_proxy_search",
  "speed_penalty": 0.0
}
