{
  "created_process_s": 0.274768169,
  "created_wall_s": 5.377173422995838,
  "label": "random_40",
  "objective": 0.8467741935483871,
  "paired_score": 0.0,
  "params": {
    "access_bonus": 1.6024744827803665,
    "china_asia_target_bonus": 1.561685880233421,
    "china_early_penalty": -2.69140626138578,
    "control_break_bonus": 5.107061149425417,
    "country_battleground_bonus": 7.040983310137393,
    "country_europe_core_bonus": 2.0220909949258017,
    "country_mid_war_entry_bonus": 2.013370379125852,
    "country_non_battleground_bonus": 0.7775416835664619,
    "country_region_scale": 5.017318606170162,
    "country_stability_scale": 0.5661878211768925,
    "country_thailand_early_bonus": 5.566228663147561,
    "coup_battleground_bonus": 2.5023323144419813,
    "coup_defcon2_penalty": -7.44322981540542,
    "coup_defcon3_penalty": -2.0990211122132187,
    "coup_mode_bonus": 3.9474830042602282,
    "early_region_weights": [
      0.8953624826735549,
      1.4166149020692544,
      1.0859361173604172,
      0.4918452481985492,
      0.5518214332014238,
      0.6588226389183438,
      1.0465869682102722
    ],
    "headline_friendly_bonus": 2.0543872214084264,
    "headline_ops_scale": 0.7460866796195611,
    "influence_mode_bonus": 5.987863651205557,
    "late_region_weights": [
      0.8665515718769542,
      0.9117845922143214,
      1.018886009292964,
      1.1305898913793442,
      1.2024018020282605,
      1.088410846785692,
      0.6916546924417238
    ],
    "mid_region_weights": [
      0.9108700555832965,
      0.9654338734774379,
      0.8191911230984503,
      0.8836197521871321,
      1.1968673466070225,
      1.2373863489931185,
      0.9418558208204393
    ],
    "ops_card_penalty": 0.09302829347778828,
    "realign_base_penalty": -4.177662255889289,
    "realign_country_scale": 0.46826277338114336,
    "realign_defcon2_bonus": 2.1348146606721086,
    "realign_mode_bonus": -0.9007811635396592,
    "space_early_bonus": 1.0340465633509772,
    "space_mode_bonus": 1.0734550453344645,
    "space_offside_bonus": 2.004953259762707,
    "space_when_behind_bonus": 2.088944640204225
  },
  "proxy_score": 0.8467741935483871,
  "snapshot_id": "candidate_0040",
  "source": "random_proxy_search",
  "speed_penalty": 0.0
}
