{
  "created_process_s": 0.28325035400000004,
  "created_wall_s": 5.385664645000361,
  "label": "random_53",
  "objective": 0.7591792374985589,
  "paired_score": 0.0,
  "params": {
    "access_bonus": 1.5364314724618582,
    "china_asia_target_bonus": 1.6024994231585652,
    "china_early_penalty": -2.3590279900693942,
    "control_break_bonus": 5.547379844730417,
    "country_battleground_bonus": 6.953964748394689,
    "country_europe_core_bonus": 2.015029070183171,
    "country_mid_war_entry_bonus": 2.0775180961506896,
    "country_non_battleground_bonus": 0.9872431571902331,
    "country_region_scale": 4.980973561121395,
    "country_stability_scale": 0.5527945707814252,
    "country_thailand_early_bonus": 5.781083244638445,
    "coup_battleground_bonus": 3.020006334708668,
    "coup_defcon2_penalty": -8.061140434458252,
    "coup_defcon3_penalty": -2.976098138521072,
    "coup_mode_bonus": 4.28834219220305,
    "early_region_weights": [
      0.9590926390719797,
      1.1866198046977812,
      1.0213482435582244,
      0.44326733327821444,
      0.5616780913862501,
      0.8641210698606132,
      1.2616459828111481
    ],
    "headline_friendly_bonus": 2.0108652918561782,
    "headline_ops_scale": 0.7125268218358485,
    "influence_mode_bonus": 5.94164825877529,
    "late_region_weights": [
      1.263060628135369,
      0.9747527367252546,
      1.0202910156823377,
      1.0098035882963197,
      1.361684109789854,
      1.1701872692452744,
      0.7418170928933856
    ],
    "mid_region_weights": [
      0.9774624027575995,
      0.7237451947546525,
      1.0580724161478614,
      0.927845263850991,
      1.2990174048707392,
      1.2287663674674174,
      0.8439488115114101
    ],
    "ops_card_penalty": 0.13294226398481854,
    "realign_base_penalty": -3.7682324974707315,
    "realign_country_scale": 0.5905316097493115,
    "realign_defcon2_bonus": 1.8895472974503507,
    "realign_mode_bonus": -1.2522511921963553,
    "space_early_bonus": 0.9481172774766662,
    "space_mode_bonus": 0.9660308253344211,
    "space_offside_bonus": 1.8259359413583869,
    "space_when_behind_bonus": 2.0117143744905674
  },
  "proxy_score": 0.782258064516129,
  "snapshot_id": "candidate_0053",
  "source": "random_proxy_search",
  "speed_penalty": 0.23078827017570114
}
