{
  "created_process_s": 0.314541793,
  "created_wall_s": 5.417048718998558,
  "label": "random_101",
  "objective": 0.7688720571120817,
  "paired_score": 0.0,
  "params": {
    "access_bonus": 1.385685191902423,
    "china_asia_target_bonus": 1.5887871772913915,
    "china_early_penalty": -2.767062364268608,
    "control_break_bonus": 4.900114714573269,
    "country_battleground_bonus": 7.017716364936908,
    "country_europe_core_bonus": 2.0671650736471894,
    "country_mid_war_entry_bonus": 1.9314495891325014,
    "country_non_battleground_bonus": 0.8059599620950156,
    "country_region_scale": 4.970821472138272,
    "country_stability_scale": 0.7087006089594249,
    "country_thailand_early_bonus": 6.1518684784925695,
    "coup_battleground_bonus": 2.5851705889395773,
    "coup_defcon2_penalty": -8.582172350746434,
    "coup_defcon3_penalty": -2.657368359404168,
    "coup_mode_bonus": 3.883181384301134,
    "early_region_weights": [
      0.812041308192789,
      1.3330664556060488,
      1.1707214506668382,
      0.5274279549765333,
      0.52360883264156,
      0.743199712246607,
      1.3811211994780506
    ],
    "headline_friendly_bonus": 1.9790787338078224,
    "headline_ops_scale": 0.7287920133149194,
    "influence_mode_bonus": 5.699268916334402,
    "late_region_weights": [
      1.1070916854693627,
      1.0200401394670982,
      0.8319595138751026,
      1.206113423292003,
      1.0472653311743725,
      0.9543527516913636,
      0.7960468318794014
    ],
    "mid_region_weights": [
      1.1566234520295444,
      0.8794918039397042,
      0.9354334654017638,
      1.0613432983092363,
      1.3029956062196633,
      1.1373427076060738,
      1.065673872883844
    ],
    "ops_card_penalty": 0.18120484484356386,
    "realign_base_penalty": -3.534582107696911,
    "realign_country_scale": 0.5051715144091342,
    "realign_defcon2_bonus": 2.1372435394701608,
    "realign_mode_bonus": -1.2936523026783178,
    "space_early_bonus": 0.9831281902560851,
    "space_mode_bonus": 1.1306144744995952,
    "space_offside_bonus": 1.9894709169406672,
    "space_when_behind_bonus": 2.1090918627494837
  },
  "proxy_score": 0.782258064516129,
  "snapshot_id": "candidate_0101",
  "source": "random_proxy_search",
  "speed_penalty": 0.1338600740404723
}
