{
  "created_process_s": 0.258479467,
  "created_wall_s": 5.360865757000283,
  "label": "random_12",
  "objective": 0.8130399253977806,
  "paired_score": 0.0,
  "params": {
    "access_bonus": 1.3501792187556823,
    "china_asia_target_bonus": 1.4426764962187488,
    "china_early_penalty": -2.388826557320233,
    "control_break_bonus": 5.191017030475424,
    "country_battleground_bonus": 6.617540399213143,
    "country_europe_core_bonus": 1.909271674990428,
    "country_mid_war_entry_bonus": 2.0183900103773116,
    "country_non_battleground_bonus": 1.0054469068893443,
    "country_region_scale": 4.806829755056258,
    "country_stability_scale": 0.569269460401324,
    "country_thailand_early_bonus": 5.941085080517568,
    "coup_battleground_bonus": 2.4454422407517162,
    "coup_defcon2_penalty": -7.7106968773464235,
    "coup_defcon3_penalty": -2.278114597653306,
    "coup_mode_bonus": 3.793382173575365,
    "early_region_weights": [
      0.7037606238847882,
      1.386665849604954,
      1.2692483988860206,
      0.7528788498447949,
      0.43280574574888797,
      0.5018147046950745,
      1.257903610429824
    ],
    "headline_friendly_bonus": 2.096808304263726,
    "headline_ops_scale": 0.8263023113434207,
    "influence_mode_bonus": 5.886818113079426,
    "late_region_weights": [
      1.0120435163089783,
      0.9965760040737099,
      1.0178391039982495,
      1.2084454559632187,
      1.0940184149750982,
      1.0167418462443893,
      0.7860020354359294
    ],
    "mid_region_weights": [
      0.936365782759905,
      1.0543785825304752,
      1.0040146630323143,
      0.89598853311386,
      1.307881239438383,
      1.095041342224046,
      0.919602784149675
    ],
    "ops_card_penalty": 0.1921486064419271,
    "realign_base_penalty": -3.678229519212142,
    "realign_country_scale": 0.5862892544732815,
    "realign_defcon2_bonus": 1.9310318299807374,
    "realign_mode_bonus": -0.9039021302565768,
    "space_early_bonus": 1.0969961170830613,
    "space_mode_bonus": 1.149801965874274,
    "space_offside_bonus": 1.9528514081000705,
    "space_when_behind_bonus": 1.8617251871518725
  },
  "proxy_score": 0.8145161290322581,
  "snapshot_id": "candidate_0012",
  "source": "random_proxy_search",
  "speed_penalty": 0.014762036344775353
}
