{
  "created_process_s": 0.27964341600000003,
  "created_wall_s": 5.3820544199988944,
  "label": "random_48",
  "objective": 0.7320905921353431,
  "paired_score": 0.0,
  "params": {
    "access_bonus": 1.4581806406495146,
    "china_asia_target_bonus": 1.2510460587337249,
    "china_early_penalty": -2.4174616012457597,
    "control_break_bonus": 4.985467906595017,
    "country_battleground_bonus": 6.916186195390423,
    "country_europe_core_bonus": 2.0408350604555103,
    "country_mid_war_entry_bonus": 2.134205718979443,
    "country_non_battleground_bonus": 0.9377172096833957,
    "country_region_scale": 4.496996574462473,
    "country_stability_scale": 0.6967331592916594,
    "country_thailand_early_bonus": 5.869879025805957,
    "coup_battleground_bonus": 2.331389483697599,
    "coup_defcon2_penalty": -7.760968214720729,
    "coup_defcon3_penalty": -2.438101193064391,
    "coup_mode_bonus": 3.837602683271152,
    "early_region_weights": [
      0.9027253621834637,
      1.3835078426034482,
      1.045849747614493,
      0.6247386750369623,
      0.6074665177590914,
      0.7047415623526921,
      1.2397078622555269
    ],
    "headline_friendly_bonus": 2.0225978630221957,
    "headline_ops_scale": 0.8165590147288949,
    "influence_mode_bonus": 6.172739331110751,
    "late_region_weights": [
      1.1641335506552157,
      1.0295241861390017,
      1.0055737018868065,
      1.0224743192767738,
      0.9392504342590448,
      1.0181494273050757,
      0.786763198185819
    ],
    "mid_region_weights": [
      0.8793617980305419,
      0.964485345190849,
      0.966851797878546,
      0.931856060769534,
      1.2969898464304532,
      0.9085026599636354,
      0.8238004641391177
    ],
    "ops_card_penalty": 0.13442570743832133,
    "realign_base_penalty": -3.9917728401389945,
    "realign_country_scale": 0.534491932972917,
    "realign_defcon2_bonus": 2.022881245401333,
    "realign_mode_bonus": -0.8387616311503214,
    "space_early_bonus": 0.9354552586673299,
    "space_mode_bonus": 1.0091714311021203,
    "space_offside_bonus": 2.014236971666027,
    "space_when_behind_bonus": 2.090385385725457
  },
  "proxy_score": 0.8467741935483871,
  "snapshot_id": "candidate_0048",
  "source": "random_proxy_search",
  "speed_penalty": 1.1468360141304395
}
