{
  "created_process_s": 5.664973004,
  "created_wall_s": 10.776144860996283,
  "label": "spsa_19_plus",
  "objective": 0.8070379336790223,
  "paired_score": 0.0,
  "params": {
    "access_bonus": 1.5673412725423395,
    "china_asia_target_bonus": 1.4512852721385636,
    "china_early_penalty": -2.510828788595768,
    "control_break_bonus": 5.194840597597713,
    "country_battleground_bonus": 7.070480930552058,
    "country_europe_core_bonus": 1.9505293276756461,
    "country_mid_war_entry_bonus": 2.069673401213795,
    "country_non_battleground_bonus": 0.8406471209593561,
    "country_region_scale": 4.935534317229549,
    "country_stability_scale": 0.6993345935040209,
    "country_thailand_early_bonus": 5.84548697561428,
    "coup_battleground_bonus": 2.4687062654968273,
    "coup_defcon2_penalty": -7.694261347593883,
    "coup_defcon3_penalty": -2.8777381020045474,
    "coup_mode_bonus": 3.9572346245882177,
    "early_region_weights": [
      0.8717145962229642,
      1.246566777359001,
      0.9187061014888542,
      0.44974327173427914,
      0.5882700009108568,
      0.6091038421739786,
      1.2434491171215512
    ],
    "headline_friendly_bonus": 2.018390692512421,
    "headline_ops_scale": 0.7632710000156969,
    "influence_mode_bonus": 5.819689500401139,
    "late_region_weights": [
      1.207910303543934,
      0.9822448936203253,
      0.91077580165112,
      1.1106315698961493,
      1.1096808296912977,
      0.8985826549928312,
      0.8980052139961068
    ],
    "mid_region_weights": [
      1.0750411109077636,
      1.08183414879767,
      0.9448007416075065,
      0.816859920409389,
      1.189812407543164,
      1.2650186823950846,
      0.8991513268111148
    ],
    "ops_card_penalty": 0.1691377067228824,
    "realign_base_penalty": -3.8003459901504706,
    "realign_country_scale": 0.5944791318205822,
    "realign_defcon2_bonus": 1.8914871346084055,
    "realign_mode_bonus": -0.9108049072429322,
    "space_early_bonus": 0.8178336799714137,
    "space_mode_bonus": 0.9571387192674036,
    "space_offside_bonus": 1.8771604817133094,
    "space_when_behind_bonus": 1.939864847663355
  },
  "proxy_score": 0.8467741935483871,
  "snapshot_id": "candidate_0157",
  "source": "proxy_spsa",
  "speed_penalty": 0.39736259869364754
}
