{
  "created_process_s": 0.255876924,
  "created_wall_s": 5.358260989989503,
  "label": "random_8",
  "objective": 0.8467741935483871,
  "paired_score": 0.0,
  "params": {
    "access_bonus": 1.5145479892922942,
    "china_asia_target_bonus": 1.472246722751117,
    "china_early_penalty": -2.485030402910768,
    "control_break_bonus": 5.255703371504446,
    "country_battleground_bonus": 6.675906381272204,
    "country_europe_core_bonus": 1.8323021835000044,
    "country_mid_war_entry_bonus": 1.9262577772335765,
    "country_non_battleground_bonus": 1.1422069672262078,
    "country_region_scale": 4.840538913160337,
    "country_stability_scale": 0.6092808233620504,
    "country_thailand_early_bonus": 5.976072487934121,
    "coup_battleground_bonus": 2.4701492596960186,
    "coup_defcon2_penalty": -7.452801233172553,
    "coup_defcon3_penalty": -2.5853503417879375,
    "coup_mode_bonus": 3.7116484151515237,
    "early_region_weights": [
      0.914031676227712,
      1.2809558118683637,
      0.8922883370274587,
      0.6075035226076724,
      0.5264752988836229,
      0.7645874965353374,
      1.2174246547398697
    ],
    "headline_friendly_bonus": 1.8123616590951785,
    "headline_ops_scale": 0.7443634657362681,
    "influence_mode_bonus": 5.847044555039696,
    "late_region_weights": [
      0.9661234624942294,
      0.8673392472169738,
      0.9376304108761719,
      0.9602646492209432,
      0.9674552357686655,
      1.1210698536854824,
      0.758146746041285
    ],
    "mid_region_weights": [
      0.9170804265336799,
      1.0262971850472968,
      0.9626900110655746,
      0.979177463230938,
      1.0606387884907704,
      1.1481739190265265,
      0.9626196828921189
    ],
    "ops_card_penalty": 0.17820004809484602,
    "realign_base_penalty": -4.05490887603723,
    "realign_country_scale": 0.5790686258502127,
    "realign_defcon2_bonus": 2.2436028514832373,
    "realign_mode_bonus": -1.0607705990484828,
    "space_early_bonus": 1.056251021185019,
    "space_mode_bonus": 1.1629813416983974,
    "space_offside_bonus": 2.0891452328880433,
    "space_when_behind_bonus": 1.9858493393689658
  },
  "proxy_score": 0.8467741935483871,
  "snapshot_id": "candidate_0008",
  "source": "random_proxy_search",
  "speed_penalty": 0.0
}
