{
  "created_process_s": 0.277011669,
  "created_wall_s": 5.379419148986926,
  "label": "random_43",
  "objective": 0.8245645246491107,
  "paired_score": 0.0,
  "params": {
    "access_bonus": 1.59125143886571,
    "china_asia_target_bonus": 1.482801461564191,
    "china_early_penalty": -2.400730154053,
    "control_break_bonus": 4.980886906380865,
    "country_battleground_bonus": 7.106233341213238,
    "country_europe_core_bonus": 1.9305185573995745,
    "country_mid_war_entry_bonus": 1.9456832010206495,
    "country_non_battleground_bonus": 1.019087020016682,
    "country_region_scale": 4.557832061465885,
    "country_stability_scale": 0.5683232876070563,
    "country_thailand_early_bonus": 6.174415237650043,
    "coup_battleground_bonus": 2.5181866917417564,
    "coup_defcon2_penalty": -7.995796211913058,
    "coup_defcon3_penalty": -2.5264881700991415,
    "coup_mode_bonus": 4.685468139649631,
    "early_region_weights": [
      0.9295524895290923,
      1.4860369090691343,
      1.142411415637195,
      0.7002005349159985,
      0.5964731044717874,
      0.7296166313176103,
      1.1437972450298104
    ],
    "headline_friendly_bonus": 2.083942875759698,
    "headline_ops_scale": 0.679671684835418,
    "influence_mode_bonus": 6.066569405256835,
    "late_region_weights": [
      1.1419972399114224,
      1.036524485265383,
      1.0341617063831263,
      0.9958254793892067,
      1.0859552535413493,
      1.0369429940259323,
      0.7288886559582006
    ],
    "mid_region_weights": [
      0.9541453155888134,
      1.071252644169372,
      0.9871415703968103,
      0.9279847917000492,
      1.2017981684364023,
      1.3493582225162626,
      0.8234800240921342
    ],
    "ops_card_penalty": 0.1693054854779786,
    "realign_base_penalty": -4.204067291359717,
    "realign_country_scale": 0.5021324253919437,
    "realign_defcon2_bonus": 1.9739120463048174,
    "realign_mode_bonus": -1.315651846348264,
    "space_early_bonus": 1.0437971999088025,
    "space_mode_bonus": 0.8957740144590814,
    "space_offside_bonus": 1.8707093233454237,
    "space_when_behind_bonus": 1.724122398435137
  },
  "proxy_score": 0.8467741935483871,
  "snapshot_id": "candidate_0043",
  "source": "random_proxy_search",
  "speed_penalty": 0.22209668899276425
}
