{
  "created_process_s": 0.29719862,
  "created_wall_s": 5.3996857659949455,
  "label": "random_72",
  "objective": 0.7654370528761845,
  "paired_score": 0.0,
  "params": {
    "access_bonus": 1.505861686568383,
    "china_asia_target_bonus": 1.3446024706289503,
    "china_early_penalty": -2.367091447505684,
    "control_break_bonus": 5.054780238393833,
    "country_battleground_bonus": 7.451326337063622,
    "country_europe_core_bonus": 1.9792344978059548,
    "country_mid_war_entry_bonus": 1.973614125911597,
    "country_non_battleground_bonus": 0.8446346952367738,
    "country_region_scale": 4.70489232236907,
    "country_stability_scale": 0.5292807874237844,
    "country_thailand_early_bonus": 6.191749430552277,
    "coup_battleground_bonus": 2.5318619826529023,
    "coup_defcon2_penalty": -7.946852374847821,
    "coup_defcon3_penalty": -2.6431905070700807,
    "coup_mode_bonus": 4.234147489488937,
    "early_region_weights": [
      0.8261131840021894,
      1.3931980309881669,
      0.9473510684115996,
      0.3662389879038277,
      0.44829291964722173,
      0.9273643743022627,
      1.3916686603654382
    ],
    "headline_friendly_bonus": 2.1213103900166566,
    "headline_ops_scale": 0.7808527542333508,
    "influence_mode_bonus": 5.940958572138579,
    "late_region_weights": [
      1.035642762714084,
      1.0655804480261613,
      1.016605815396152,
      1.0480274281510074,
      1.1510295705774538,
      1.1786732696859303,
      0.8870730992534739
    ],
    "mid_region_weights": [
      0.9064371952889764,
      0.9606336228597815,
      0.9587527133219964,
      0.7938087743731334,
      1.1517951531726103,
      1.3639561452726199,
      0.7854289941078881
    ],
    "ops_card_penalty": 0.13174293079699126,
    "realign_base_penalty": -3.8398314906618523,
    "realign_country_scale": 0.5435036217735827,
    "realign_defcon2_bonus": 2.324432869548614,
    "realign_mode_bonus": -1.2122212261538043,
    "space_early_bonus": 0.9892859833496103,
    "space_mode_bonus": 0.9494455130487787,
    "space_offside_bonus": 2.300577045543608,
    "space_when_behind_bonus": 1.8626957559644168
  },
  "proxy_score": 0.8145161290322581,
  "snapshot_id": "candidate_0072",
  "source": "random_proxy_search",
  "speed_penalty": 0.490790761560737
}
