{
  "created_process_s": 0.272902491,
  "created_wall_s": 5.375305173991364,
  "label": "random_37",
  "objective": 0.8467741935483871,
  "paired_score": 0.0,
  "params": {
    "access_bonus": 1.5017845535843577,
    "china_asia_target_bonus": 1.666232794190139,
    "china_early_penalty": -2.4900560743063127,
    "control_break_bonus": 5.143610721555214,
    "country_battleground_bonus": 7.385751135241448,
    "country_europe_core_bonus": 2.112113690038372,
    "country_mid_war_entry_bonus": 2.0891404516928564,
    "country_non_battleground_bonus": 0.9060682439791233,
    "country_region_scale": 5.57422402962341,
    "country_stability_scale": 0.6512579210879289,
    "country_thailand_early_bonus": 6.0525437281909396,
    "coup_battleground_bonus": 2.722784162004892,
    "coup_defcon2_penalty": -8.220754450514358,
    "coup_defcon3_penalty": -2.6160800377327726,
    "coup_mode_bonus": 3.8298125390397875,
    "early_region_weights": [
      0.7519214316591263,
      1.290262682620067,
      1.2514961328814418,
      0.6376982907684237,
      0.4615705547512382,
      0.6814655075584537,
      1.2285635056201454
    ],
    "headline_friendly_bonus": 2.032328723186496,
    "headline_ops_scale": 0.7700345273032292,
    "influence_mode_bonus": 5.589152599006516,
    "late_region_weights": [
      1.2443786628782736,
      0.9709544589708711,
      0.8326456070663748,
      1.0432035821766041,
      1.00735065931068,
      0.9721117970000169,
      0.7961696087841459
    ],
    "mid_region_weights": [
      1.0086849267721452,
      1.040449866304247,
      0.985273794267632,
      0.8748289254338444,
      1.1467022385493533,
      1.3171865021043985,
      0.9466324391596
    ],
    "ops_card_penalty": 0.1275460035346574,
    "realign_base_penalty": -3.830110605432642,
    "realign_country_scale": 0.4842058826428063,
    "realign_defcon2_bonus": 2.086371670870106,
    "realign_mode_bonus": -0.9344915674356531,
    "space_early_bonus": 0.9275041210122184,
    "space_mode_bonus": 0.9422921552027445,
    "space_offside_bonus": 2.198074060310642,
    "space_when_behind_bonus": 2.005681360975164
  },
  "proxy_score": 0.8467741935483871,
  "snapshot_id": "candidate_0037",
  "source": "random_proxy_search",
  "speed_penalty": 0.0
}
