{
  "created_process_s": 0.284586547,
  "created_wall_s": 5.387058691994753,
  "label": "random_55",
  "objective": 0.799376480581734,
  "paired_score": 0.0,
  "params": {
    "access_bonus": 1.5749787123200454,
    "china_asia_target_bonus": 1.4107410397977473,
    "china_early_penalty": -2.7875058266425903,
    "control_break_bonus": 4.614545944023502,
    "country_battleground_bonus": 7.57196124505492,
    "country_europe_core_bonus": 1.9560586062027454,
    "country_mid_war_entry_bonus": 1.9436261911803667,
    "country_non_battleground_bonus": 0.9723725094004628,
    "country_region_scale": 4.989282796413007,
    "country_stability_scale": 0.5504967285971982,
    "country_thailand_early_bonus": 5.964420041450847,
    "coup_battleground_bonus": 2.162642081717794,
    "coup_defcon2_penalty": -8.302323278566359,
    "coup_defcon3_penalty": -2.715942919226455,
    "coup_mode_bonus": 3.546748456329066,
    "early_region_weights": [
      0.9841750570194381,
      1.394390570744166,
      1.2270189785341243,
      0.5139443811726938,
      0.7787752047344901,
      0.7281999273072495,
      1.078322257942795
    ],
    "headline_friendly_bonus": 2.2331962643964305,
    "headline_ops_scale": 0.8068134531920642,
    "influence_mode_bonus": 5.580946568142842,
    "late_region_weights": [
      0.9211837687205461,
      0.9728934718168811,
      0.9010932745933496,
      1.195050506143942,
      1.107255622191993,
      0.9832433611108449,
      0.8906423808011593
    ],
    "mid_region_weights": [
      1.0684107542941454,
      0.9651733536427707,
      1.007259845507867,
      1.0271325350785003,
      1.2037890016470807,
      1.2062455143016837,
      1.0429704430155509
    ],
    "ops_card_penalty": 0.14159807940286837,
    "realign_base_penalty": -3.95429655716816,
    "realign_country_scale": 0.6012632353443215,
    "realign_defcon2_bonus": 2.112625454058361,
    "realign_mode_bonus": -1.1946148626552184,
    "space_early_bonus": 0.8874163063890745,
    "space_mode_bonus": 0.9752496199562666,
    "space_offside_bonus": 1.8485012493047352,
    "space_when_behind_bonus": 1.985307044488606
  },
  "proxy_score": 0.8145161290322581,
  "snapshot_id": "candidate_0055",
  "source": "random_proxy_search",
  "speed_penalty": 0.1513964845052409
}
