{
  "created_process_s": 0.260179167,
  "created_wall_s": 5.362567674994352,
  "label": "random_15",
  "objective": 0.8384301021116217,
  "paired_score": 0.0,
  "params": {
    "access_bonus": 1.4110001530392666,
    "china_asia_target_bonus": 1.4520329680748625,
    "china_early_penalty": -2.366004461762225,
    "control_break_bonus": 4.754648101954199,
    "country_battleground_bonus": 6.874064188677567,
    "country_europe_core_bonus": 2.073774827617011,
    "country_mid_war_entry_bonus": 1.9269733782594143,
    "country_non_battleground_bonus": 1.087831774047274,
    "country_region_scale": 4.904672606462707,
    "country_stability_scale": 0.6646874319871509,
    "country_thailand_early_bonus": 6.034589865495977,
    "coup_battleground_bonus": 2.2167396368932915,
    "coup_defcon2_penalty": -7.6302055381191,
    "coup_defcon3_penalty": -2.462018686960856,
    "coup_mode_bonus": 3.419228674858428,
    "early_region_weights": [
      0.8176826591268438,
      1.1928692802622765,
      1.410097469623969,
      0.6508347300314599,
      0.4179693575404796,
      0.717664890809775,
      1.2278254238245683
    ],
    "headline_friendly_bonus": 1.8867611494266967,
    "headline_ops_scale": 0.7418680829555332,
    "influence_mode_bonus": 6.155189553879764,
    "late_region_weights": [
      1.0897089065187187,
      0.9817241336626551,
      1.0057348324666606,
      1.0417001194428253,
      1.1407581507867122,
      0.9957052563536674,
      0.6283293489398314
    ],
    "mid_region_weights": [
      0.9195716846716981,
      1.0333148712231315,
      1.0259382698149795,
      0.9278653463006419,
      1.2439904249640596,
      1.1744381411511722,
      0.7183458897387527
    ],
    "ops_card_penalty": 0.12505991031967398,
    "realign_base_penalty": -4.6258159458164245,
    "realign_country_scale": 0.47993360543599417,
    "realign_defcon2_bonus": 2.068630306885992,
    "realign_mode_bonus": -1.1981639111492897,
    "space_early_bonus": 0.8897645672079807,
    "space_mode_bonus": 1.3641032718816626,
    "space_offside_bonus": 1.7529908168120871,
    "space_when_behind_bonus": 2.043686955242573
  },
  "proxy_score": 0.8467741935483871,
  "snapshot_id": "candidate_0015",
  "source": "random_proxy_search",
  "speed_penalty": 0.08344091436765355
}
