{
  "created_process_s": 0.277534242,
  "created_wall_s": 5.379942992993165,
  "label": "random_44",
  "objective": 0.8404406022662738,
  "paired_score": 0.0,
  "params": {
    "access_bonus": 1.6830012287849165,
    "china_asia_target_bonus": 1.3892922621836066,
    "china_early_penalty": -2.2488262731352076,
    "control_break_bonus": 5.018840195992919,
    "country_battleground_bonus": 7.034992475925568,
    "country_europe_core_bonus": 2.0696961598583448,
    "country_mid_war_entry_bonus": 2.0857682456811255,
    "country_non_battleground_bonus": 1.1551301628042885,
    "country_region_scale": 5.1230452334271845,
    "country_stability_scale": 0.6772935599129905,
    "country_thailand_early_bonus": 5.987197068341043,
    "coup_battleground_bonus": 2.4804268194264196,
    "coup_defcon2_penalty": -8.367289640217447,
    "coup_defcon3_penalty": -2.6882017335248714,
    "coup_mode_bonus": 3.9505454029706293,
    "early_region_weights": [
      0.7572955503095685,
      1.3317397465292453,
      0.988252411560087,
      0.6904255786792444,
      0.6050959966760475,
      0.6044090924210319,
      1.1470120731102398
    ],
    "headline_friendly_bonus": 2.0697762785179252,
    "headline_ops_scale": 0.6583550219465972,
    "influence_mode_bonus": 5.838314228157642,
    "late_region_weights": [
      1.213895505657299,
      1.0428811840993801,
      1.0648278062808734,
      1.0462342989979605,
      1.0743431689662328,
      0.9440129908960995,
      0.6501851278044388
    ],
    "mid_region_weights": [
      1.007533936202702,
      1.1941737081273258,
      0.81327426233034,
      0.9816651908310261,
      1.1133816087576975,
      1.1373917870981858,
      0.7123906032106554
    ],
    "ops_card_penalty": 0.1724357309335235,
    "realign_base_penalty": -4.226542009063809,
    "realign_country_scale": 0.6137614847457119,
    "realign_defcon2_bonus": 2.135480955600551,
    "realign_mode_bonus": -1.0633292465676707,
    "space_early_bonus": 1.1422295761227936,
    "space_mode_bonus": 0.9897238690124441,
    "space_offside_bonus": 2.061231217572284,
    "space_when_behind_bonus": 2.1399207437244727
  },
  "proxy_score": 0.8467741935483871,
  "snapshot_id": "candidate_0044",
  "source": "random_proxy_search",
  "speed_penalty": 0.06333591282113282
}
