{
  "created_process_s": 0.316717909,
  "created_wall_s": 5.419227558988496,
  "label": "random_105",
  "objective": 0.8511145269802867,
  "paired_score": 0.0,
  "params": {
    "access_bonus": 1.3735076646187319,
    "china_asia_target_bonus": 1.637880754808656,
    "china_early_penalty": -2.4233160384096775,
    "control_break_bonus": 4.598189549469323,
    "country_battleground_bonus": 7.246201775630912,
    "country_europe_core_bonus": 1.8984834720788548,
    "country_mid_war_entry_bonus": 1.9509664798564958,
    "country_non_battleground_bonus": 1.2439298496553124,
    "country_region_scale": 5.321378688943586,
    "country_stability_scale": 0.6112488996145299,
    "country_thailand_early_bonus": 5.976037176723573,
    "coup_battleground_bonus": 2.7087083575016107,
    "coup_defcon2_penalty": -7.9127990992794945,
    "coup_defcon3_penalty": -2.646489402167612,
    "coup_mode_bonus": 3.3961174853185847,
    "early_region_weights": [
      0.9209468194321888,
      1.2664996675961766,
      1.1993429941068174,
      0.5273397688816814,
      0.5653386341227177,
      0.5274041089569185,
      1.1064612522077615
    ],
    "headline_friendly_bonus": 1.66403738203892,
    "headline_ops_scale": 0.7310844893298173,
    "influence_mode_bonus": 5.756529499510823,
    "late_region_weights": [
      1.0400546710844534,
      1.17278834356115,
      0.8250237789556704,
      0.9434229626449804,
      1.0872890449759247,
      0.9353682233646322,
      0.8540620658327477
    ],
    "mid_region_weights": [
      0.8668441670009797,
      1.0151360042535118,
      1.2141250127121384,
      0.8340828961769688,
      1.1022004677497133,
      1.0671820411603448,
      0.9667564468425431
    ],
    "ops_card_penalty": 0.1438984698757139,
    "realign_base_penalty": -3.8946838531122263,
    "realign_country_scale": 0.6210880329101341,
    "realign_defcon2_bonus": 1.9323682423557675,
    "realign_mode_bonus": -0.6346025484411089,
    "space_early_bonus": 0.9939618264263927,
    "space_mode_bonus": 0.8338908585809489,
    "space_offside_bonus": 2.043654880576531,
    "space_when_behind_bonus": 1.8953810709953698
  },
  "proxy_score": 0.8790322580645161,
  "snapshot_id": "candidate_0105",
  "source": "random_proxy_search",
  "speed_penalty": 0.27917731084229414
}
